test_id,grid_size,n,amo_scheme,solver_name,num_vars,num_aux_vars,num_clauses,result,solving_time_ms
1.1,16x16,4,pairwise,cadical195,4096,0,124050,SAT,0.3255
1.1,16x16,4,pairwise,glucose4,4096,0,124050,SAT,2.7551
1.1,16x16,4,pairwise,minisat22,4096,0,124050,SAT,3.76
1.1,16x16,4,pairwise,mergesat3,4096,0,124050,SAT,2.7339
1.1,16x16,4,pairwise,maplecm,4096,0,124050,SAT,3.8736
1.2,16x16,4,bitwise,cadical195,4096,4096,66706,SAT,0.1585
1.2,16x16,4,bitwise,glucose4,4096,4096,66706,SAT,1.4911
1.2,16x16,4,bitwise,minisat22,4096,4096,66706,SAT,0.851
1.2,16x16,4,bitwise,mergesat3,4096,4096,66706,SAT,1.4275
1.2,16x16,4,bitwise,maplecm,4096,4096,66706,SAT,2.6979
1.3,16x16,4,commander,cadical195,4096,9216,57490,SAT,0.1437
1.3,16x16,4,commander,glucose4,4096,9216,57490,SAT,1.5726
1.3,16x16,4,commander,minisat22,4096,9216,57490,SAT,1.0852
1.3,16x16,4,commander,mergesat3,4096,9216,57490,SAT,1.793
1.3,16x16,4,commander,maplecm,4096,9216,57490,SAT,3.0748
1.4,16x16,4,sequential,cadical195,4096,15360,46226,SAT,0.1934
1.4,16x16,4,sequential,glucose4,4096,15360,46226,SAT,1.1981
1.4,16x16,4,sequential,minisat22,4096,15360,46226,SAT,1.3164
1.4,16x16,4,sequential,mergesat3,4096,15360,46226,SAT,1.4989
1.4,16x16,4,sequential,maplecm,4096,15360,46226,SAT,3.7505
1.5,16x16,4,product,cadical195,4096,8192,46226,SAT,0.138
1.5,16x16,4,product,glucose4,4096,8192,46226,SAT,1.1083
1.5,16x16,4,product,minisat22,4096,8192,46226,SAT,0.8567
1.5,16x16,4,product,mergesat3,4096,8192,46226,SAT,1.3685
1.5,16x16,4,product,maplecm,4096,8192,46226,SAT,2.6248
2.1,16x16,4,pairwise,cadical195,4096,0,124032,SAT,0.0687
2.1,16x16,4,pairwise,glucose4,4096,0,124032,SAT,2.1083
2.1,16x16,4,pairwise,minisat22,4096,0,124032,SAT,1.5606
2.1,16x16,4,pairwise,mergesat3,4096,0,124032,SAT,2.276
2.1,16x16,4,pairwise,maplecm,4096,0,124032,SAT,3.6413
2.2,16x16,4,bitwise,cadical195,4096,4096,66688,SAT,0.1791
2.2,16x16,4,bitwise,glucose4,4096,4096,66688,SAT,1.2762
2.2,16x16,4,bitwise,minisat22,4096,4096,66688,SAT,0.8783
2.2,16x16,4,bitwise,mergesat3,4096,4096,66688,SAT,1.9718
2.2,16x16,4,bitwise,maplecm,4096,4096,66688,SAT,8.2974
2.3,16x16,4,commander,cadical195,4096,9216,57472,SAT,0.1236
2.3,16x16,4,commander,glucose4,4096,9216,57472,SAT,1.7132
2.3,16x16,4,commander,minisat22,4096,9216,57472,SAT,1.1756
2.3,16x16,4,commander,mergesat3,4096,9216,57472,SAT,1.7102
2.3,16x16,4,commander,maplecm,4096,9216,57472,SAT,7.9846
2.4,16x16,4,sequential,cadical195,4096,15360,46208,SAT,0.3471
2.4,16x16,4,sequential,glucose4,4096,15360,46208,SAT,1.6346
2.4,16x16,4,sequential,minisat22,4096,15360,46208,SAT,1.1603
2.4,16x16,4,sequential,mergesat3,4096,15360,46208,SAT,2.3792
2.4,16x16,4,sequential,maplecm,4096,15360,46208,SAT,15.969
2.5,16x16,4,product,cadical195,4096,8192,46208,SAT,0.1994
2.5,16x16,4,product,glucose4,4096,8192,46208,SAT,1.1163
2.5,16x16,4,product,minisat22,4096,8192,46208,SAT,0.8559
2.5,16x16,4,product,mergesat3,4096,8192,46208,SAT,1.2335
2.5,16x16,4,product,maplecm,4096,8192,46208,SAT,6.5592
3.1,16x16,4,pairwise,cadical195,4096,0,124040,SAT,0.0824
3.1,16x16,4,pairwise,glucose4,4096,0,124040,SAT,2.6564
3.1,16x16,4,pairwise,minisat22,4096,0,124040,SAT,1.2813
3.1,16x16,4,pairwise,mergesat3,4096,0,124040,SAT,2.1204
3.1,16x16,4,pairwise,maplecm,4096,0,124040,SAT,3.594
3.2,16x16,4,bitwise,cadical195,4096,4096,66696,SAT,0.1022
3.2,16x16,4,bitwise,glucose4,4096,4096,66696,SAT,1.3223
3.2,16x16,4,bitwise,minisat22,4096,4096,66696,SAT,0.8575
3.2,16x16,4,bitwise,mergesat3,4096,4096,66696,SAT,1.4191
3.2,16x16,4,bitwise,maplecm,4096,4096,66696,SAT,4.936
3.3,16x16,4,commander,cadical195,4096,9216,57480,SAT,0.1094
3.3,16x16,4,commander,glucose4,4096,9216,57480,SAT,1.6296
3.3,16x16,4,commander,minisat22,4096,9216,57480,SAT,1.0846
3.3,16x16,4,commander,mergesat3,4096,9216,57480,SAT,1.7498
3.3,16x16,4,commander,maplecm,4096,9216,57480,SAT,6.0752
3.4,16x16,4,sequential,cadical195,4096,15360,46216,SAT,0.3158
3.4,16x16,4,sequential,glucose4,4096,15360,46216,SAT,1.3299
3.4,16x16,4,sequential,minisat22,4096,15360,46216,SAT,0.9188
3.4,16x16,4,sequential,mergesat3,4096,15360,46216,SAT,1.8685
3.4,16x16,4,sequential,maplecm,4096,15360,46216,SAT,11.1056
3.5,16x16,4,product,cadical195,4096,8192,46216,SAT,0.1341
3.5,16x16,4,product,glucose4,4096,8192,46216,SAT,2.2012
3.5,16x16,4,product,minisat22,4096,8192,46216,SAT,0.8555
3.5,16x16,4,product,mergesat3,4096,8192,46216,SAT,2.0257
3.5,16x16,4,product,maplecm,4096,8192,46216,SAT,5.8047
4.1,16x16,4,pairwise,cadical195,4096,0,124040,SAT,0.8975
4.1,16x16,4,pairwise,glucose4,4096,0,124040,SAT,2.0505
4.1,16x16,4,pairwise,minisat22,4096,0,124040,SAT,2.9255
4.1,16x16,4,pairwise,mergesat3,4096,0,124040,SAT,2.4136
4.1,16x16,4,pairwise,maplecm,4096,0,124040,SAT,3.9078
4.2,16x16,4,bitwise,cadical195,4096,4096,66696,SAT,0.4464
4.2,16x16,4,bitwise,glucose4,4096,4096,66696,SAT,1.5602
4.2,16x16,4,bitwise,minisat22,4096,4096,66696,SAT,1.0822
4.2,16x16,4,bitwise,mergesat3,4096,4096,66696,SAT,1.7705
4.2,16x16,4,bitwise,maplecm,4096,4096,66696,SAT,5.2135
4.3,16x16,4,commander,cadical195,4096,9216,57480,SAT,0.4567
4.3,16x16,4,commander,glucose4,4096,9216,57480,SAT,1.6072
4.3,16x16,4,commander,minisat22,4096,9216,57480,SAT,1.3227
4.3,16x16,4,commander,mergesat3,4096,9216,57480,SAT,1.9557
4.3,16x16,4,commander,maplecm,4096,9216,57480,SAT,6.9553
4.4,16x16,4,sequential,cadical195,4096,15360,46216,SAT,0.5448
4.4,16x16,4,sequential,glucose4,4096,15360,46216,SAT,1.511
4.4,16x16,4,sequential,minisat22,4096,15360,46216,SAT,1.3015
4.4,16x16,4,sequential,mergesat3,4096,15360,46216,SAT,2.3299
4.4,16x16,4,sequential,maplecm,4096,15360,46216,SAT,10.8496
4.5,16x16,4,product,cadical195,4096,8192,46216,SAT,0.7096
4.5,16x16,4,product,glucose4,4096,8192,46216,SAT,1.3651
4.5,16x16,4,product,minisat22,4096,8192,46216,SAT,1.4341
4.5,16x16,4,product,mergesat3,4096,8192,46216,SAT,1.614
4.5,16x16,4,product,maplecm,4096,8192,46216,SAT,5.7621
5.1,16x16,4,pairwise,cadical195,4096,0,124038,SAT,0.1161
5.1,16x16,4,pairwise,glucose4,4096,0,124038,SAT,2.3332
5.1,16x16,4,pairwise,minisat22,4096,0,124038,SAT,1.2853
5.1,16x16,4,pairwise,mergesat3,4096,0,124038,SAT,2.0156
5.1,16x16,4,pairwise,maplecm,4096,0,124038,SAT,3.3905
5.2,16x16,4,bitwise,cadical195,4096,4096,66694,SAT,0.3103
5.2,16x16,4,bitwise,glucose4,4096,4096,66694,SAT,1.57
5.2,16x16,4,bitwise,minisat22,4096,4096,66694,SAT,0.9773
5.2,16x16,4,bitwise,mergesat3,4096,4096,66694,SAT,1.5513
5.2,16x16,4,bitwise,maplecm,4096,4096,66694,SAT,5.3102
5.3,16x16,4,commander,cadical195,4096,9216,57478,SAT,0.2291
5.3,16x16,4,commander,glucose4,4096,9216,57478,SAT,1.5225
5.3,16x16,4,commander,minisat22,4096,9216,57478,SAT,1.1336
5.3,16x16,4,commander,mergesat3,4096,9216,57478,SAT,1.7398
5.3,16x16,4,commander,maplecm,4096,9216,57478,SAT,6.3679
5.4,16x16,4,sequential,cadical195,4096,15360,46214,SAT,0.706
5.4,16x16,4,sequential,glucose4,4096,15360,46214,SAT,1.7133
5.4,16x16,4,sequential,minisat22,4096,15360,46214,SAT,1.1651
5.4,16x16,4,sequential,mergesat3,4096,15360,46214,SAT,3.3538
5.4,16x16,4,sequential,maplecm,4096,15360,46214,SAT,21.2144
5.5,16x16,4,product,cadical195,4096,8192,46214,SAT,0.787
5.5,16x16,4,product,glucose4,4096,8192,46214,SAT,1.8859
5.5,16x16,4,product,minisat22,4096,8192,46214,SAT,1.2751
5.5,16x16,4,product,mergesat3,4096,8192,46214,SAT,2.1322
5.5,16x16,4,product,maplecm,4096,8192,46214,SAT,8.6858
6.1,16x16,4,pairwise,cadical195,4096,0,124038,SAT,0.0625
6.1,16x16,4,pairwise,glucose4,4096,0,124038,SAT,3.8997
6.1,16x16,4,pairwise,minisat22,4096,0,124038,SAT,2.6721
6.1,16x16,4,pairwise,mergesat3,4096,0,124038,SAT,6.2199
6.1,16x16,4,pairwise,maplecm,4096,0,124038,SAT,7.315
6.2,16x16,4,bitwise,cadical195,4096,4096,66694,SAT,0.0694
6.2,16x16,4,bitwise,glucose4,4096,4096,66694,SAT,2.7328
6.2,16x16,4,bitwise,minisat22,4096,4096,66694,SAT,1.3236
6.2,16x16,4,bitwise,mergesat3,4096,4096,66694,SAT,1.6351
6.2,16x16,4,bitwise,maplecm,4096,4096,66694,SAT,4.0941
6.3,16x16,4,commander,cadical195,4096,9216,57478,SAT,0.1767
6.3,16x16,4,commander,glucose4,4096,9216,57478,SAT,1.7868
6.3,16x16,4,commander,minisat22,4096,9216,57478,SAT,1.0963
6.3,16x16,4,commander,mergesat3,4096,9216,57478,SAT,2.11
6.3,16x16,4,commander,maplecm,4096,9216,57478,SAT,3.4277
6.4,16x16,4,sequential,cadical195,4096,15360,46214,SAT,0.1797
6.4,16x16,4,sequential,glucose4,4096,15360,46214,SAT,1.599
6.4,16x16,4,sequential,minisat22,4096,15360,46214,SAT,1.6167
6.4,16x16,4,sequential,mergesat3,4096,15360,46214,SAT,2.0263
6.4,16x16,4,sequential,maplecm,4096,15360,46214,SAT,4.1306
6.5,16x16,4,product,cadical195,4096,8192,46214,SAT,0.1084
6.5,16x16,4,product,glucose4,4096,8192,46214,SAT,1.3196
6.5,16x16,4,product,minisat22,4096,8192,46214,SAT,1.1427
6.5,16x16,4,product,mergesat3,4096,8192,46214,SAT,1.5905
6.5,16x16,4,product,maplecm,4096,8192,46214,SAT,3.3017
7.1,16x16,4,pairwise,cadical195,4096,0,124056,SAT,0.103
7.1,16x16,4,pairwise,glucose4,4096,0,124056,SAT,2.9158
7.1,16x16,4,pairwise,minisat22,4096,0,124056,SAT,3.1864
7.1,16x16,4,pairwise,mergesat3,4096,0,124056,SAT,2.3484
7.1,16x16,4,pairwise,maplecm,4096,0,124056,SAT,4.3871
7.2,16x16,4,bitwise,cadical195,4096,4096,66712,SAT,0.0843
7.2,16x16,4,bitwise,glucose4,4096,4096,66712,SAT,1.6498
7.2,16x16,4,bitwise,minisat22,4096,4096,66712,SAT,1.0604
7.2,16x16,4,bitwise,mergesat3,4096,4096,66712,SAT,2.1066
7.2,16x16,4,bitwise,maplecm,4096,4096,66712,SAT,2.785
7.3,16x16,4,commander,cadical195,4096,9216,57496,SAT,0.0913
7.3,16x16,4,commander,glucose4,4096,9216,57496,SAT,1.7758
7.3,16x16,4,commander,minisat22,4096,9216,57496,SAT,1.163
7.3,16x16,4,commander,mergesat3,4096,9216,57496,SAT,1.8631
7.3,16x16,4,commander,maplecm,4096,9216,57496,SAT,2.5818
7.4,16x16,4,sequential,cadical195,4096,15360,46232,SAT,0.234
7.4,16x16,4,sequential,glucose4,4096,15360,46232,SAT,1.5264
7.4,16x16,4,sequential,minisat22,4096,15360,46232,SAT,1.0781
7.4,16x16,4,sequential,mergesat3,4096,15360,46232,SAT,2.1327
7.4,16x16,4,sequential,maplecm,4096,15360,46232,SAT,3.7296
7.5,16x16,4,product,cadical195,4096,8192,46232,SAT,0.137
7.5,16x16,4,product,glucose4,4096,8192,46232,SAT,1.1008
7.5,16x16,4,product,minisat22,4096,8192,46232,SAT,1.0948
7.5,16x16,4,product,mergesat3,4096,8192,46232,SAT,1.2719
7.5,16x16,4,product,maplecm,4096,8192,46232,SAT,2.2448
8.1,16x16,4,pairwise,cadical195,4096,0,124043,SAT,0.0755
8.1,16x16,4,pairwise,glucose4,4096,0,124043,SAT,2.994
8.1,16x16,4,pairwise,minisat22,4096,0,124043,SAT,1.7898
8.1,16x16,4,pairwise,mergesat3,4096,0,124043,SAT,8.3444
8.1,16x16,4,pairwise,maplecm,4096,0,124043,SAT,6.1201
8.2,16x16,4,bitwise,cadical195,4096,4096,66699,SAT,0.1119
8.2,16x16,4,bitwise,glucose4,4096,4096,66699,SAT,1.727
8.2,16x16,4,bitwise,minisat22,4096,4096,66699,SAT,1.1851
8.2,16x16,4,bitwise,mergesat3,4096,4096,66699,SAT,1.6105
8.2,16x16,4,bitwise,maplecm,4096,4096,66699,SAT,2.9025
8.3,16x16,4,commander,cadical195,4096,9216,57483,SAT,0.0888
8.3,16x16,4,commander,glucose4,4096,9216,57483,SAT,1.3916
8.3,16x16,4,commander,minisat22,4096,9216,57483,SAT,0.9892
8.3,16x16,4,commander,mergesat3,4096,9216,57483,SAT,1.9779
8.3,16x16,4,commander,maplecm,4096,9216,57483,SAT,4.1341
8.4,16x16,4,sequential,cadical195,4096,15360,46219,SAT,0.2521
8.4,16x16,4,sequential,glucose4,4096,15360,46219,SAT,1.8235
8.4,16x16,4,sequential,minisat22,4096,15360,46219,SAT,1.1755
8.4,16x16,4,sequential,mergesat3,4096,15360,46219,SAT,1.9405
8.4,16x16,4,sequential,maplecm,4096,15360,46219,SAT,5.776
8.5,16x16,4,product,cadical195,4096,8192,46219,SAT,0.1481
8.5,16x16,4,product,glucose4,4096,8192,46219,SAT,1.3366
8.5,16x16,4,product,minisat22,4096,8192,46219,SAT,0.7616
8.5,16x16,4,product,mergesat3,4096,8192,46219,SAT,1.1775
8.5,16x16,4,product,maplecm,4096,8192,46219,SAT,3.0006
9.1,16x16,4,pairwise,cadical195,4096,0,124043,SAT,0.0703
9.1,16x16,4,pairwise,glucose4,4096,0,124043,SAT,1.9798
9.1,16x16,4,pairwise,minisat22,4096,0,124043,SAT,2.3673
9.1,16x16,4,pairwise,mergesat3,4096,0,124043,SAT,1.9763
9.1,16x16,4,pairwise,maplecm,4096,0,124043,SAT,3.7268
9.2,16x16,4,bitwise,cadical195,4096,4096,66699,SAT,0.1312
9.2,16x16,4,bitwise,glucose4,4096,4096,66699,SAT,1.4061
9.2,16x16,4,bitwise,minisat22,4096,4096,66699,SAT,1.0018
9.2,16x16,4,bitwise,mergesat3,4096,4096,66699,SAT,1.892
9.2,16x16,4,bitwise,maplecm,4096,4096,66699,SAT,9.2304
9.3,16x16,4,commander,cadical195,4096,9216,57483,SAT,0.1763
9.3,16x16,4,commander,glucose4,4096,9216,57483,SAT,1.5732
9.3,16x16,4,commander,minisat22,4096,9216,57483,SAT,1.3815
9.3,16x16,4,commander,mergesat3,4096,9216,57483,SAT,1.9682
9.3,16x16,4,commander,maplecm,4096,9216,57483,SAT,12.6701
9.4,16x16,4,sequential,cadical195,4096,15360,46219,SAT,0.3471
9.4,16x16,4,sequential,glucose4,4096,15360,46219,SAT,1.5643
9.4,16x16,4,sequential,minisat22,4096,15360,46219,SAT,1.0428
9.4,16x16,4,sequential,mergesat3,4096,15360,46219,SAT,1.8128
9.4,16x16,4,sequential,maplecm,4096,15360,46219,SAT,28.6962
9.5,16x16,4,product,cadical195,4096,8192,46219,SAT,0.1799
9.5,16x16,4,product,glucose4,4096,8192,46219,SAT,1.337
9.5,16x16,4,product,minisat22,4096,8192,46219,SAT,0.971
9.5,16x16,4,product,mergesat3,4096,8192,46219,SAT,1.5543
9.5,16x16,4,product,maplecm,4096,8192,46219,SAT,12.5369
10.1,16x16,4,pairwise,cadical195,4096,0,124040,SAT,0.1888
10.1,16x16,4,pairwise,glucose4,4096,0,124040,SAT,2.177
10.1,16x16,4,pairwise,minisat22,4096,0,124040,SAT,1.2758
10.1,16x16,4,pairwise,mergesat3,4096,0,124040,SAT,2.1395
10.1,16x16,4,pairwise,maplecm,4096,0,124040,SAT,3.0159
10.2,16x16,4,bitwise,cadical195,4096,4096,66696,SAT,0.1311
10.2,16x16,4,bitwise,glucose4,4096,4096,66696,SAT,1.2856
10.2,16x16,4,bitwise,minisat22,4096,4096,66696,SAT,0.783
10.2,16x16,4,bitwise,mergesat3,4096,4096,66696,SAT,1.4815
10.2,16x16,4,bitwise,maplecm,4096,4096,66696,SAT,2.1108
10.3,16x16,4,commander,cadical195,4096,9216,57480,SAT,0.1211
10.3,16x16,4,commander,glucose4,4096,9216,57480,SAT,1.4405
10.3,16x16,4,commander,minisat22,4096,9216,57480,SAT,0.954
10.3,16x16,4,commander,mergesat3,4096,9216,57480,SAT,1.5437
10.3,16x16,4,commander,maplecm,4096,9216,57480,SAT,2.2784
10.4,16x16,4,sequential,cadical195,4096,15360,46216,SAT,0.1696
10.4,16x16,4,sequential,glucose4,4096,15360,46216,SAT,1.2101
10.4,16x16,4,sequential,minisat22,4096,15360,46216,SAT,0.7811
10.4,16x16,4,sequential,mergesat3,4096,15360,46216,SAT,1.3764
10.4,16x16,4,sequential,maplecm,4096,15360,46216,SAT,2.7472
10.5,16x16,4,product,cadical195,4096,8192,46216,SAT,0.1506
10.5,16x16,4,product,glucose4,4096,8192,46216,SAT,1.4628
10.5,16x16,4,product,minisat22,4096,8192,46216,SAT,0.8916
10.5,16x16,4,product,mergesat3,4096,8192,46216,SAT,1.1588
10.5,16x16,4,product,maplecm,4096,8192,46216,SAT,1.7697
11.1,16x16,4,pairwise,cadical195,4096,0,124048,SAT,0.5547
11.1,16x16,4,pairwise,glucose4,4096,0,124048,SAT,1.9172
11.1,16x16,4,pairwise,minisat22,4096,0,124048,SAT,1.1416
11.1,16x16,4,pairwise,mergesat3,4096,0,124048,SAT,2.009
11.1,16x16,4,pairwise,maplecm,4096,0,124048,SAT,2.8754
11.2,16x16,4,bitwise,cadical195,4096,4096,66704,SAT,0.1972
11.2,16x16,4,bitwise,glucose4,4096,4096,66704,SAT,1.2457
11.2,16x16,4,bitwise,minisat22,4096,4096,66704,SAT,0.7935
11.2,16x16,4,bitwise,mergesat3,4096,4096,66704,SAT,1.4008
11.2,16x16,4,bitwise,maplecm,4096,4096,66704,SAT,2.702
11.3,16x16,4,commander,cadical195,4096,9216,57488,SAT,0.1829
11.3,16x16,4,commander,glucose4,4096,9216,57488,SAT,1.6596
11.3,16x16,4,commander,minisat22,4096,9216,57488,SAT,1.0686
11.3,16x16,4,commander,mergesat3,4096,9216,57488,SAT,1.6778
11.3,16x16,4,commander,maplecm,4096,9216,57488,SAT,2.6458
11.4,16x16,4,sequential,cadical195,4096,15360,46224,SAT,0.2137
11.4,16x16,4,sequential,glucose4,4096,15360,46224,SAT,1.06
11.4,16x16,4,sequential,minisat22,4096,15360,46224,SAT,0.806
11.4,16x16,4,sequential,mergesat3,4096,15360,46224,SAT,1.3851
11.4,16x16,4,sequential,maplecm,4096,15360,46224,SAT,2.9604
11.5,16x16,4,product,cadical195,4096,8192,46224,SAT,0.1542
11.5,16x16,4,product,glucose4,4096,8192,46224,SAT,1.1182
11.5,16x16,4,product,minisat22,4096,8192,46224,SAT,0.7037
11.5,16x16,4,product,mergesat3,4096,8192,46224,SAT,1.0975
11.5,16x16,4,product,maplecm,4096,8192,46224,SAT,2.244
12.1,16x16,4,pairwise,cadical195,4096,0,124032,SAT,0.084
12.1,16x16,4,pairwise,glucose4,4096,0,124032,SAT,1.9757
12.1,16x16,4,pairwise,minisat22,4096,0,124032,SAT,1.2452
12.1,16x16,4,pairwise,mergesat3,4096,0,124032,SAT,1.9917
12.1,16x16,4,pairwise,maplecm,4096,0,124032,SAT,6.2214
12.2,16x16,4,bitwise,cadical195,4096,4096,66688,SAT,0.1598
12.2,16x16,4,bitwise,glucose4,4096,4096,66688,SAT,1.3804
12.2,16x16,4,bitwise,minisat22,4096,4096,66688,SAT,0.8871
12.2,16x16,4,bitwise,mergesat3,4096,4096,66688,SAT,2.4521
12.2,16x16,4,bitwise,maplecm,4096,4096,66688,SAT,5.6427
12.3,16x16,4,commander,cadical195,4096,9216,57472,SAT,0.1527
12.3,16x16,4,commander,glucose4,4096,9216,57472,SAT,1.8283
12.3,16x16,4,commander,minisat22,4096,9216,57472,SAT,1.214
12.3,16x16,4,commander,mergesat3,4096,9216,57472,SAT,1.9249
12.3,16x16,4,commander,maplecm,4096,9216,57472,SAT,7.8076
12.4,16x16,4,sequential,cadical195,4096,15360,46208,SAT,0.3918
12.4,16x16,4,sequential,glucose4,4096,15360,46208,SAT,1.5548
12.4,16x16,4,sequential,minisat22,4096,15360,46208,SAT,1.2407
12.4,16x16,4,sequential,mergesat3,4096,15360,46208,SAT,1.9142
12.4,16x16,4,sequential,maplecm,4096,15360,46208,SAT,13.2046
12.5,16x16,4,product,cadical195,4096,8192,46208,SAT,0.1884
12.5,16x16,4,product,glucose4,4096,8192,46208,SAT,1.1837
12.5,16x16,4,product,minisat22,4096,8192,46208,SAT,0.9452
12.5,16x16,4,product,mergesat3,4096,8192,46208,SAT,1.5149
12.5,16x16,4,product,maplecm,4096,8192,46208,SAT,7.0346
13.1,16x16,4,pairwise,cadical195,4096,0,124053,SAT,0.0818
13.1,16x16,4,pairwise,glucose4,4096,0,124053,SAT,2.2047
13.1,16x16,4,pairwise,minisat22,4096,0,124053,SAT,1.296
13.1,16x16,4,pairwise,mergesat3,4096,0,124053,SAT,2.2286
13.1,16x16,4,pairwise,maplecm,4096,0,124053,SAT,2.8355
13.2,16x16,4,bitwise,cadical195,4096,4096,66709,SAT,0.0762
13.2,16x16,4,bitwise,glucose4,4096,4096,66709,SAT,1.449
13.2,16x16,4,bitwise,minisat22,4096,4096,66709,SAT,0.8983
13.2,16x16,4,bitwise,mergesat3,4096,4096,66709,SAT,1.3461
13.2,16x16,4,bitwise,maplecm,4096,4096,66709,SAT,2.228
13.3,16x16,4,commander,cadical195,4096,9216,57493,SAT,0.0773
13.3,16x16,4,commander,glucose4,4096,9216,57493,SAT,1.4864
13.3,16x16,4,commander,minisat22,4096,9216,57493,SAT,0.97
13.3,16x16,4,commander,mergesat3,4096,9216,57493,SAT,1.7749
13.3,16x16,4,commander,maplecm,4096,9216,57493,SAT,2.2291
13.4,16x16,4,sequential,cadical195,4096,15360,46229,SAT,0.111
13.4,16x16,4,sequential,glucose4,4096,15360,46229,SAT,1.2133
13.4,16x16,4,sequential,minisat22,4096,15360,46229,SAT,0.8076
13.4,16x16,4,sequential,mergesat3,4096,15360,46229,SAT,1.4472
13.4,16x16,4,sequential,maplecm,4096,15360,46229,SAT,3.1797
13.5,16x16,4,product,cadical195,4096,8192,46229,SAT,0.0989
13.5,16x16,4,product,glucose4,4096,8192,46229,SAT,1.094
13.5,16x16,4,product,minisat22,4096,8192,46229,SAT,0.7124
13.5,16x16,4,product,mergesat3,4096,8192,46229,SAT,1.1008
13.5,16x16,4,product,maplecm,4096,8192,46229,SAT,1.6327
14.1,16x16,4,pairwise,cadical195,4096,0,124038,SAT,0.1274
14.1,16x16,4,pairwise,glucose4,4096,0,124038,SAT,2.1626
14.1,16x16,4,pairwise,minisat22,4096,0,124038,SAT,1.3354
14.1,16x16,4,pairwise,mergesat3,4096,0,124038,SAT,2.8531
14.1,16x16,4,pairwise,maplecm,4096,0,124038,SAT,3.3172
14.2,16x16,4,bitwise,cadical195,4096,4096,66694,SAT,0.1356
14.2,16x16,4,bitwise,glucose4,4096,4096,66694,SAT,1.4337
14.2,16x16,4,bitwise,minisat22,4096,4096,66694,SAT,1.0792
14.2,16x16,4,bitwise,mergesat3,4096,4096,66694,SAT,1.5863
14.2,16x16,4,bitwise,maplecm,4096,4096,66694,SAT,5.5879
14.3,16x16,4,commander,cadical195,4096,9216,57478,SAT,0.2421
14.3,16x16,4,commander,glucose4,4096,9216,57478,SAT,1.7463
14.3,16x16,4,commander,minisat22,4096,9216,57478,SAT,1.1034
14.3,16x16,4,commander,mergesat3,4096,9216,57478,SAT,1.8431
14.3,16x16,4,commander,maplecm,4096,9216,57478,SAT,5.2451
14.4,16x16,4,sequential,cadical195,4096,15360,46214,SAT,0.2963
14.4,16x16,4,sequential,glucose4,4096,15360,46214,SAT,1.3178
14.4,16x16,4,sequential,minisat22,4096,15360,46214,SAT,1.1989
14.4,16x16,4,sequential,mergesat3,4096,15360,46214,SAT,1.6851
14.4,16x16,4,sequential,maplecm,4096,15360,46214,SAT,9.3712
14.5,16x16,4,product,cadical195,4096,8192,46214,SAT,0.1612
14.5,16x16,4,product,glucose4,4096,8192,46214,SAT,1.0833
14.5,16x16,4,product,minisat22,4096,8192,46214,SAT,0.9998
14.5,16x16,4,product,mergesat3,4096,8192,46214,SAT,1.3675
14.5,16x16,4,product,maplecm,4096,8192,46214,SAT,4.4586
15.1,16x16,4,pairwise,cadical195,4096,0,124053,SAT,0.0491
15.1,16x16,4,pairwise,glucose4,4096,0,124053,SAT,2.5032
15.1,16x16,4,pairwise,minisat22,4096,0,124053,SAT,1.3165
15.1,16x16,4,pairwise,mergesat3,4096,0,124053,SAT,2.8979
15.1,16x16,4,pairwise,maplecm,4096,0,124053,SAT,3.1011
15.2,16x16,4,bitwise,cadical195,4096,4096,66709,SAT,0.0632
15.2,16x16,4,bitwise,glucose4,4096,4096,66709,SAT,1.9585
15.2,16x16,4,bitwise,minisat22,4096,4096,66709,SAT,0.7997
15.2,16x16,4,bitwise,mergesat3,4096,4096,66709,SAT,1.3851
15.2,16x16,4,bitwise,maplecm,4096,4096,66709,SAT,2.2278
15.3,16x16,4,commander,cadical195,4096,9216,57493,SAT,0.0562
15.3,16x16,4,commander,glucose4,4096,9216,57493,SAT,1.3932
15.3,16x16,4,commander,minisat22,4096,9216,57493,SAT,3.3164
15.3,16x16,4,commander,mergesat3,4096,9216,57493,SAT,1.6129
15.3,16x16,4,commander,maplecm,4096,9216,57493,SAT,2.4905
15.4,16x16,4,sequential,cadical195,4096,15360,46229,SAT,0.1435
15.4,16x16,4,sequential,glucose4,4096,15360,46229,SAT,1.1776
15.4,16x16,4,sequential,minisat22,4096,15360,46229,SAT,1.2329
15.4,16x16,4,sequential,mergesat3,4096,15360,46229,SAT,1.3829
15.4,16x16,4,sequential,maplecm,4096,15360,46229,SAT,2.9531
15.5,16x16,4,product,cadical195,4096,8192,46229,SAT,0.0571
15.5,16x16,4,product,glucose4,4096,8192,46229,SAT,1.0348
15.5,16x16,4,product,minisat22,4096,8192,46229,SAT,0.7208
15.5,16x16,4,product,mergesat3,4096,8192,46229,SAT,1.1328
15.5,16x16,4,product,maplecm,4096,8192,46229,SAT,1.7559
16.1,16x16,4,pairwise,cadical195,4096,0,124056,SAT,0.1816
16.1,16x16,4,pairwise,glucose4,4096,0,124056,SAT,3.4181
16.1,16x16,4,pairwise,minisat22,4096,0,124056,SAT,1.1398
16.1,16x16,4,pairwise,mergesat3,4096,0,124056,SAT,1.9644
16.1,16x16,4,pairwise,maplecm,4096,0,124056,SAT,2.9452
16.2,16x16,4,bitwise,cadical195,4096,4096,66712,SAT,0.1087
16.2,16x16,4,bitwise,glucose4,4096,4096,66712,SAT,1.4187
16.2,16x16,4,bitwise,minisat22,4096,4096,66712,SAT,0.8214
16.2,16x16,4,bitwise,mergesat3,4096,4096,66712,SAT,1.3393
16.2,16x16,4,bitwise,maplecm,4096,4096,66712,SAT,2.0638
16.3,16x16,4,commander,cadical195,4096,9216,57496,SAT,0.1023
16.3,16x16,4,commander,glucose4,4096,9216,57496,SAT,1.4806
16.3,16x16,4,commander,minisat22,4096,9216,57496,SAT,0.9641
16.3,16x16,4,commander,mergesat3,4096,9216,57496,SAT,1.6699
16.3,16x16,4,commander,maplecm,4096,9216,57496,SAT,1.8293
16.4,16x16,4,sequential,cadical195,4096,15360,46232,SAT,0.1171
16.4,16x16,4,sequential,glucose4,4096,15360,46232,SAT,1.0859
16.4,16x16,4,sequential,minisat22,4096,15360,46232,SAT,0.7509
16.4,16x16,4,sequential,mergesat3,4096,15360,46232,SAT,1.2776
16.4,16x16,4,sequential,maplecm,4096,15360,46232,SAT,2.0117
16.5,16x16,4,product,cadical195,4096,8192,46232,SAT,0.0976
16.5,16x16,4,product,glucose4,4096,8192,46232,SAT,1.0559
16.5,16x16,4,product,minisat22,4096,8192,46232,SAT,0.7548
16.5,16x16,4,product,mergesat3,4096,8192,46232,SAT,1.1928
16.5,16x16,4,product,maplecm,4096,8192,46232,SAT,1.6488
17.1,16x16,4,pairwise,cadical195,4096,0,124056,SAT,0.1128
17.1,16x16,4,pairwise,glucose4,4096,0,124056,SAT,1.9014
17.1,16x16,4,pairwise,minisat22,4096,0,124056,SAT,1.1881
17.1,16x16,4,pairwise,mergesat3,4096,0,124056,SAT,2.2472
17.1,16x16,4,pairwise,maplecm,4096,0,124056,SAT,3.196
17.2,16x16,4,bitwise,cadical195,4096,4096,66712,SAT,0.1059
17.2,16x16,4,bitwise,glucose4,4096,4096,66712,SAT,2.1942
17.2,16x16,4,bitwise,minisat22,4096,4096,66712,SAT,0.8313
17.2,16x16,4,bitwise,mergesat3,4096,4096,66712,SAT,1.4124
17.2,16x16,4,bitwise,maplecm,4096,4096,66712,SAT,3.9105
17.3,16x16,4,commander,cadical195,4096,9216,57496,SAT,0.1079
17.3,16x16,4,commander,glucose4,4096,9216,57496,SAT,1.4309
17.3,16x16,4,commander,minisat22,4096,9216,57496,SAT,0.9735
17.3,16x16,4,commander,mergesat3,4096,9216,57496,SAT,1.8235
17.3,16x16,4,commander,maplecm,4096,9216,57496,SAT,4.4854
17.4,16x16,4,sequential,cadical195,4096,15360,46232,SAT,0.1729
17.4,16x16,4,sequential,glucose4,4096,15360,46232,SAT,1.2626
17.4,16x16,4,sequential,minisat22,4096,15360,46232,SAT,0.8596
17.4,16x16,4,sequential,mergesat3,4096,15360,46232,SAT,1.3714
17.4,16x16,4,sequential,maplecm,4096,15360,46232,SAT,9.4957
17.5,16x16,4,product,cadical195,4096,8192,46232,SAT,0.1812
17.5,16x16,4,product,glucose4,4096,8192,46232,SAT,1.0341
17.5,16x16,4,product,minisat22,4096,8192,46232,SAT,1.1205
17.5,16x16,4,product,mergesat3,4096,8192,46232,SAT,1.1316
17.5,16x16,4,product,maplecm,4096,8192,46232,SAT,4.3357
18.1,16x16,4,pairwise,cadical195,4096,0,124035,SAT,0.1374
18.1,16x16,4,pairwise,glucose4,4096,0,124035,SAT,1.9911
18.1,16x16,4,pairwise,minisat22,4096,0,124035,SAT,1.8205
18.1,16x16,4,pairwise,mergesat3,4096,0,124035,SAT,2.086
18.1,16x16,4,pairwise,maplecm,4096,0,124035,SAT,5.0171
18.2,16x16,4,bitwise,cadical195,4096,4096,66691,SAT,0.2227
18.2,16x16,4,bitwise,glucose4,4096,4096,66691,SAT,6.905
18.2,16x16,4,bitwise,minisat22,4096,4096,66691,SAT,1.2459
18.2,16x16,4,bitwise,mergesat3,4096,4096,66691,SAT,46.7217
18.2,16x16,4,bitwise,maplecm,4096,4096,66691,SAT,17.0568
18.3,16x16,4,commander,cadical195,4096,9216,57475,SAT,0.4333
18.3,16x16,4,commander,glucose4,4096,9216,57475,SAT,2.0301
18.3,16x16,4,commander,minisat22,4096,9216,57475,SAT,2.1068
18.3,16x16,4,commander,mergesat3,4096,9216,57475,SAT,3.2584
18.3,16x16,4,commander,maplecm,4096,9216,57475,SAT,21.5078
18.4,16x16,4,sequential,cadical195,4096,15360,46211,SAT,0.7804
18.4,16x16,4,sequential,glucose4,4096,15360,46211,SAT,2.0668
18.4,16x16,4,sequential,minisat22,4096,15360,46211,SAT,1.3949
18.4,16x16,4,sequential,mergesat3,4096,15360,46211,SAT,1.937
18.4,16x16,4,sequential,maplecm,4096,15360,46211,SAT,34.2217
18.5,16x16,4,product,cadical195,4096,8192,46211,SAT,0.4271
18.5,16x16,4,product,glucose4,4096,8192,46211,SAT,1.4629
18.5,16x16,4,product,minisat22,4096,8192,46211,SAT,1.0117
18.5,16x16,4,product,mergesat3,4096,8192,46211,SAT,1.582
18.5,16x16,4,product,maplecm,4096,8192,46211,SAT,16.863
19.1,16x16,4,pairwise,cadical195,4096,0,124058,SAT,0.0453
19.1,16x16,4,pairwise,glucose4,4096,0,124058,SAT,2.1419
19.1,16x16,4,pairwise,minisat22,4096,0,124058,SAT,1.4516
19.1,16x16,4,pairwise,mergesat3,4096,0,124058,SAT,2.4467
19.1,16x16,4,pairwise,maplecm,4096,0,124058,SAT,3.0315
19.2,16x16,4,bitwise,cadical195,4096,4096,66714,SAT,0.0625
19.2,16x16,4,bitwise,glucose4,4096,4096,66714,SAT,1.3179
19.2,16x16,4,bitwise,minisat22,4096,4096,66714,SAT,0.9699
19.2,16x16,4,bitwise,mergesat3,4096,4096,66714,SAT,1.384
19.2,16x16,4,bitwise,maplecm,4096,4096,66714,SAT,2.9892
19.3,16x16,4,commander,cadical195,4096,9216,57498,SAT,0.1029
19.3,16x16,4,commander,glucose4,4096,9216,57498,SAT,1.8278
19.3,16x16,4,commander,minisat22,4096,9216,57498,SAT,1.0784
19.3,16x16,4,commander,mergesat3,4096,9216,57498,SAT,1.6898
19.3,16x16,4,commander,maplecm,4096,9216,57498,SAT,3.4221
19.4,16x16,4,sequential,cadical195,4096,15360,46234,SAT,0.2093
19.4,16x16,4,sequential,glucose4,4096,15360,46234,SAT,1.2617
19.4,16x16,4,sequential,minisat22,4096,15360,46234,SAT,1.1163
19.4,16x16,4,sequential,mergesat3,4096,15360,46234,SAT,1.4776
19.4,16x16,4,sequential,maplecm,4096,15360,46234,SAT,7.5679
19.5,16x16,4,product,cadical195,4096,8192,46234,SAT,0.0921
19.5,16x16,4,product,glucose4,4096,8192,46234,SAT,1.3765
19.5,16x16,4,product,minisat22,4096,8192,46234,SAT,0.8547
19.5,16x16,4,product,mergesat3,4096,8192,46234,SAT,1.3615
19.5,16x16,4,product,maplecm,4096,8192,46234,SAT,3.2177
20.1,16x16,4,pairwise,cadical195,4096,0,124050,SAT,0.1592
20.1,16x16,4,pairwise,glucose4,4096,0,124050,SAT,2.356
20.1,16x16,4,pairwise,minisat22,4096,0,124050,SAT,1.4291
20.1,16x16,4,pairwise,mergesat3,4096,0,124050,SAT,2.2925
20.1,16x16,4,pairwise,maplecm,4096,0,124050,SAT,5.3087
20.2,16x16,4,bitwise,cadical195,4096,4096,66706,SAT,0.2443
20.2,16x16,4,bitwise,glucose4,4096,4096,66706,SAT,1.4089
20.2,16x16,4,bitwise,minisat22,4096,4096,66706,SAT,0.9831
20.2,16x16,4,bitwise,mergesat3,4096,4096,66706,SAT,1.3947
20.2,16x16,4,bitwise,maplecm,4096,4096,66706,SAT,5.2084
20.3,16x16,4,commander,cadical195,4096,9216,57490,SAT,0.1616
20.3,16x16,4,commander,glucose4,4096,9216,57490,SAT,1.7259
20.3,16x16,4,commander,minisat22,4096,9216,57490,SAT,2.0842
20.3,16x16,4,commander,mergesat3,4096,9216,57490,SAT,1.7854
20.3,16x16,4,commander,maplecm,4096,9216,57490,SAT,8.4371
20.4,16x16,4,sequential,cadical195,4096,15360,46226,SAT,0.2815
20.4,16x16,4,sequential,glucose4,4096,15360,46226,SAT,1.5333
20.4,16x16,4,sequential,minisat22,4096,15360,46226,SAT,0.9804
20.4,16x16,4,sequential,mergesat3,4096,15360,46226,SAT,2.128
20.4,16x16,4,sequential,maplecm,4096,15360,46226,SAT,14.2509
20.5,16x16,4,product,cadical195,4096,8192,46226,SAT,0.5997
20.5,16x16,4,product,glucose4,4096,8192,46226,SAT,5.3384
20.5,16x16,4,product,minisat22,4096,8192,46226,SAT,1.4775
20.5,16x16,4,product,mergesat3,4096,8192,46226,SAT,1.4296
20.5,16x16,4,product,maplecm,4096,8192,46226,SAT,5.1966
21.1,16x16,4,pairwise,cadical195,4096,0,124040,SAT,0.0864
21.1,16x16,4,pairwise,glucose4,4096,0,124040,SAT,3.9055
21.1,16x16,4,pairwise,minisat22,4096,0,124040,SAT,2.0104
21.1,16x16,4,pairwise,mergesat3,4096,0,124040,SAT,3.1041
21.1,16x16,4,pairwise,maplecm,4096,0,124040,SAT,3.404
21.2,16x16,4,bitwise,cadical195,4096,4096,66696,SAT,0.1802
21.2,16x16,4,bitwise,glucose4,4096,4096,66696,SAT,2.9297
21.2,16x16,4,bitwise,minisat22,4096,4096,66696,SAT,1.7335
21.2,16x16,4,bitwise,mergesat3,4096,4096,66696,SAT,3.9288
21.2,16x16,4,bitwise,maplecm,4096,4096,66696,SAT,3.4277
21.3,16x16,4,commander,cadical195,4096,9216,57480,SAT,0.1374
21.3,16x16,4,commander,glucose4,4096,9216,57480,SAT,5.7069
21.3,16x16,4,commander,minisat22,4096,9216,57480,SAT,7.1255
21.3,16x16,4,commander,mergesat3,4096,9216,57480,SAT,2.6804
21.3,16x16,4,commander,maplecm,4096,9216,57480,SAT,4.4793
21.4,16x16,4,sequential,cadical195,4096,15360,46216,SAT,0.4322
21.4,16x16,4,sequential,glucose4,4096,15360,46216,SAT,1.8324
21.4,16x16,4,sequential,minisat22,4096,15360,46216,SAT,1.6057
21.4,16x16,4,sequential,mergesat3,4096,15360,46216,SAT,2.8839
21.4,16x16,4,sequential,maplecm,4096,15360,46216,SAT,5.4849
21.5,16x16,4,product,cadical195,4096,8192,46216,SAT,0.3552
21.5,16x16,4,product,glucose4,4096,8192,46216,SAT,1.8151
21.5,16x16,4,product,minisat22,4096,8192,46216,SAT,1.7362
21.5,16x16,4,product,mergesat3,4096,8192,46216,SAT,2.196
21.5,16x16,4,product,maplecm,4096,8192,46216,SAT,3.8542
22.1,16x16,4,pairwise,cadical195,4096,0,124050,SAT,1.5245
22.1,16x16,4,pairwise,glucose4,4096,0,124050,SAT,2.1441
22.1,16x16,4,pairwise,minisat22,4096,0,124050,SAT,1.5258
22.1,16x16,4,pairwise,mergesat3,4096,0,124050,SAT,4.1861
22.1,16x16,4,pairwise,maplecm,4096,0,124050,SAT,3.4171
22.2,16x16,4,bitwise,cadical195,4096,4096,66706,SAT,0.6325
22.2,16x16,4,bitwise,glucose4,4096,4096,66706,SAT,1.7414
22.2,16x16,4,bitwise,minisat22,4096,4096,66706,SAT,0.8523
22.2,16x16,4,bitwise,mergesat3,4096,4096,66706,SAT,1.3424
22.2,16x16,4,bitwise,maplecm,4096,4096,66706,SAT,1.2581
22.3,16x16,4,commander,cadical195,4096,9216,57490,SAT,0.8898
22.3,16x16,4,commander,glucose4,4096,9216,57490,SAT,1.3922
22.3,16x16,4,commander,minisat22,4096,9216,57490,SAT,0.9273
22.3,16x16,4,commander,mergesat3,4096,9216,57490,SAT,1.7109
22.3,16x16,4,commander,maplecm,4096,9216,57490,SAT,1.6182
22.4,16x16,4,sequential,cadical195,4096,15360,46226,SAT,0.4365
22.4,16x16,4,sequential,glucose4,4096,15360,46226,SAT,1.215
22.4,16x16,4,sequential,minisat22,4096,15360,46226,SAT,0.8853
22.4,16x16,4,sequential,mergesat3,4096,15360,46226,SAT,1.3536
22.4,16x16,4,sequential,maplecm,4096,15360,46226,SAT,1.9724
22.5,16x16,4,product,cadical195,4096,8192,46226,SAT,0.7364
22.5,16x16,4,product,glucose4,4096,8192,46226,SAT,2.3854
22.5,16x16,4,product,minisat22,4096,8192,46226,SAT,0.864
22.5,16x16,4,product,mergesat3,4096,8192,46226,SAT,2.0669
22.5,16x16,4,product,maplecm,4096,8192,46226,SAT,1.0956
23.1,16x16,4,pairwise,cadical195,4096,0,124035,SAT,0.0616
23.1,16x16,4,pairwise,glucose4,4096,0,124035,SAT,2.0938
23.1,16x16,4,pairwise,minisat22,4096,0,124035,SAT,1.2809
23.1,16x16,4,pairwise,mergesat3,4096,0,124035,SAT,2.126
23.1,16x16,4,pairwise,maplecm,4096,0,124035,SAT,3.5018
23.2,16x16,4,bitwise,cadical195,4096,4096,66691,SAT,0.0943
23.2,16x16,4,bitwise,glucose4,4096,4096,66691,SAT,1.3643
23.2,16x16,4,bitwise,minisat22,4096,4096,66691,SAT,1.4231
23.2,16x16,4,bitwise,mergesat3,4096,4096,66691,SAT,1.3268
23.2,16x16,4,bitwise,maplecm,4096,4096,66691,SAT,3.8807
23.3,16x16,4,commander,cadical195,4096,9216,57475,SAT,0.1635
23.3,16x16,4,commander,glucose4,4096,9216,57475,SAT,2.1881
23.3,16x16,4,commander,minisat22,4096,9216,57475,SAT,1.081
23.3,16x16,4,commander,mergesat3,4096,9216,57475,SAT,1.8375
23.3,16x16,4,commander,maplecm,4096,9216,57475,SAT,5.4311
23.4,16x16,4,sequential,cadical195,4096,15360,46211,SAT,0.2535
23.4,16x16,4,sequential,glucose4,4096,15360,46211,SAT,1.4295
23.4,16x16,4,sequential,minisat22,4096,15360,46211,SAT,1.0158
23.4,16x16,4,sequential,mergesat3,4096,15360,46211,SAT,1.8026
23.4,16x16,4,sequential,maplecm,4096,15360,46211,SAT,7.4621
23.5,16x16,4,product,cadical195,4096,8192,46211,SAT,0.1226
23.5,16x16,4,product,glucose4,4096,8192,46211,SAT,1.1529
23.5,16x16,4,product,minisat22,4096,8192,46211,SAT,1.1223
23.5,16x16,4,product,mergesat3,4096,8192,46211,SAT,1.2887
23.5,16x16,4,product,maplecm,4096,8192,46211,SAT,4.4408
24.1,16x16,4,pairwise,cadical195,4096,0,124038,SAT,0.0754
24.1,16x16,4,pairwise,glucose4,4096,0,124038,SAT,2.0751
24.1,16x16,4,pairwise,minisat22,4096,0,124038,SAT,5.2116
24.1,16x16,4,pairwise,mergesat3,4096,0,124038,SAT,6.9584
24.1,16x16,4,pairwise,maplecm,4096,0,124038,SAT,9.3705
24.2,16x16,4,bitwise,cadical195,4096,4096,66694,SAT,0.3768
24.2,16x16,4,bitwise,glucose4,4096,4096,66694,SAT,5.6087
24.2,16x16,4,bitwise,minisat22,4096,4096,66694,SAT,3.0303
24.2,16x16,4,bitwise,mergesat3,4096,4096,66694,SAT,3.0743
24.2,16x16,4,bitwise,maplecm,4096,4096,66694,SAT,10.5068
24.3,16x16,4,commander,cadical195,4096,9216,57478,SAT,0.2685
24.3,16x16,4,commander,glucose4,4096,9216,57478,SAT,4.6714
24.3,16x16,4,commander,minisat22,4096,9216,57478,SAT,3.1914
24.3,16x16,4,commander,mergesat3,4096,9216,57478,SAT,1.8628
24.3,16x16,4,commander,maplecm,4096,9216,57478,SAT,4.2809
24.4,16x16,4,sequential,cadical195,4096,15360,46214,SAT,0.3065
24.4,16x16,4,sequential,glucose4,4096,15360,46214,SAT,2.0991
24.4,16x16,4,sequential,minisat22,4096,15360,46214,SAT,1.2173
24.4,16x16,4,sequential,mergesat3,4096,15360,46214,SAT,1.7338
24.4,16x16,4,sequential,maplecm,4096,15360,46214,SAT,6.4104
24.5,16x16,4,product,cadical195,4096,8192,46214,SAT,0.1086
24.5,16x16,4,product,glucose4,4096,8192,46214,SAT,1.1212
24.5,16x16,4,product,minisat22,4096,8192,46214,SAT,0.8962
24.5,16x16,4,product,mergesat3,4096,8192,46214,SAT,1.2191
24.5,16x16,4,product,maplecm,4096,8192,46214,SAT,3.3789
25.1,16x16,4,pairwise,cadical195,4096,0,124045,SAT,0.0363
25.1,16x16,4,pairwise,glucose4,4096,0,124045,SAT,1.9254
25.1,16x16,4,pairwise,minisat22,4096,0,124045,SAT,1.2435
25.1,16x16,4,pairwise,mergesat3,4096,0,124045,SAT,2.1215
25.1,16x16,4,pairwise,maplecm,4096,0,124045,SAT,3.0788
25.2,16x16,4,bitwise,cadical195,4096,4096,66701,SAT,0.0674
25.2,16x16,4,bitwise,glucose4,4096,4096,66701,SAT,1.463
25.2,16x16,4,bitwise,minisat22,4096,4096,66701,SAT,0.8653
25.2,16x16,4,bitwise,mergesat3,4096,4096,66701,SAT,1.3618
25.2,16x16,4,bitwise,maplecm,4096,4096,66701,SAT,2.744
25.3,16x16,4,commander,cadical195,4096,9216,57485,SAT,0.0812
25.3,16x16,4,commander,glucose4,4096,9216,57485,SAT,1.3289
25.3,16x16,4,commander,minisat22,4096,9216,57485,SAT,1.0155
25.3,16x16,4,commander,mergesat3,4096,9216,57485,SAT,2.8055
25.3,16x16,4,commander,maplecm,4096,9216,57485,SAT,3.2533
25.4,16x16,4,sequential,cadical195,4096,15360,46221,SAT,0.1628
25.4,16x16,4,sequential,glucose4,4096,15360,46221,SAT,1.2585
25.4,16x16,4,sequential,minisat22,4096,15360,46221,SAT,0.8788
25.4,16x16,4,sequential,mergesat3,4096,15360,46221,SAT,1.4769
25.4,16x16,4,sequential,maplecm,4096,15360,46221,SAT,4.7719
25.5,16x16,4,product,cadical195,4096,8192,46221,SAT,0.0885
25.5,16x16,4,product,glucose4,4096,8192,46221,SAT,1.5906
25.5,16x16,4,product,minisat22,4096,8192,46221,SAT,0.7849
25.5,16x16,4,product,mergesat3,4096,8192,46221,SAT,1.2584
25.5,16x16,4,product,maplecm,4096,8192,46221,SAT,2.6111
26.1,16x16,4,pairwise,cadical195,4096,0,124040,SAT,0.1444
26.1,16x16,4,pairwise,glucose4,4096,0,124040,SAT,3.2069
26.1,16x16,4,pairwise,minisat22,4096,0,124040,SAT,1.3041
26.1,16x16,4,pairwise,mergesat3,4096,0,124040,SAT,2.4773
26.1,16x16,4,pairwise,maplecm,4096,0,124040,SAT,4.7031
26.2,16x16,4,bitwise,cadical195,4096,4096,66696,SAT,0.1992
26.2,16x16,4,bitwise,glucose4,4096,4096,66696,SAT,2.5348
26.2,16x16,4,bitwise,minisat22,4096,4096,66696,SAT,1.5144
26.2,16x16,4,bitwise,mergesat3,4096,4096,66696,SAT,2.673
26.2,16x16,4,bitwise,maplecm,4096,4096,66696,SAT,3.271
26.3,16x16,4,commander,cadical195,4096,9216,57480,SAT,0.3667
26.3,16x16,4,commander,glucose4,4096,9216,57480,SAT,12.0112
26.3,16x16,4,commander,minisat22,4096,9216,57480,SAT,3.3609
26.3,16x16,4,commander,mergesat3,4096,9216,57480,SAT,3.2799
26.3,16x16,4,commander,maplecm,4096,9216,57480,SAT,3.7457
26.4,16x16,4,sequential,cadical195,4096,15360,46216,SAT,0.2325
26.4,16x16,4,sequential,glucose4,4096,15360,46216,SAT,2.9231
26.4,16x16,4,sequential,minisat22,4096,15360,46216,SAT,1.4444
26.4,16x16,4,sequential,mergesat3,4096,15360,46216,SAT,3.1094
26.4,16x16,4,sequential,maplecm,4096,15360,46216,SAT,11.2895
26.5,16x16,4,product,cadical195,4096,8192,46216,SAT,0.7737
26.5,16x16,4,product,glucose4,4096,8192,46216,SAT,4.3941
26.5,16x16,4,product,minisat22,4096,8192,46216,SAT,3.0033
26.5,16x16,4,product,mergesat3,4096,8192,46216,SAT,2.3442
26.5,16x16,4,product,maplecm,4096,8192,46216,SAT,8.884
27.1,16x16,4,pairwise,cadical195,4096,0,124038,SAT,0.0757
27.1,16x16,4,pairwise,glucose4,4096,0,124038,SAT,6.7327
27.1,16x16,4,pairwise,minisat22,4096,0,124038,SAT,2.4128
27.1,16x16,4,pairwise,mergesat3,4096,0,124038,SAT,2.3352
27.1,16x16,4,pairwise,maplecm,4096,0,124038,SAT,3.8409
27.2,16x16,4,bitwise,cadical195,4096,4096,66694,SAT,0.1053
27.2,16x16,4,bitwise,glucose4,4096,4096,66694,SAT,3.9514
27.2,16x16,4,bitwise,minisat22,4096,4096,66694,SAT,1.335
27.2,16x16,4,bitwise,mergesat3,4096,4096,66694,SAT,1.7536
27.2,16x16,4,bitwise,maplecm,4096,4096,66694,SAT,4.4158
27.3,16x16,4,commander,cadical195,4096,9216,57478,SAT,0.1328
27.3,16x16,4,commander,glucose4,4096,9216,57478,SAT,3.2178
27.3,16x16,4,commander,minisat22,4096,9216,57478,SAT,1.336
27.3,16x16,4,commander,mergesat3,4096,9216,57478,SAT,2.5657
27.3,16x16,4,commander,maplecm,4096,9216,57478,SAT,15.0728
27.4,16x16,4,sequential,cadical195,4096,15360,46214,SAT,0.8038
27.4,16x16,4,sequential,glucose4,4096,15360,46214,SAT,2.7438
27.4,16x16,4,sequential,minisat22,4096,15360,46214,SAT,1.8025
27.4,16x16,4,sequential,mergesat3,4096,15360,46214,SAT,3.4281
27.4,16x16,4,sequential,maplecm,4096,15360,46214,SAT,18.3342
27.5,16x16,4,product,cadical195,4096,8192,46214,SAT,0.2618
27.5,16x16,4,product,glucose4,4096,8192,46214,SAT,1.7167
27.5,16x16,4,product,minisat22,4096,8192,46214,SAT,1.3501
27.5,16x16,4,product,mergesat3,4096,8192,46214,SAT,4.5266
27.5,16x16,4,product,maplecm,4096,8192,46214,SAT,10.4317
28.1,16x16,4,pairwise,cadical195,4096,0,124040,SAT,0.341
28.1,16x16,4,pairwise,glucose4,4096,0,124040,SAT,2.1175
28.1,16x16,4,pairwise,minisat22,4096,0,124040,SAT,1.3775
28.1,16x16,4,pairwise,mergesat3,4096,0,124040,SAT,2.4141
28.1,16x16,4,pairwise,maplecm,4096,0,124040,SAT,4.3449
28.2,16x16,4,bitwise,cadical195,4096,4096,66696,SAT,0.179
28.2,16x16,4,bitwise,glucose4,4096,4096,66696,SAT,1.348
28.2,16x16,4,bitwise,minisat22,4096,4096,66696,SAT,0.9374
28.2,16x16,4,bitwise,mergesat3,4096,4096,66696,SAT,1.3928
28.2,16x16,4,bitwise,maplecm,4096,4096,66696,SAT,3.9949
28.3,16x16,4,commander,cadical195,4096,9216,57480,SAT,0.1991
28.3,16x16,4,commander,glucose4,4096,9216,57480,SAT,1.5464
28.3,16x16,4,commander,minisat22,4096,9216,57480,SAT,1.0292
28.3,16x16,4,commander,mergesat3,4096,9216,57480,SAT,1.6884
28.3,16x16,4,commander,maplecm,4096,9216,57480,SAT,5.4638
28.4,16x16,4,sequential,cadical195,4096,15360,46216,SAT,0.3101
28.4,16x16,4,sequential,glucose4,4096,15360,46216,SAT,1.2506
28.4,16x16,4,sequential,minisat22,4096,15360,46216,SAT,1.0019
28.4,16x16,4,sequential,mergesat3,4096,15360,46216,SAT,1.8513
28.4,16x16,4,sequential,maplecm,4096,15360,46216,SAT,7.3616
28.5,16x16,4,product,cadical195,4096,8192,46216,SAT,0.1612
28.5,16x16,4,product,glucose4,4096,8192,46216,SAT,1.2676
28.5,16x16,4,product,minisat22,4096,8192,46216,SAT,0.8231
28.5,16x16,4,product,mergesat3,4096,8192,46216,SAT,1.4825
28.5,16x16,4,product,maplecm,4096,8192,46216,SAT,4.1925
29.1,16x16,4,pairwise,cadical195,4096,0,124035,SAT,0.1302
29.1,16x16,4,pairwise,glucose4,4096,0,124035,SAT,2.0965
29.1,16x16,4,pairwise,minisat22,4096,0,124035,SAT,1.2468
29.1,16x16,4,pairwise,mergesat3,4096,0,124035,SAT,1.9385
29.1,16x16,4,pairwise,maplecm,4096,0,124035,SAT,3.1766
29.2,16x16,4,bitwise,cadical195,4096,4096,66691,SAT,0.124
29.2,16x16,4,bitwise,glucose4,4096,4096,66691,SAT,1.3528
29.2,16x16,4,bitwise,minisat22,4096,4096,66691,SAT,0.9019
29.2,16x16,4,bitwise,mergesat3,4096,4096,66691,SAT,1.4226
29.2,16x16,4,bitwise,maplecm,4096,4096,66691,SAT,5.948
29.3,16x16,4,commander,cadical195,4096,9216,57475,SAT,0.1376
29.3,16x16,4,commander,glucose4,4096,9216,57475,SAT,1.5148
29.3,16x16,4,commander,minisat22,4096,9216,57475,SAT,1.0582
29.3,16x16,4,commander,mergesat3,4096,9216,57475,SAT,2.2584
29.3,16x16,4,commander,maplecm,4096,9216,57475,SAT,5.6099
29.4,16x16,4,sequential,cadical195,4096,15360,46211,SAT,0.2668
29.4,16x16,4,sequential,glucose4,4096,15360,46211,SAT,1.2996
29.4,16x16,4,sequential,minisat22,4096,15360,46211,SAT,1.003
29.4,16x16,4,sequential,mergesat3,4096,15360,46211,SAT,1.5662
29.4,16x16,4,sequential,maplecm,4096,15360,46211,SAT,10.7754
29.5,16x16,4,product,cadical195,4096,8192,46211,SAT,0.1553
29.5,16x16,4,product,glucose4,4096,8192,46211,SAT,1.1862
29.5,16x16,4,product,minisat22,4096,8192,46211,SAT,0.8214
29.5,16x16,4,product,mergesat3,4096,8192,46211,SAT,1.4775
29.5,16x16,4,product,maplecm,4096,8192,46211,SAT,5.4472
30.1,16x16,4,pairwise,cadical195,4096,0,124050,SAT,0.2891
30.1,16x16,4,pairwise,glucose4,4096,0,124050,SAT,2.3705
30.1,16x16,4,pairwise,minisat22,4096,0,124050,SAT,1.9911
30.1,16x16,4,pairwise,mergesat3,4096,0,124050,SAT,2.3186
30.1,16x16,4,pairwise,maplecm,4096,0,124050,SAT,3.6126
30.2,16x16,4,bitwise,cadical195,4096,4096,66706,SAT,0.1416
30.2,16x16,4,bitwise,glucose4,4096,4096,66706,SAT,1.4062
30.2,16x16,4,bitwise,minisat22,4096,4096,66706,SAT,0.9213
30.2,16x16,4,bitwise,mergesat3,4096,4096,66706,SAT,1.763
30.2,16x16,4,bitwise,maplecm,4096,4096,66706,SAT,1.9948
30.3,16x16,4,commander,cadical195,4096,9216,57490,SAT,0.1463
30.3,16x16,4,commander,glucose4,4096,9216,57490,SAT,1.4762
30.3,16x16,4,commander,minisat22,4096,9216,57490,SAT,0.9718
30.3,16x16,4,commander,mergesat3,4096,9216,57490,SAT,1.665
30.3,16x16,4,commander,maplecm,4096,9216,57490,SAT,2.0549
30.4,16x16,4,sequential,cadical195,4096,15360,46226,SAT,0.1652
30.4,16x16,4,sequential,glucose4,4096,15360,46226,SAT,1.1687
30.4,16x16,4,sequential,minisat22,4096,15360,46226,SAT,0.8429
30.4,16x16,4,sequential,mergesat3,4096,15360,46226,SAT,1.3565
30.4,16x16,4,sequential,maplecm,4096,15360,46226,SAT,1.9848
30.5,16x16,4,product,cadical195,4096,8192,46226,SAT,0.1319
30.5,16x16,4,product,glucose4,4096,8192,46226,SAT,1.9138
30.5,16x16,4,product,minisat22,4096,8192,46226,SAT,0.9423
30.5,16x16,4,product,mergesat3,4096,8192,46226,SAT,1.1673
30.5,16x16,4,product,maplecm,4096,8192,46226,SAT,1.6846
31.1,16x16,4,pairwise,cadical195,4096,0,124043,SAT,0.3091
31.1,16x16,4,pairwise,glucose4,4096,0,124043,SAT,2.518
31.1,16x16,4,pairwise,minisat22,4096,0,124043,SAT,1.4445
31.1,16x16,4,pairwise,mergesat3,4096,0,124043,SAT,1.9841
31.1,16x16,4,pairwise,maplecm,4096,0,124043,SAT,3.2789
31.2,16x16,4,bitwise,cadical195,4096,4096,66699,SAT,0.1946
31.2,16x16,4,bitwise,glucose4,4096,4096,66699,SAT,1.7328
31.2,16x16,4,bitwise,minisat22,4096,4096,66699,SAT,1.0016
31.2,16x16,4,bitwise,mergesat3,4096,4096,66699,SAT,1.4181
31.2,16x16,4,bitwise,maplecm,4096,4096,66699,SAT,2.7981
31.3,16x16,4,commander,cadical195,4096,9216,57483,SAT,0.1723
31.3,16x16,4,commander,glucose4,4096,9216,57483,SAT,1.4549
31.3,16x16,4,commander,minisat22,4096,9216,57483,SAT,1.2757
31.3,16x16,4,commander,mergesat3,4096,9216,57483,SAT,1.6173
31.3,16x16,4,commander,maplecm,4096,9216,57483,SAT,2.9528
31.4,16x16,4,sequential,cadical195,4096,15360,46219,SAT,0.2275
31.4,16x16,4,sequential,glucose4,4096,15360,46219,SAT,1.5508
31.4,16x16,4,sequential,minisat22,4096,15360,46219,SAT,1.3718
31.4,16x16,4,sequential,mergesat3,4096,15360,46219,SAT,2.0582
31.4,16x16,4,sequential,maplecm,4096,15360,46219,SAT,4.5749
31.5,16x16,4,product,cadical195,4096,8192,46219,SAT,0.1349
31.5,16x16,4,product,glucose4,4096,8192,46219,SAT,1.0819
31.5,16x16,4,product,minisat22,4096,8192,46219,SAT,0.7473
31.5,16x16,4,product,mergesat3,4096,8192,46219,SAT,1.1986
31.5,16x16,4,product,maplecm,4096,8192,46219,SAT,2.6862
32.1,16x16,4,pairwise,cadical195,4096,0,124053,SAT,0.0406
32.1,16x16,4,pairwise,glucose4,4096,0,124053,SAT,2.1452
32.1,16x16,4,pairwise,minisat22,4096,0,124053,SAT,1.3179
32.1,16x16,4,pairwise,mergesat3,4096,0,124053,SAT,2.1687
32.1,16x16,4,pairwise,maplecm,4096,0,124053,SAT,4.0525
32.2,16x16,4,bitwise,cadical195,4096,4096,66709,SAT,0.0844
32.2,16x16,4,bitwise,glucose4,4096,4096,66709,SAT,1.3362
32.2,16x16,4,bitwise,minisat22,4096,4096,66709,SAT,0.8588
32.2,16x16,4,bitwise,mergesat3,4096,4096,66709,SAT,1.3069
32.2,16x16,4,bitwise,maplecm,4096,4096,66709,SAT,2.501
32.3,16x16,4,commander,cadical195,4096,9216,57493,SAT,0.0638
32.3,16x16,4,commander,glucose4,4096,9216,57493,SAT,1.4101
32.3,16x16,4,commander,minisat22,4096,9216,57493,SAT,1.0036
32.3,16x16,4,commander,mergesat3,4096,9216,57493,SAT,1.7478
32.3,16x16,4,commander,maplecm,4096,9216,57493,SAT,2.6091
32.4,16x16,4,sequential,cadical195,4096,15360,46229,SAT,0.1229
32.4,16x16,4,sequential,glucose4,4096,15360,46229,SAT,1.3384
32.4,16x16,4,sequential,minisat22,4096,15360,46229,SAT,0.8615
32.4,16x16,4,sequential,mergesat3,4096,15360,46229,SAT,1.4151
32.4,16x16,4,sequential,maplecm,4096,15360,46229,SAT,3.7056
32.5,16x16,4,product,cadical195,4096,8192,46229,SAT,0.0781
32.5,16x16,4,product,glucose4,4096,8192,46229,SAT,1.0118
32.5,16x16,4,product,minisat22,4096,8192,46229,SAT,0.7316
32.5,16x16,4,product,mergesat3,4096,8192,46229,SAT,1.2484
32.5,16x16,4,product,maplecm,4096,8192,46229,SAT,2.1417
33.1,16x16,4,pairwise,cadical195,4096,0,124058,SAT,0.4894
33.1,16x16,4,pairwise,glucose4,4096,0,124058,SAT,2.0242
33.1,16x16,4,pairwise,minisat22,4096,0,124058,SAT,1.4272
33.1,16x16,4,pairwise,mergesat3,4096,0,124058,SAT,2.0011
33.1,16x16,4,pairwise,maplecm,4096,0,124058,SAT,6.5279
33.2,16x16,4,bitwise,cadical195,4096,4096,66714,SAT,0.2081
33.2,16x16,4,bitwise,glucose4,4096,4096,66714,SAT,2.606
33.2,16x16,4,bitwise,minisat22,4096,4096,66714,SAT,0.838
33.2,16x16,4,bitwise,mergesat3,4096,4096,66714,SAT,1.3615
33.2,16x16,4,bitwise,maplecm,4096,4096,66714,SAT,2.0296
33.3,16x16,4,commander,cadical195,4096,9216,57498,SAT,0.1866
33.3,16x16,4,commander,glucose4,4096,9216,57498,SAT,1.5447
33.3,16x16,4,commander,minisat22,4096,9216,57498,SAT,0.8804
33.3,16x16,4,commander,mergesat3,4096,9216,57498,SAT,1.483
33.3,16x16,4,commander,maplecm,4096,9216,57498,SAT,1.9282
33.4,16x16,4,sequential,cadical195,4096,15360,46234,SAT,0.1967
33.4,16x16,4,sequential,glucose4,4096,15360,46234,SAT,1.1054
33.4,16x16,4,sequential,minisat22,4096,15360,46234,SAT,0.9885
33.4,16x16,4,sequential,mergesat3,4096,15360,46234,SAT,1.3779
33.4,16x16,4,sequential,maplecm,4096,15360,46234,SAT,2.2679
33.5,16x16,4,product,cadical195,4096,8192,46234,SAT,0.1809
33.5,16x16,4,product,glucose4,4096,8192,46234,SAT,1.068
33.5,16x16,4,product,minisat22,4096,8192,46234,SAT,0.7212
33.5,16x16,4,product,mergesat3,4096,8192,46234,SAT,1.1854
33.5,16x16,4,product,maplecm,4096,8192,46234,SAT,1.5924
34.1,16x16,4,pairwise,cadical195,4096,0,124040,SAT,0.0597
34.1,16x16,4,pairwise,glucose4,4096,0,124040,SAT,2.0212
34.1,16x16,4,pairwise,minisat22,4096,0,124040,SAT,1.278
34.1,16x16,4,pairwise,mergesat3,4096,0,124040,SAT,2.1335
34.1,16x16,4,pairwise,maplecm,4096,0,124040,SAT,3.8135
34.2,16x16,4,bitwise,cadical195,4096,4096,66696,SAT,0.128
34.2,16x16,4,bitwise,glucose4,4096,4096,66696,SAT,1.4393
34.2,16x16,4,bitwise,minisat22,4096,4096,66696,SAT,1.2519
34.2,16x16,4,bitwise,mergesat3,4096,4096,66696,SAT,1.4251
34.2,16x16,4,bitwise,maplecm,4096,4096,66696,SAT,2.9349
34.3,16x16,4,commander,cadical195,4096,9216,57480,SAT,0.1518
34.3,16x16,4,commander,glucose4,4096,9216,57480,SAT,1.5069
34.3,16x16,4,commander,minisat22,4096,9216,57480,SAT,1.6731
34.3,16x16,4,commander,mergesat3,4096,9216,57480,SAT,2.2514
34.3,16x16,4,commander,maplecm,4096,9216,57480,SAT,3.3259
34.4,16x16,4,sequential,cadical195,4096,15360,46216,SAT,0.3298
34.4,16x16,4,sequential,glucose4,4096,15360,46216,SAT,1.3429
34.4,16x16,4,sequential,minisat22,4096,15360,46216,SAT,1.0587
34.4,16x16,4,sequential,mergesat3,4096,15360,46216,SAT,1.6801
34.4,16x16,4,sequential,maplecm,4096,15360,46216,SAT,4.9951
34.5,16x16,4,product,cadical195,4096,8192,46216,SAT,0.3394
34.5,16x16,4,product,glucose4,4096,8192,46216,SAT,1.3644
34.5,16x16,4,product,minisat22,4096,8192,46216,SAT,0.8272
34.5,16x16,4,product,mergesat3,4096,8192,46216,SAT,1.4666
34.5,16x16,4,product,maplecm,4096,8192,46216,SAT,2.6317
35.1,16x16,4,pairwise,cadical195,4096,0,124050,SAT,0.1206
35.1,16x16,4,pairwise,glucose4,4096,0,124050,SAT,1.9106
35.1,16x16,4,pairwise,minisat22,4096,0,124050,SAT,1.3289
35.1,16x16,4,pairwise,mergesat3,4096,0,124050,SAT,1.9715
35.1,16x16,4,pairwise,maplecm,4096,0,124050,SAT,3.5818
35.2,16x16,4,bitwise,cadical195,4096,4096,66706,SAT,0.1011
35.2,16x16,4,bitwise,glucose4,4096,4096,66706,SAT,1.3043
35.2,16x16,4,bitwise,minisat22,4096,4096,66706,SAT,0.8335
35.2,16x16,4,bitwise,mergesat3,4096,4096,66706,SAT,1.3509
35.2,16x16,4,bitwise,maplecm,4096,4096,66706,SAT,4.7823
35.3,16x16,4,commander,cadical195,4096,9216,57490,SAT,0.2411
35.3,16x16,4,commander,glucose4,4096,9216,57490,SAT,2.0813
35.3,16x16,4,commander,minisat22,4096,9216,57490,SAT,0.9934
35.3,16x16,4,commander,mergesat3,4096,9216,57490,SAT,1.6652
35.3,16x16,4,commander,maplecm,4096,9216,57490,SAT,3.5211
35.4,16x16,4,sequential,cadical195,4096,15360,46226,SAT,0.2011
35.4,16x16,4,sequential,glucose4,4096,15360,46226,SAT,1.4121
35.4,16x16,4,sequential,minisat22,4096,15360,46226,SAT,0.9229
35.4,16x16,4,sequential,mergesat3,4096,15360,46226,SAT,1.4659
35.4,16x16,4,sequential,maplecm,4096,15360,46226,SAT,5.18
35.5,16x16,4,product,cadical195,4096,8192,46226,SAT,0.1118
35.5,16x16,4,product,glucose4,4096,8192,46226,SAT,1.0482
35.5,16x16,4,product,minisat22,4096,8192,46226,SAT,0.8941
35.5,16x16,4,product,mergesat3,4096,8192,46226,SAT,1.1961
35.5,16x16,4,product,maplecm,4096,8192,46226,SAT,2.7334
36.1,16x16,4,pairwise,cadical195,4096,0,124058,SAT,0.0544
36.1,16x16,4,pairwise,glucose4,4096,0,124058,SAT,3.2331
36.1,16x16,4,pairwise,minisat22,4096,0,124058,SAT,1.3614
36.1,16x16,4,pairwise,mergesat3,4096,0,124058,SAT,2.0568
36.1,16x16,4,pairwise,maplecm,4096,0,124058,SAT,3.0809
36.2,16x16,4,bitwise,cadical195,4096,4096,66714,SAT,0.0909
36.2,16x16,4,bitwise,glucose4,4096,4096,66714,SAT,1.6553
36.2,16x16,4,bitwise,minisat22,4096,4096,66714,SAT,0.921
36.2,16x16,4,bitwise,mergesat3,4096,4096,66714,SAT,1.4064
36.2,16x16,4,bitwise,maplecm,4096,4096,66714,SAT,2.6536
36.3,16x16,4,commander,cadical195,4096,9216,57498,SAT,0.0809
36.3,16x16,4,commander,glucose4,4096,9216,57498,SAT,1.396
36.3,16x16,4,commander,minisat22,4096,9216,57498,SAT,1.8258
36.3,16x16,4,commander,mergesat3,4096,9216,57498,SAT,1.6803
36.3,16x16,4,commander,maplecm,4096,9216,57498,SAT,2.9689
36.4,16x16,4,sequential,cadical195,4096,15360,46234,SAT,0.3003
36.4,16x16,4,sequential,glucose4,4096,15360,46234,SAT,1.2505
36.4,16x16,4,sequential,minisat22,4096,15360,46234,SAT,1.0386
36.4,16x16,4,sequential,mergesat3,4096,15360,46234,SAT,1.5777
36.4,16x16,4,sequential,maplecm,4096,15360,46234,SAT,4.4156
36.5,16x16,4,product,cadical195,4096,8192,46234,SAT,0.0814
36.5,16x16,4,product,glucose4,4096,8192,46234,SAT,1.2063
36.5,16x16,4,product,minisat22,4096,8192,46234,SAT,0.7457
36.5,16x16,4,product,mergesat3,4096,8192,46234,SAT,1.396
36.5,16x16,4,product,maplecm,4096,8192,46234,SAT,2.5044
37.1,16x16,4,pairwise,cadical195,4096,0,124043,SAT,0.0749
37.1,16x16,4,pairwise,glucose4,4096,0,124043,SAT,2.6446
37.1,16x16,4,pairwise,minisat22,4096,0,124043,SAT,1.3443
37.1,16x16,4,pairwise,mergesat3,4096,0,124043,SAT,2.0627
37.1,16x16,4,pairwise,maplecm,4096,0,124043,SAT,3.6805
37.2,16x16,4,bitwise,cadical195,4096,4096,66699,SAT,0.1059
37.2,16x16,4,bitwise,glucose4,4096,4096,66699,SAT,1.4872
37.2,16x16,4,bitwise,minisat22,4096,4096,66699,SAT,0.998
37.2,16x16,4,bitwise,mergesat3,4096,4096,66699,SAT,2.4905
37.2,16x16,4,bitwise,maplecm,4096,4096,66699,SAT,6.6753
37.3,16x16,4,commander,cadical195,4096,9216,57483,SAT,0.1344
37.3,16x16,4,commander,glucose4,4096,9216,57483,SAT,1.6157
37.3,16x16,4,commander,minisat22,4096,9216,57483,SAT,2.4555
37.3,16x16,4,commander,mergesat3,4096,9216,57483,SAT,1.8002
37.3,16x16,4,commander,maplecm,4096,9216,57483,SAT,8.0082
37.4,16x16,4,sequential,cadical195,4096,15360,46219,SAT,0.2994
37.4,16x16,4,sequential,glucose4,4096,15360,46219,SAT,1.3389
37.4,16x16,4,sequential,minisat22,4096,15360,46219,SAT,1.0608
37.4,16x16,4,sequential,mergesat3,4096,15360,46219,SAT,1.695
37.4,16x16,4,sequential,maplecm,4096,15360,46219,SAT,13.8455
37.5,16x16,4,product,cadical195,4096,8192,46219,SAT,0.1391
37.5,16x16,4,product,glucose4,4096,8192,46219,SAT,1.2287
37.5,16x16,4,product,minisat22,4096,8192,46219,SAT,0.9471
37.5,16x16,4,product,mergesat3,4096,8192,46219,SAT,1.4085
37.5,16x16,4,product,maplecm,4096,8192,46219,SAT,7.1464
38.1,16x16,4,pairwise,cadical195,4096,0,124040,SAT,0.2529
38.1,16x16,4,pairwise,glucose4,4096,0,124040,SAT,2.0818
38.1,16x16,4,pairwise,minisat22,4096,0,124040,SAT,1.3163
38.1,16x16,4,pairwise,mergesat3,4096,0,124040,SAT,2.1276
38.1,16x16,4,pairwise,maplecm,4096,0,124040,SAT,3.6889
38.2,16x16,4,bitwise,cadical195,4096,4096,66696,SAT,0.1721
38.2,16x16,4,bitwise,glucose4,4096,4096,66696,SAT,3.4622
38.2,16x16,4,bitwise,minisat22,4096,4096,66696,SAT,1.6706
38.2,16x16,4,bitwise,mergesat3,4096,4096,66696,SAT,2.8295
38.2,16x16,4,bitwise,maplecm,4096,4096,66696,SAT,8.5882
38.3,16x16,4,commander,cadical195,4096,9216,57480,SAT,0.3575
38.3,16x16,4,commander,glucose4,4096,9216,57480,SAT,5.9576
38.3,16x16,4,commander,minisat22,4096,9216,57480,SAT,1.858
38.3,16x16,4,commander,mergesat3,4096,9216,57480,SAT,2.7927
38.3,16x16,4,commander,maplecm,4096,9216,57480,SAT,4.9312
38.4,16x16,4,sequential,cadical195,4096,15360,46216,SAT,0.5102
38.4,16x16,4,sequential,glucose4,4096,15360,46216,SAT,1.305
38.4,16x16,4,sequential,minisat22,4096,15360,46216,SAT,0.9462
38.4,16x16,4,sequential,mergesat3,4096,15360,46216,SAT,3.5121
38.4,16x16,4,sequential,maplecm,4096,15360,46216,SAT,11.7003
38.5,16x16,4,product,cadical195,4096,8192,46216,SAT,0.258
38.5,16x16,4,product,glucose4,4096,8192,46216,SAT,3.771
38.5,16x16,4,product,minisat22,4096,8192,46216,SAT,1.2373
38.5,16x16,4,product,mergesat3,4096,8192,46216,SAT,2.2516
38.5,16x16,4,product,maplecm,4096,8192,46216,SAT,6.2027
39.1,16x16,4,pairwise,cadical195,4096,0,124056,SAT,0.0485
39.1,16x16,4,pairwise,glucose4,4096,0,124056,SAT,2.1449
39.1,16x16,4,pairwise,minisat22,4096,0,124056,SAT,1.3725
39.1,16x16,4,pairwise,mergesat3,4096,0,124056,SAT,2.2049
39.1,16x16,4,pairwise,maplecm,4096,0,124056,SAT,3.2581
39.2,16x16,4,bitwise,cadical195,4096,4096,66712,SAT,0.1016
39.2,16x16,4,bitwise,glucose4,4096,4096,66712,SAT,1.3553
39.2,16x16,4,bitwise,minisat22,4096,4096,66712,SAT,0.8999
39.2,16x16,4,bitwise,mergesat3,4096,4096,66712,SAT,1.4166
39.2,16x16,4,bitwise,maplecm,4096,4096,66712,SAT,3.7442
39.3,16x16,4,commander,cadical195,4096,9216,57496,SAT,0.1076
39.3,16x16,4,commander,glucose4,4096,9216,57496,SAT,1.3784
39.3,16x16,4,commander,minisat22,4096,9216,57496,SAT,1.0336
39.3,16x16,4,commander,mergesat3,4096,9216,57496,SAT,1.8668
39.3,16x16,4,commander,maplecm,4096,9216,57496,SAT,4.5608
39.4,16x16,4,sequential,cadical195,4096,15360,46232,SAT,0.2574
39.4,16x16,4,sequential,glucose4,4096,15360,46232,SAT,1.1769
39.4,16x16,4,sequential,minisat22,4096,15360,46232,SAT,0.9004
39.4,16x16,4,sequential,mergesat3,4096,15360,46232,SAT,2.3385
39.4,16x16,4,sequential,maplecm,4096,15360,46232,SAT,10.573
39.5,16x16,4,product,cadical195,4096,8192,46232,SAT,0.1541
39.5,16x16,4,product,glucose4,4096,8192,46232,SAT,1.2397
39.5,16x16,4,product,minisat22,4096,8192,46232,SAT,0.9967
39.5,16x16,4,product,mergesat3,4096,8192,46232,SAT,1.527
39.5,16x16,4,product,maplecm,4096,8192,46232,SAT,4.0355
40.1,16x16,4,pairwise,cadical195,4096,0,124050,SAT,0.1924
40.1,16x16,4,pairwise,glucose4,4096,0,124050,SAT,1.9792
40.1,16x16,4,pairwise,minisat22,4096,0,124050,SAT,1.2627
40.1,16x16,4,pairwise,mergesat3,4096,0,124050,SAT,2.6194
40.1,16x16,4,pairwise,maplecm,4096,0,124050,SAT,3.1137
40.2,16x16,4,bitwise,cadical195,4096,4096,66706,SAT,0.117
40.2,16x16,4,bitwise,glucose4,4096,4096,66706,SAT,1.5183
40.2,16x16,4,bitwise,minisat22,4096,4096,66706,SAT,0.8348
40.2,16x16,4,bitwise,mergesat3,4096,4096,66706,SAT,1.3777
40.2,16x16,4,bitwise,maplecm,4096,4096,66706,SAT,2.4377
40.3,16x16,4,commander,cadical195,4096,9216,57490,SAT,0.122
40.3,16x16,4,commander,glucose4,4096,9216,57490,SAT,1.7216
40.3,16x16,4,commander,minisat22,4096,9216,57490,SAT,0.9903
40.3,16x16,4,commander,mergesat3,4096,9216,57490,SAT,1.5876
40.3,16x16,4,commander,maplecm,4096,9216,57490,SAT,3.0183
40.4,16x16,4,sequential,cadical195,4096,15360,46226,SAT,0.1575
40.4,16x16,4,sequential,glucose4,4096,15360,46226,SAT,1.2185
40.4,16x16,4,sequential,minisat22,4096,15360,46226,SAT,0.8688
40.4,16x16,4,sequential,mergesat3,4096,15360,46226,SAT,1.4124
40.4,16x16,4,sequential,maplecm,4096,15360,46226,SAT,3.6125
40.5,16x16,4,product,cadical195,4096,8192,46226,SAT,0.1101
40.5,16x16,4,product,glucose4,4096,8192,46226,SAT,1.225
40.5,16x16,4,product,minisat22,4096,8192,46226,SAT,1.123
40.5,16x16,4,product,mergesat3,4096,8192,46226,SAT,1.1878
40.5,16x16,4,product,maplecm,4096,8192,46226,SAT,3.2071
41.1,16x16,4,pairwise,cadical195,4096,0,124035,SAT,0.1145
41.1,16x16,4,pairwise,glucose4,4096,0,124035,SAT,2.2733
41.1,16x16,4,pairwise,minisat22,4096,0,124035,SAT,1.2946
41.1,16x16,4,pairwise,mergesat3,4096,0,124035,SAT,2.2289
41.1,16x16,4,pairwise,maplecm,4096,0,124035,SAT,5.5046
41.2,16x16,4,bitwise,cadical195,4096,4096,66691,SAT,0.2751
41.2,16x16,4,bitwise,glucose4,4096,4096,66691,SAT,1.4277
41.2,16x16,4,bitwise,minisat22,4096,4096,66691,SAT,1.1499
41.2,16x16,4,bitwise,mergesat3,4096,4096,66691,SAT,1.5229
41.2,16x16,4,bitwise,maplecm,4096,4096,66691,SAT,13.5846
41.3,16x16,4,commander,cadical195,4096,9216,57475,SAT,0.2759
41.3,16x16,4,commander,glucose4,4096,9216,57475,SAT,2.0746
41.3,16x16,4,commander,minisat22,4096,9216,57475,SAT,2.4981
41.3,16x16,4,commander,mergesat3,4096,9216,57475,SAT,2.0648
41.3,16x16,4,commander,maplecm,4096,9216,57475,SAT,18.6344
41.4,16x16,4,sequential,cadical195,4096,15360,46211,SAT,0.539
41.4,16x16,4,sequential,glucose4,4096,15360,46211,SAT,1.6675
41.4,16x16,4,sequential,minisat22,4096,15360,46211,SAT,1.4464
41.4,16x16,4,sequential,mergesat3,4096,15360,46211,SAT,2.1228
41.4,16x16,4,sequential,maplecm,4096,15360,46211,SAT,30.0881
41.5,16x16,4,product,cadical195,4096,8192,46211,SAT,0.5532
41.5,16x16,4,product,glucose4,4096,8192,46211,SAT,1.5932
41.5,16x16,4,product,minisat22,4096,8192,46211,SAT,0.9003
41.5,16x16,4,product,mergesat3,4096,8192,46211,SAT,1.6356
41.5,16x16,4,product,maplecm,4096,8192,46211,SAT,15.7953
42.1,16x16,4,pairwise,cadical195,4096,0,124043,SAT,0.0553
42.1,16x16,4,pairwise,glucose4,4096,0,124043,SAT,2.2497
42.1,16x16,4,pairwise,minisat22,4096,0,124043,SAT,1.2091
42.1,16x16,4,pairwise,mergesat3,4096,0,124043,SAT,2.98
42.1,16x16,4,pairwise,maplecm,4096,0,124043,SAT,3.6727
42.2,16x16,4,bitwise,cadical195,4096,4096,66699,SAT,0.1202
42.2,16x16,4,bitwise,glucose4,4096,4096,66699,SAT,1.5336
42.2,16x16,4,bitwise,minisat22,4096,4096,66699,SAT,0.9742
42.2,16x16,4,bitwise,mergesat3,4096,4096,66699,SAT,2.2726
42.2,16x16,4,bitwise,maplecm,4096,4096,66699,SAT,5.4449
42.3,16x16,4,commander,cadical195,4096,9216,57483,SAT,0.1151
42.3,16x16,4,commander,glucose4,4096,9216,57483,SAT,1.6388
42.3,16x16,4,commander,minisat22,4096,9216,57483,SAT,1.2507
42.3,16x16,4,commander,mergesat3,4096,9216,57483,SAT,1.9454
42.3,16x16,4,commander,maplecm,4096,9216,57483,SAT,6.9876
42.4,16x16,4,sequential,cadical195,4096,15360,46219,SAT,0.4155
42.4,16x16,4,sequential,glucose4,4096,15360,46219,SAT,1.4501
42.4,16x16,4,sequential,minisat22,4096,15360,46219,SAT,1.1257
42.4,16x16,4,sequential,mergesat3,4096,15360,46219,SAT,1.8127
42.4,16x16,4,sequential,maplecm,4096,15360,46219,SAT,12.4816
42.5,16x16,4,product,cadical195,4096,8192,46219,SAT,0.1335
42.5,16x16,4,product,glucose4,4096,8192,46219,SAT,1.1493
42.5,16x16,4,product,minisat22,4096,8192,46219,SAT,0.9267
42.5,16x16,4,product,mergesat3,4096,8192,46219,SAT,1.3807
42.5,16x16,4,product,maplecm,4096,8192,46219,SAT,5.8175
43.1,16x16,4,pairwise,cadical195,4096,0,124056,SAT,0.2168
43.1,16x16,4,pairwise,glucose4,4096,0,124056,SAT,2.0657
43.1,16x16,4,pairwise,minisat22,4096,0,124056,SAT,1.2832
43.1,16x16,4,pairwise,mergesat3,4096,0,124056,SAT,2.7187
43.1,16x16,4,pairwise,maplecm,4096,0,124056,SAT,3.3981
43.2,16x16,4,bitwise,cadical195,4096,4096,66712,SAT,0.1135
43.2,16x16,4,bitwise,glucose4,4096,4096,66712,SAT,1.5148
43.2,16x16,4,bitwise,minisat22,4096,4096,66712,SAT,0.842
43.2,16x16,4,bitwise,mergesat3,4096,4096,66712,SAT,1.3389
43.2,16x16,4,bitwise,maplecm,4096,4096,66712,SAT,2.2418
43.3,16x16,4,commander,cadical195,4096,9216,57496,SAT,0.1073
43.3,16x16,4,commander,glucose4,4096,9216,57496,SAT,1.4328
43.3,16x16,4,commander,minisat22,4096,9216,57496,SAT,1.1893
43.3,16x16,4,commander,mergesat3,4096,9216,57496,SAT,1.6116
43.3,16x16,4,commander,maplecm,4096,9216,57496,SAT,2.5555
43.4,16x16,4,sequential,cadical195,4096,15360,46232,SAT,0.165
43.4,16x16,4,sequential,glucose4,4096,15360,46232,SAT,1.1556
43.4,16x16,4,sequential,minisat22,4096,15360,46232,SAT,0.873
43.4,16x16,4,sequential,mergesat3,4096,15360,46232,SAT,1.4839
43.4,16x16,4,sequential,maplecm,4096,15360,46232,SAT,3.1612
43.5,16x16,4,product,cadical195,4096,8192,46232,SAT,0.1125
43.5,16x16,4,product,glucose4,4096,8192,46232,SAT,1.176
43.5,16x16,4,product,minisat22,4096,8192,46232,SAT,0.8115
43.5,16x16,4,product,mergesat3,4096,8192,46232,SAT,1.2768
43.5,16x16,4,product,maplecm,4096,8192,46232,SAT,2.2359
44.1,16x16,4,pairwise,cadical195,4096,0,124038,SAT,0.0681
44.1,16x16,4,pairwise,glucose4,4096,0,124038,SAT,2.5485
44.1,16x16,4,pairwise,minisat22,4096,0,124038,SAT,2.4381
44.1,16x16,4,pairwise,mergesat3,4096,0,124038,SAT,2.0024
44.1,16x16,4,pairwise,maplecm,4096,0,124038,SAT,3.165
44.2,16x16,4,bitwise,cadical195,4096,4096,66694,SAT,0.0853
44.2,16x16,4,bitwise,glucose4,4096,4096,66694,SAT,1.8834
44.2,16x16,4,bitwise,minisat22,4096,4096,66694,SAT,1.1861
44.2,16x16,4,bitwise,mergesat3,4096,4096,66694,SAT,1.4057
44.2,16x16,4,bitwise,maplecm,4096,4096,66694,SAT,3.7385
44.3,16x16,4,commander,cadical195,4096,9216,57478,SAT,0.0891
44.3,16x16,4,commander,glucose4,4096,9216,57478,SAT,1.4358
44.3,16x16,4,commander,minisat22,4096,9216,57478,SAT,1.0671
44.3,16x16,4,commander,mergesat3,4096,9216,57478,SAT,2.0592
44.3,16x16,4,commander,maplecm,4096,9216,57478,SAT,4.8869
44.4,16x16,4,sequential,cadical195,4096,15360,46214,SAT,0.1575
44.4,16x16,4,sequential,glucose4,4096,15360,46214,SAT,1.3503
44.4,16x16,4,sequential,minisat22,4096,15360,46214,SAT,1.1236
44.4,16x16,4,sequential,mergesat3,4096,15360,46214,SAT,1.6739
44.4,16x16,4,sequential,maplecm,4096,15360,46214,SAT,8.9176
44.5,16x16,4,product,cadical195,4096,8192,46214,SAT,0.0974
44.5,16x16,4,product,glucose4,4096,8192,46214,SAT,1.1429
44.5,16x16,4,product,minisat22,4096,8192,46214,SAT,0.9099
44.5,16x16,4,product,mergesat3,4096,8192,46214,SAT,2.205
44.5,16x16,4,product,maplecm,4096,8192,46214,SAT,4.4495
45.1,16x16,4,pairwise,cadical195,4096,0,124053,SAT,0.0482
45.1,16x16,4,pairwise,glucose4,4096,0,124053,SAT,2.35
45.1,16x16,4,pairwise,minisat22,4096,0,124053,SAT,1.2874
45.1,16x16,4,pairwise,mergesat3,4096,0,124053,SAT,2.1216
45.1,16x16,4,pairwise,maplecm,4096,0,124053,SAT,3.1129
45.2,16x16,4,bitwise,cadical195,4096,4096,66709,SAT,0.0726
45.2,16x16,4,bitwise,glucose4,4096,4096,66709,SAT,1.52
45.2,16x16,4,bitwise,minisat22,4096,4096,66709,SAT,1.1069
45.2,16x16,4,bitwise,mergesat3,4096,4096,66709,SAT,1.4276
45.2,16x16,4,bitwise,maplecm,4096,4096,66709,SAT,2.9211
45.3,16x16,4,commander,cadical195,4096,9216,57493,SAT,0.0798
45.3,16x16,4,commander,glucose4,4096,9216,57493,SAT,1.3627
45.3,16x16,4,commander,minisat22,4096,9216,57493,SAT,0.9725
45.3,16x16,4,commander,mergesat3,4096,9216,57493,SAT,1.7489
45.3,16x16,4,commander,maplecm,4096,9216,57493,SAT,3.0767
45.4,16x16,4,sequential,cadical195,4096,15360,46229,SAT,0.2629
45.4,16x16,4,sequential,glucose4,4096,15360,46229,SAT,1.3288
45.4,16x16,4,sequential,minisat22,4096,15360,46229,SAT,1.6515
45.4,16x16,4,sequential,mergesat3,4096,15360,46229,SAT,1.5515
45.4,16x16,4,sequential,maplecm,4096,15360,46229,SAT,5.643
45.5,16x16,4,product,cadical195,4096,8192,46229,SAT,0.1028
45.5,16x16,4,product,glucose4,4096,8192,46229,SAT,1.4155
45.5,16x16,4,product,minisat22,4096,8192,46229,SAT,1.0434
45.5,16x16,4,product,mergesat3,4096,8192,46229,SAT,1.8177
45.5,16x16,4,product,maplecm,4096,8192,46229,SAT,2.5549
46.1,16x16,4,pairwise,cadical195,4096,0,124048,SAT,0.0619
46.1,16x16,4,pairwise,glucose4,4096,0,124048,SAT,2.8448
46.1,16x16,4,pairwise,minisat22,4096,0,124048,SAT,1.3221
46.1,16x16,4,pairwise,mergesat3,4096,0,124048,SAT,2.0664
46.1,16x16,4,pairwise,maplecm,4096,0,124048,SAT,3.4473
46.2,16x16,4,bitwise,cadical195,4096,4096,66704,SAT,0.0945
46.2,16x16,4,bitwise,glucose4,4096,4096,66704,SAT,1.421
46.2,16x16,4,bitwise,minisat22,4096,4096,66704,SAT,0.8684
46.2,16x16,4,bitwise,mergesat3,4096,4096,66704,SAT,1.3707
46.2,16x16,4,bitwise,maplecm,4096,4096,66704,SAT,5.3332
46.3,16x16,4,commander,cadical195,4096,9216,57488,SAT,0.102
46.3,16x16,4,commander,glucose4,4096,9216,57488,SAT,1.4018
46.3,16x16,4,commander,minisat22,4096,9216,57488,SAT,1.19
46.3,16x16,4,commander,mergesat3,4096,9216,57488,SAT,1.6513
46.3,16x16,4,commander,maplecm,4096,9216,57488,SAT,8.4108
46.4,16x16,4,sequential,cadical195,4096,15360,46224,SAT,0.2588
46.4,16x16,4,sequential,glucose4,4096,15360,46224,SAT,1.4111
46.4,16x16,4,sequential,minisat22,4096,15360,46224,SAT,1.0466
46.4,16x16,4,sequential,mergesat3,4096,15360,46224,SAT,1.6718
46.4,16x16,4,sequential,maplecm,4096,15360,46224,SAT,15.4232
46.5,16x16,4,product,cadical195,4096,8192,46224,SAT,0.102
46.5,16x16,4,product,glucose4,4096,8192,46224,SAT,1.078
46.5,16x16,4,product,minisat22,4096,8192,46224,SAT,0.7819
46.5,16x16,4,product,mergesat3,4096,8192,46224,SAT,1.2247
46.5,16x16,4,product,maplecm,4096,8192,46224,SAT,6.9634
47.1,16x16,4,pairwise,cadical195,4096,0,124032,SAT,0.1419
47.1,16x16,4,pairwise,glucose4,4096,0,124032,SAT,2.4695
47.1,16x16,4,pairwise,minisat22,4096,0,124032,SAT,1.4741
47.1,16x16,4,pairwise,mergesat3,4096,0,124032,SAT,2.1128
47.1,16x16,4,pairwise,maplecm,4096,0,124032,SAT,3.3233
47.2,16x16,4,bitwise,cadical195,4096,4096,66688,SAT,0.3056
47.2,16x16,4,bitwise,glucose4,4096,4096,66688,SAT,1.8269
47.2,16x16,4,bitwise,minisat22,4096,4096,66688,SAT,1.8397
47.2,16x16,4,bitwise,mergesat3,4096,4096,66688,SAT,2.2507
47.2,16x16,4,bitwise,maplecm,4096,4096,66688,SAT,5.1291
47.3,16x16,4,commander,cadical195,4096,9216,57472,SAT,0.3797
47.3,16x16,4,commander,glucose4,4096,9216,57472,SAT,1.7448
47.3,16x16,4,commander,minisat22,4096,9216,57472,SAT,1.4084
47.3,16x16,4,commander,mergesat3,4096,9216,57472,SAT,2.297
47.3,16x16,4,commander,maplecm,4096,9216,57472,SAT,5.2501
47.4,16x16,4,sequential,cadical195,4096,15360,46208,SAT,1.6474
47.4,16x16,4,sequential,glucose4,4096,15360,46208,SAT,2.1917
47.4,16x16,4,sequential,minisat22,4096,15360,46208,SAT,1.6698
47.4,16x16,4,sequential,mergesat3,4096,15360,46208,SAT,4.0247
47.4,16x16,4,sequential,maplecm,4096,15360,46208,SAT,13.4029
47.5,16x16,4,product,cadical195,4096,8192,46208,SAT,0.9541
47.5,16x16,4,product,glucose4,4096,8192,46208,SAT,3.3376
47.5,16x16,4,product,minisat22,4096,8192,46208,SAT,1.7574
47.5,16x16,4,product,mergesat3,4096,8192,46208,SAT,2.2258
47.5,16x16,4,product,maplecm,4096,8192,46208,SAT,5.2989
48.1,16x16,4,pairwise,cadical195,4096,0,124032,SAT,0.2376
48.1,16x16,4,pairwise,glucose4,4096,0,124032,SAT,3.7042
48.1,16x16,4,pairwise,minisat22,4096,0,124032,SAT,1.4968
48.1,16x16,4,pairwise,mergesat3,4096,0,124032,SAT,2.1853
48.1,16x16,4,pairwise,maplecm,4096,0,124032,SAT,4.0221
48.2,16x16,4,bitwise,cadical195,4096,4096,66688,SAT,0.2786
48.2,16x16,4,bitwise,glucose4,4096,4096,66688,SAT,1.989
48.2,16x16,4,bitwise,minisat22,4096,4096,66688,SAT,1.0301
48.2,16x16,4,bitwise,mergesat3,4096,4096,66688,SAT,1.3333
48.2,16x16,4,bitwise,maplecm,4096,4096,66688,SAT,3.787
48.3,16x16,4,commander,cadical195,4096,9216,57472,SAT,0.1451
48.3,16x16,4,commander,glucose4,4096,9216,57472,SAT,1.5458
48.3,16x16,4,commander,minisat22,4096,9216,57472,SAT,1.1218
48.3,16x16,4,commander,mergesat3,4096,9216,57472,SAT,2.0125
48.3,16x16,4,commander,maplecm,4096,9216,57472,SAT,4.9666
48.4,16x16,4,sequential,cadical195,4096,15360,46208,SAT,0.2662
48.4,16x16,4,sequential,glucose4,4096,15360,46208,SAT,1.4435
48.4,16x16,4,sequential,minisat22,4096,15360,46208,SAT,0.9496
48.4,16x16,4,sequential,mergesat3,4096,15360,46208,SAT,1.5402
48.4,16x16,4,sequential,maplecm,4096,15360,46208,SAT,7.6705
48.5,16x16,4,product,cadical195,4096,8192,46208,SAT,0.1842
48.5,16x16,4,product,glucose4,4096,8192,46208,SAT,1.5697
48.5,16x16,4,product,minisat22,4096,8192,46208,SAT,0.8512
48.5,16x16,4,product,mergesat3,4096,8192,46208,SAT,1.266
48.5,16x16,4,product,maplecm,4096,8192,46208,SAT,3.8879
49.1,16x16,4,pairwise,cadical195,4096,0,124056,SAT,0.174
49.1,16x16,4,pairwise,glucose4,4096,0,124056,SAT,2.0072
49.1,16x16,4,pairwise,minisat22,4096,0,124056,SAT,1.237
49.1,16x16,4,pairwise,mergesat3,4096,0,124056,SAT,1.9378
49.1,16x16,4,pairwise,maplecm,4096,0,124056,SAT,3.2465
49.2,16x16,4,bitwise,cadical195,4096,4096,66712,SAT,0.2745
49.2,16x16,4,bitwise,glucose4,4096,4096,66712,SAT,3.91
49.2,16x16,4,bitwise,minisat22,4096,4096,66712,SAT,0.9973
49.2,16x16,4,bitwise,mergesat3,4096,4096,66712,SAT,1.6446
49.2,16x16,4,bitwise,maplecm,4096,4096,66712,SAT,1.9126
49.3,16x16,4,commander,cadical195,4096,9216,57496,SAT,0.101
49.3,16x16,4,commander,glucose4,4096,9216,57496,SAT,1.5491
49.3,16x16,4,commander,minisat22,4096,9216,57496,SAT,0.9854
49.3,16x16,4,commander,mergesat3,4096,9216,57496,SAT,1.5865
49.3,16x16,4,commander,maplecm,4096,9216,57496,SAT,2.0727
49.4,16x16,4,sequential,cadical195,4096,15360,46232,SAT,0.1151
49.4,16x16,4,sequential,glucose4,4096,15360,46232,SAT,1.1519
49.4,16x16,4,sequential,minisat22,4096,15360,46232,SAT,0.9933
49.4,16x16,4,sequential,mergesat3,4096,15360,46232,SAT,1.3299
49.4,16x16,4,sequential,maplecm,4096,15360,46232,SAT,2.5618
49.5,16x16,4,product,cadical195,4096,8192,46232,SAT,0.0835
49.5,16x16,4,product,glucose4,4096,8192,46232,SAT,1.0213
49.5,16x16,4,product,minisat22,4096,8192,46232,SAT,0.8636
49.5,16x16,4,product,mergesat3,4096,8192,46232,SAT,1.1714
49.5,16x16,4,product,maplecm,4096,8192,46232,SAT,1.5664
50.1,16x16,4,pairwise,cadical195,4096,0,124056,SAT,0.0477
50.1,16x16,4,pairwise,glucose4,4096,0,124056,SAT,2.0557
50.1,16x16,4,pairwise,minisat22,4096,0,124056,SAT,1.2562
50.1,16x16,4,pairwise,mergesat3,4096,0,124056,SAT,2.1818
50.1,16x16,4,pairwise,maplecm,4096,0,124056,SAT,2.9928
50.2,16x16,4,bitwise,cadical195,4096,4096,66712,SAT,0.0588
50.2,16x16,4,bitwise,glucose4,4096,4096,66712,SAT,1.6867
50.2,16x16,4,bitwise,minisat22,4096,4096,66712,SAT,0.8617
50.2,16x16,4,bitwise,mergesat3,4096,4096,66712,SAT,1.4176
50.2,16x16,4,bitwise,maplecm,4096,4096,66712,SAT,2.1843
50.3,16x16,4,commander,cadical195,4096,9216,57496,SAT,0.0658
50.3,16x16,4,commander,glucose4,4096,9216,57496,SAT,1.5052
50.3,16x16,4,commander,minisat22,4096,9216,57496,SAT,3.1754
50.3,16x16,4,commander,mergesat3,4096,9216,57496,SAT,1.8148
50.3,16x16,4,commander,maplecm,4096,9216,57496,SAT,3.1737
50.4,16x16,4,sequential,cadical195,4096,15360,46232,SAT,0.134
50.4,16x16,4,sequential,glucose4,4096,15360,46232,SAT,1.3537
50.4,16x16,4,sequential,minisat22,4096,15360,46232,SAT,1.1729
50.4,16x16,4,sequential,mergesat3,4096,15360,46232,SAT,2.7448
50.4,16x16,4,sequential,maplecm,4096,15360,46232,SAT,4.5163
50.5,16x16,4,product,cadical195,4096,8192,46232,SAT,0.1227
50.5,16x16,4,product,glucose4,4096,8192,46232,SAT,1.7005
50.5,16x16,4,product,minisat22,4096,8192,46232,SAT,1.6594
50.5,16x16,4,product,mergesat3,4096,8192,46232,SAT,2.256
50.5,16x16,4,product,maplecm,4096,8192,46232,SAT,4.932
51.1,25x25,5,pairwise,cadical195,15625,0,752894,SAT,0.0749
51.1,25x25,5,pairwise,glucose4,15625,0,752894,SAT,35.4821
51.1,25x25,5,pairwise,minisat22,15625,0,752894,SAT,10.6403
51.1,25x25,5,pairwise,mergesat3,15625,0,752894,SAT,14.5906
51.1,25x25,5,pairwise,maplecm,15625,0,752894,SAT,29.7808
51.2,25x25,5,bitwise,cadical195,15625,12500,315394,SAT,0.1522
51.2,25x25,5,bitwise,glucose4,15625,12500,315394,SAT,7.4914
51.2,25x25,5,bitwise,minisat22,15625,12500,315394,SAT,9.9972
51.2,25x25,5,bitwise,mergesat3,15625,12500,315394,SAT,7.8919
51.2,25x25,5,bitwise,maplecm,15625,12500,315394,SAT,27.2089
51.3,25x25,5,commander,cadical195,15625,32500,217894,SAT,0.221
51.3,25x25,5,commander,glucose4,15625,32500,217894,SAT,8.8601
51.3,25x25,5,commander,minisat22,15625,32500,217894,SAT,5.5209
51.3,25x25,5,commander,mergesat3,15625,32500,217894,SAT,10.6648
51.3,25x25,5,commander,maplecm,15625,32500,217894,SAT,16.7704
51.4,25x25,5,sequential,cadical195,15625,60000,180394,SAT,0.4283
51.4,25x25,5,sequential,glucose4,15625,60000,180394,SAT,5.8324
51.4,25x25,5,sequential,minisat22,15625,60000,180394,SAT,6.3229
51.4,25x25,5,sequential,mergesat3,15625,60000,180394,SAT,10.0616
51.4,25x25,5,sequential,maplecm,15625,60000,180394,SAT,26.1852
51.5,25x25,5,product,cadical195,15625,25000,177894,SAT,0.3799
51.5,25x25,5,product,glucose4,15625,25000,177894,SAT,4.8162
51.5,25x25,5,product,minisat22,15625,25000,177894,SAT,3.4722
51.5,25x25,5,product,mergesat3,15625,25000,177894,SAT,6.2978
51.5,25x25,5,product,maplecm,15625,25000,177894,SAT,12.0009
52.1,25x25,5,pairwise,cadical195,15625,0,752913,SAT,6.7742
52.1,25x25,5,pairwise,glucose4,15625,0,752913,SAT,16.5712
52.1,25x25,5,pairwise,minisat22,15625,0,752913,SAT,10.5778
52.1,25x25,5,pairwise,mergesat3,15625,0,752913,SAT,18.0739
52.1,25x25,5,pairwise,maplecm,15625,0,752913,SAT,15.6988
52.2,25x25,5,bitwise,cadical195,15625,12500,315413,SAT,3.2888
52.2,25x25,5,bitwise,glucose4,15625,12500,315413,SAT,10.3678
52.2,25x25,5,bitwise,minisat22,15625,12500,315413,SAT,9.8019
52.2,25x25,5,bitwise,mergesat3,15625,12500,315413,SAT,7.4139
52.2,25x25,5,bitwise,maplecm,15625,12500,315413,SAT,8.181
52.3,25x25,5,commander,cadical195,15625,32500,217913,SAT,2.7134
52.3,25x25,5,commander,glucose4,15625,32500,217913,SAT,6.93
52.3,25x25,5,commander,minisat22,15625,32500,217913,SAT,4.1551
52.3,25x25,5,commander,mergesat3,15625,32500,217913,SAT,7.4663
52.3,25x25,5,commander,maplecm,15625,32500,217913,SAT,10.4226
52.4,25x25,5,sequential,cadical195,15625,60000,180413,SAT,2.4579
52.4,25x25,5,sequential,glucose4,15625,60000,180413,SAT,5.4711
52.4,25x25,5,sequential,minisat22,15625,60000,180413,SAT,5.0853
52.4,25x25,5,sequential,mergesat3,15625,60000,180413,SAT,7.359
52.4,25x25,5,sequential,maplecm,15625,60000,180413,SAT,6.3358
52.5,25x25,5,product,cadical195,15625,25000,177913,SAT,1.9567
52.5,25x25,5,product,glucose4,15625,25000,177913,SAT,4.9428
52.5,25x25,5,product,minisat22,15625,25000,177913,SAT,3.2286
52.5,25x25,5,product,mergesat3,15625,25000,177913,SAT,5.2085
52.5,25x25,5,product,maplecm,15625,25000,177913,SAT,6.0095
53.1,25x25,5,pairwise,cadical195,15625,0,752925,SAT,14.2888
53.1,25x25,5,pairwise,glucose4,15625,0,752925,SAT,33.3927
53.1,25x25,5,pairwise,minisat22,15625,0,752925,SAT,9.6821
53.1,25x25,5,pairwise,mergesat3,15625,0,752925,SAT,16.6934
53.1,25x25,5,pairwise,maplecm,15625,0,752925,SAT,16.5599
53.2,25x25,5,bitwise,cadical195,15625,12500,315425,SAT,3.0102
53.2,25x25,5,bitwise,glucose4,15625,12500,315425,SAT,9.7896
53.2,25x25,5,bitwise,minisat22,15625,12500,315425,SAT,5.8215
53.2,25x25,5,bitwise,mergesat3,15625,12500,315425,SAT,8.8397
53.2,25x25,5,bitwise,maplecm,15625,12500,315425,SAT,8.6581
53.3,25x25,5,commander,cadical195,15625,32500,217925,SAT,3.1022
53.3,25x25,5,commander,glucose4,15625,32500,217925,SAT,7.8187
53.3,25x25,5,commander,minisat22,15625,32500,217925,SAT,5.5739
53.3,25x25,5,commander,mergesat3,15625,32500,217925,SAT,8.9564
53.3,25x25,5,commander,maplecm,15625,32500,217925,SAT,8.6843
53.4,25x25,5,sequential,cadical195,15625,60000,180425,SAT,2.3148
53.4,25x25,5,sequential,glucose4,15625,60000,180425,SAT,6.6391
53.4,25x25,5,sequential,minisat22,15625,60000,180425,SAT,3.6206
53.4,25x25,5,sequential,mergesat3,15625,60000,180425,SAT,9.228
53.4,25x25,5,sequential,maplecm,15625,60000,180425,SAT,7.5537
53.5,25x25,5,product,cadical195,15625,25000,177925,SAT,3.7939
53.5,25x25,5,product,glucose4,15625,25000,177925,SAT,5.2552
53.5,25x25,5,product,minisat22,15625,25000,177925,SAT,3.4809
53.5,25x25,5,product,mergesat3,15625,25000,177925,SAT,5.0447
53.5,25x25,5,product,maplecm,15625,25000,177925,SAT,4.5809
54.1,25x25,5,pairwise,cadical195,15625,0,752919,SAT,5.1647
54.1,25x25,5,pairwise,glucose4,15625,0,752919,SAT,14.8242
54.1,25x25,5,pairwise,minisat22,15625,0,752919,SAT,9.5666
54.1,25x25,5,pairwise,mergesat3,15625,0,752919,SAT,14.8656
54.1,25x25,5,pairwise,maplecm,15625,0,752919,SAT,81.9617
54.2,25x25,5,bitwise,cadical195,15625,12500,315419,SAT,0.9947
54.2,25x25,5,bitwise,glucose4,15625,12500,315419,SAT,8.1537
54.2,25x25,5,bitwise,minisat22,15625,12500,315419,SAT,4.6495
54.2,25x25,5,bitwise,mergesat3,15625,12500,315419,SAT,8.0461
54.2,25x25,5,bitwise,maplecm,15625,12500,315419,SAT,14.1079
54.3,25x25,5,commander,cadical195,15625,32500,217919,SAT,1.225
54.3,25x25,5,commander,glucose4,15625,32500,217919,SAT,10.5022
54.3,25x25,5,commander,minisat22,15625,32500,217919,SAT,4.9384
54.3,25x25,5,commander,mergesat3,15625,32500,217919,SAT,8.0973
54.3,25x25,5,commander,maplecm,15625,32500,217919,SAT,10.541
54.4,25x25,5,sequential,cadical195,15625,60000,180419,SAT,0.8306
54.4,25x25,5,sequential,glucose4,15625,60000,180419,SAT,7.188
54.4,25x25,5,sequential,minisat22,15625,60000,180419,SAT,6.2097
54.4,25x25,5,sequential,mergesat3,15625,60000,180419,SAT,6.5811
54.4,25x25,5,sequential,maplecm,15625,60000,180419,SAT,12.5647
54.5,25x25,5,product,cadical195,15625,25000,177919,SAT,0.7702
54.5,25x25,5,product,glucose4,15625,25000,177919,SAT,5.0145
54.5,25x25,5,product,minisat22,15625,25000,177919,SAT,3.3433
54.5,25x25,5,product,mergesat3,15625,25000,177919,SAT,4.9283
54.5,25x25,5,product,maplecm,15625,25000,177919,SAT,8.4112
55.1,25x25,5,pairwise,cadical195,15625,0,752882,SAT,7.1096
55.1,25x25,5,pairwise,glucose4,15625,0,752882,SAT,15.1616
55.1,25x25,5,pairwise,minisat22,15625,0,752882,SAT,11.274
55.1,25x25,5,pairwise,mergesat3,15625,0,752882,SAT,14.9337
55.1,25x25,5,pairwise,maplecm,15625,0,752882,SAT,15.8506
55.2,25x25,5,bitwise,cadical195,15625,12500,315382,SAT,3.2264
55.2,25x25,5,bitwise,glucose4,15625,12500,315382,SAT,8.8505
55.2,25x25,5,bitwise,minisat22,15625,12500,315382,SAT,4.5504
55.2,25x25,5,bitwise,mergesat3,15625,12500,315382,SAT,12.5291
55.2,25x25,5,bitwise,maplecm,15625,12500,315382,SAT,10.6798
55.3,25x25,5,commander,cadical195,15625,32500,217882,SAT,2.793
55.3,25x25,5,commander,glucose4,15625,32500,217882,SAT,11.5207
55.3,25x25,5,commander,minisat22,15625,32500,217882,SAT,4.6543
55.3,25x25,5,commander,mergesat3,15625,32500,217882,SAT,10.1955
55.3,25x25,5,commander,maplecm,15625,32500,217882,SAT,8.2852
55.4,25x25,5,sequential,cadical195,15625,60000,180382,SAT,5.0077
55.4,25x25,5,sequential,glucose4,15625,60000,180382,SAT,5.7992
55.4,25x25,5,sequential,minisat22,15625,60000,180382,SAT,4.5024
55.4,25x25,5,sequential,mergesat3,15625,60000,180382,SAT,6.3691
55.4,25x25,5,sequential,maplecm,15625,60000,180382,SAT,8.3922
55.5,25x25,5,product,cadical195,15625,25000,177882,SAT,1.839
55.5,25x25,5,product,glucose4,15625,25000,177882,SAT,5.6111
55.5,25x25,5,product,minisat22,15625,25000,177882,SAT,3.0842
55.5,25x25,5,product,mergesat3,15625,25000,177882,SAT,5.4813
55.5,25x25,5,product,maplecm,15625,25000,177882,SAT,5.4519
56.1,25x25,5,pairwise,cadical195,15625,0,752925,SAT,7.4843
56.1,25x25,5,pairwise,glucose4,15625,0,752925,SAT,15.1718
56.1,25x25,5,pairwise,minisat22,15625,0,752925,SAT,10.9779
56.1,25x25,5,pairwise,mergesat3,15625,0,752925,SAT,24.0358
56.1,25x25,5,pairwise,maplecm,15625,0,752925,SAT,15.9542
56.2,25x25,5,bitwise,cadical195,15625,12500,315425,SAT,3.1684
56.2,25x25,5,bitwise,glucose4,15625,12500,315425,SAT,10.7257
56.2,25x25,5,bitwise,minisat22,15625,12500,315425,SAT,8.45
56.2,25x25,5,bitwise,mergesat3,15625,12500,315425,SAT,9.5345
56.2,25x25,5,bitwise,maplecm,15625,12500,315425,SAT,7.7602
56.3,25x25,5,commander,cadical195,15625,32500,217925,SAT,2.7167
56.3,25x25,5,commander,glucose4,15625,32500,217925,SAT,8.5343
56.3,25x25,5,commander,minisat22,15625,32500,217925,SAT,4.3846
56.3,25x25,5,commander,mergesat3,15625,32500,217925,SAT,10.3445
56.3,25x25,5,commander,maplecm,15625,32500,217925,SAT,8.5507
56.4,25x25,5,sequential,cadical195,15625,60000,180425,SAT,2.4492
56.4,25x25,5,sequential,glucose4,15625,60000,180425,SAT,6.7115
56.4,25x25,5,sequential,minisat22,15625,60000,180425,SAT,4.5691
56.4,25x25,5,sequential,mergesat3,15625,60000,180425,SAT,6.154
56.4,25x25,5,sequential,maplecm,15625,60000,180425,SAT,5.7951
56.5,25x25,5,product,cadical195,15625,25000,177925,SAT,2.0765
56.5,25x25,5,product,glucose4,15625,25000,177925,SAT,6.3732
56.5,25x25,5,product,minisat22,15625,25000,177925,SAT,3.6356
56.5,25x25,5,product,mergesat3,15625,25000,177925,SAT,6.1175
56.5,25x25,5,product,maplecm,15625,25000,177925,SAT,10.2161
57.1,25x25,5,pairwise,cadical195,15625,0,752900,SAT,6.7349
57.1,25x25,5,pairwise,glucose4,15625,0,752900,SAT,15.0891
57.1,25x25,5,pairwise,minisat22,15625,0,752900,SAT,9.5628
57.1,25x25,5,pairwise,mergesat3,15625,0,752900,SAT,14.8026
57.1,25x25,5,pairwise,maplecm,15625,0,752900,SAT,15.7506
57.2,25x25,5,bitwise,cadical195,15625,12500,315400,SAT,3.0718
57.2,25x25,5,bitwise,glucose4,15625,12500,315400,SAT,10.7953
57.2,25x25,5,bitwise,minisat22,15625,12500,315400,SAT,4.4094
57.2,25x25,5,bitwise,mergesat3,15625,12500,315400,SAT,7.5686
57.2,25x25,5,bitwise,maplecm,15625,12500,315400,SAT,9.1207
57.3,25x25,5,commander,cadical195,15625,32500,217900,SAT,3.7326
57.3,25x25,5,commander,glucose4,15625,32500,217900,SAT,7.5691
57.3,25x25,5,commander,minisat22,15625,32500,217900,SAT,7.7369
57.3,25x25,5,commander,mergesat3,15625,32500,217900,SAT,8.1693
57.3,25x25,5,commander,maplecm,15625,32500,217900,SAT,12.8559
57.4,25x25,5,sequential,cadical195,15625,60000,180400,SAT,2.3658
57.4,25x25,5,sequential,glucose4,15625,60000,180400,SAT,5.8887
57.4,25x25,5,sequential,minisat22,15625,60000,180400,SAT,4.3791
57.4,25x25,5,sequential,mergesat3,15625,60000,180400,SAT,6.4182
57.4,25x25,5,sequential,maplecm,15625,60000,180400,SAT,5.9744
57.5,25x25,5,product,cadical195,15625,25000,177900,SAT,1.9609
57.5,25x25,5,product,glucose4,15625,25000,177900,SAT,5.3578
57.5,25x25,5,product,minisat22,15625,25000,177900,SAT,3.4744
57.5,25x25,5,product,mergesat3,15625,25000,177900,SAT,5.4388
57.5,25x25,5,product,maplecm,15625,25000,177900,SAT,4.9927
58.1,25x25,5,pairwise,cadical195,15625,0,752907,SAT,7.3527
58.1,25x25,5,pairwise,glucose4,15625,0,752907,SAT,16.0393
58.1,25x25,5,pairwise,minisat22,15625,0,752907,SAT,9.4596
58.1,25x25,5,pairwise,mergesat3,15625,0,752907,SAT,15.4786
58.1,25x25,5,pairwise,maplecm,15625,0,752907,SAT,16.1709
58.2,25x25,5,bitwise,cadical195,15625,12500,315407,SAT,3.0145
58.2,25x25,5,bitwise,glucose4,15625,12500,315407,SAT,8.533
58.2,25x25,5,bitwise,minisat22,15625,12500,315407,SAT,4.2142
58.2,25x25,5,bitwise,mergesat3,15625,12500,315407,SAT,8.3128
58.2,25x25,5,bitwise,maplecm,15625,12500,315407,SAT,7.6568
58.3,25x25,5,commander,cadical195,15625,32500,217907,SAT,3.3247
58.3,25x25,5,commander,glucose4,15625,32500,217907,SAT,12.9043
58.3,25x25,5,commander,minisat22,15625,32500,217907,SAT,16.169
58.3,25x25,5,commander,mergesat3,15625,32500,217907,SAT,16.6383
58.3,25x25,5,commander,maplecm,15625,32500,217907,SAT,19.2363
58.4,25x25,5,sequential,cadical195,15625,60000,180407,SAT,10.5849
58.4,25x25,5,sequential,glucose4,15625,60000,180407,SAT,11.4954
58.4,25x25,5,sequential,minisat22,15625,60000,180407,SAT,9.1786
58.4,25x25,5,sequential,mergesat3,15625,60000,180407,SAT,13.8303
58.4,25x25,5,sequential,maplecm,15625,60000,180407,SAT,12.4163
58.5,25x25,5,product,cadical195,15625,25000,177907,SAT,2.8929
58.5,25x25,5,product,glucose4,15625,25000,177907,SAT,7.257
58.5,25x25,5,product,minisat22,15625,25000,177907,SAT,4.8465
58.5,25x25,5,product,mergesat3,15625,25000,177907,SAT,5.3583
58.5,25x25,5,product,maplecm,15625,25000,177907,SAT,6.7841
59.1,25x25,5,pairwise,cadical195,15625,0,752919,SAT,7.5492
59.1,25x25,5,pairwise,glucose4,15625,0,752919,SAT,17.0463
59.1,25x25,5,pairwise,minisat22,15625,0,752919,SAT,11.7428
59.1,25x25,5,pairwise,mergesat3,15625,0,752919,SAT,16.7806
59.1,25x25,5,pairwise,maplecm,15625,0,752919,SAT,17.1012
59.2,25x25,5,bitwise,cadical195,15625,12500,315419,SAT,3.0121
59.2,25x25,5,bitwise,glucose4,15625,12500,315419,SAT,11.3654
59.2,25x25,5,bitwise,minisat22,15625,12500,315419,SAT,5.2223
59.2,25x25,5,bitwise,mergesat3,15625,12500,315419,SAT,7.1086
59.2,25x25,5,bitwise,maplecm,15625,12500,315419,SAT,8.0873
59.3,25x25,5,commander,cadical195,15625,32500,217919,SAT,2.5865
59.3,25x25,5,commander,glucose4,15625,32500,217919,SAT,10.549
59.3,25x25,5,commander,minisat22,15625,32500,217919,SAT,7.04
59.3,25x25,5,commander,mergesat3,15625,32500,217919,SAT,8.8017
59.3,25x25,5,commander,maplecm,15625,32500,217919,SAT,8.5447
59.4,25x25,5,sequential,cadical195,15625,60000,180419,SAT,2.9862
59.4,25x25,5,sequential,glucose4,15625,60000,180419,SAT,5.2106
59.4,25x25,5,sequential,minisat22,15625,60000,180419,SAT,4.9098
59.4,25x25,5,sequential,mergesat3,15625,60000,180419,SAT,7.1146
59.4,25x25,5,sequential,maplecm,15625,60000,180419,SAT,6.4214
59.5,25x25,5,product,cadical195,15625,25000,177919,SAT,3.7208
59.5,25x25,5,product,glucose4,15625,25000,177919,SAT,4.7963
59.5,25x25,5,product,minisat22,15625,25000,177919,SAT,6.2115
59.5,25x25,5,product,mergesat3,15625,25000,177919,SAT,5.9927
59.5,25x25,5,product,maplecm,15625,25000,177919,SAT,5.2479
60.1,25x25,5,pairwise,cadical195,15625,0,752907,SAT,1.6472
60.1,25x25,5,pairwise,glucose4,15625,0,752907,SAT,15.8083
60.1,25x25,5,pairwise,minisat22,15625,0,752907,SAT,10.2075
60.1,25x25,5,pairwise,mergesat3,15625,0,752907,SAT,19.3206
60.1,25x25,5,pairwise,maplecm,15625,0,752907,SAT,43.6334
60.2,25x25,5,bitwise,cadical195,15625,12500,315407,SAT,0.6768
60.2,25x25,5,bitwise,glucose4,15625,12500,315407,SAT,7.7351
60.2,25x25,5,bitwise,minisat22,15625,12500,315407,SAT,7.0677
60.2,25x25,5,bitwise,mergesat3,15625,12500,315407,SAT,7.8065
60.2,25x25,5,bitwise,maplecm,15625,12500,315407,SAT,10.4771
60.3,25x25,5,commander,cadical195,15625,32500,217907,SAT,0.908
60.3,25x25,5,commander,glucose4,15625,32500,217907,SAT,8.6967
60.3,25x25,5,commander,minisat22,15625,32500,217907,SAT,11.0856
60.3,25x25,5,commander,mergesat3,15625,32500,217907,SAT,7.6879
60.3,25x25,5,commander,maplecm,15625,32500,217907,SAT,41.8487
60.4,25x25,5,sequential,cadical195,15625,60000,180407,SAT,1.5512
60.4,25x25,5,sequential,glucose4,15625,60000,180407,SAT,10.2464
60.4,25x25,5,sequential,minisat22,15625,60000,180407,SAT,4.0941
60.4,25x25,5,sequential,mergesat3,15625,60000,180407,SAT,8.3223
60.4,25x25,5,sequential,maplecm,15625,60000,180407,SAT,12.2243
60.5,25x25,5,product,cadical195,15625,25000,177907,SAT,0.5158
60.5,25x25,5,product,glucose4,15625,25000,177907,SAT,5.3619
60.5,25x25,5,product,minisat22,15625,25000,177907,SAT,3.5116
60.5,25x25,5,product,mergesat3,15625,25000,177907,SAT,5.3025
60.5,25x25,5,product,maplecm,15625,25000,177907,SAT,7.4707
61.1,25x25,5,pairwise,cadical195,15625,0,752900,SAT,2.8264
61.1,25x25,5,pairwise,glucose4,15625,0,752900,SAT,23.4706
61.1,25x25,5,pairwise,minisat22,15625,0,752900,SAT,9.7942
61.1,25x25,5,pairwise,mergesat3,15625,0,752900,SAT,15.8928
61.1,25x25,5,pairwise,maplecm,15625,0,752900,SAT,33.1785
61.2,25x25,5,bitwise,cadical195,15625,12500,315400,SAT,0.3467
61.2,25x25,5,bitwise,glucose4,15625,12500,315400,SAT,8.2046
61.2,25x25,5,bitwise,minisat22,15625,12500,315400,SAT,4.5872
61.2,25x25,5,bitwise,mergesat3,15625,12500,315400,SAT,7.5545
61.2,25x25,5,bitwise,maplecm,15625,12500,315400,SAT,11.7361
61.3,25x25,5,commander,cadical195,15625,32500,217900,SAT,0.2987
61.3,25x25,5,commander,glucose4,15625,32500,217900,SAT,11.0879
61.3,25x25,5,commander,minisat22,15625,32500,217900,SAT,4.5738
61.3,25x25,5,commander,mergesat3,15625,32500,217900,SAT,8.826
61.3,25x25,5,commander,maplecm,15625,32500,217900,SAT,33.9442
61.4,25x25,5,sequential,cadical195,15625,60000,180400,SAT,0.406
61.4,25x25,5,sequential,glucose4,15625,60000,180400,SAT,12.0302
61.4,25x25,5,sequential,minisat22,15625,60000,180400,SAT,6.3464
61.4,25x25,5,sequential,mergesat3,15625,60000,180400,SAT,8.1195
61.4,25x25,5,sequential,maplecm,15625,60000,180400,SAT,13.6515
61.5,25x25,5,product,cadical195,15625,25000,177900,SAT,0.2536
61.5,25x25,5,product,glucose4,15625,25000,177900,SAT,5.4959
61.5,25x25,5,product,minisat22,15625,25000,177900,SAT,3.7456
61.5,25x25,5,product,mergesat3,15625,25000,177900,SAT,9.4845
61.5,25x25,5,product,maplecm,15625,25000,177900,SAT,15.1804
62.1,25x25,5,pairwise,cadical195,15625,0,752932,SAT,6.9929
62.1,25x25,5,pairwise,glucose4,15625,0,752932,SAT,14.8805
62.1,25x25,5,pairwise,minisat22,15625,0,752932,SAT,9.515
62.1,25x25,5,pairwise,mergesat3,15625,0,752932,SAT,14.5981
62.1,25x25,5,pairwise,maplecm,15625,0,752932,SAT,15.7426
62.2,25x25,5,bitwise,cadical195,15625,12500,315432,SAT,3.0651
62.2,25x25,5,bitwise,glucose4,15625,12500,315432,SAT,7.3441
62.2,25x25,5,bitwise,minisat22,15625,12500,315432,SAT,4.0947
62.2,25x25,5,bitwise,mergesat3,15625,12500,315432,SAT,6.8955
62.2,25x25,5,bitwise,maplecm,15625,12500,315432,SAT,7.4234
62.3,25x25,5,commander,cadical195,15625,32500,217932,SAT,2.5058
62.3,25x25,5,commander,glucose4,15625,32500,217932,SAT,6.4944
62.3,25x25,5,commander,minisat22,15625,32500,217932,SAT,5.1037
62.3,25x25,5,commander,mergesat3,15625,32500,217932,SAT,8.9859
62.3,25x25,5,commander,maplecm,15625,32500,217932,SAT,6.9084
62.4,25x25,5,sequential,cadical195,15625,60000,180432,SAT,2.4951
62.4,25x25,5,sequential,glucose4,15625,60000,180432,SAT,5.1224
62.4,25x25,5,sequential,minisat22,15625,60000,180432,SAT,3.6763
62.4,25x25,5,sequential,mergesat3,15625,60000,180432,SAT,10.3796
62.4,25x25,5,sequential,maplecm,15625,60000,180432,SAT,5.35
62.5,25x25,5,product,cadical195,15625,25000,177932,SAT,3.2259
62.5,25x25,5,product,glucose4,15625,25000,177932,SAT,4.315
62.5,25x25,5,product,minisat22,15625,25000,177932,SAT,3.1615
62.5,25x25,5,product,mergesat3,15625,25000,177932,SAT,11.0856
62.5,25x25,5,product,maplecm,15625,25000,177932,SAT,4.5342
63.1,25x25,5,pairwise,cadical195,15625,0,752900,SAT,1.1495
63.1,25x25,5,pairwise,glucose4,15625,0,752900,SAT,15.7126
63.1,25x25,5,pairwise,minisat22,15625,0,752900,SAT,9.6727
63.1,25x25,5,pairwise,mergesat3,15625,0,752900,SAT,14.6804
63.1,25x25,5,pairwise,maplecm,15625,0,752900,SAT,27.0226
63.2,25x25,5,bitwise,cadical195,15625,12500,315400,SAT,0.5092
63.2,25x25,5,bitwise,glucose4,15625,12500,315400,SAT,7.7611
63.2,25x25,5,bitwise,minisat22,15625,12500,315400,SAT,4.5785
63.2,25x25,5,bitwise,mergesat3,15625,12500,315400,SAT,7.2435
63.2,25x25,5,bitwise,maplecm,15625,12500,315400,SAT,13.6409
63.3,25x25,5,commander,cadical195,15625,32500,217900,SAT,0.4893
63.3,25x25,5,commander,glucose4,15625,32500,217900,SAT,11.7326
63.3,25x25,5,commander,minisat22,15625,32500,217900,SAT,5.9181
63.3,25x25,5,commander,mergesat3,15625,32500,217900,SAT,9.503
63.3,25x25,5,commander,maplecm,15625,32500,217900,SAT,14.0898
63.4,25x25,5,sequential,cadical195,15625,60000,180400,SAT,0.7568
63.4,25x25,5,sequential,glucose4,15625,60000,180400,SAT,13.1196
63.4,25x25,5,sequential,minisat22,15625,60000,180400,SAT,12.9733
63.4,25x25,5,sequential,mergesat3,15625,60000,180400,SAT,9.5183
63.4,25x25,5,sequential,maplecm,15625,60000,180400,SAT,25.2026
63.5,25x25,5,product,cadical195,15625,25000,177900,SAT,0.4508
63.5,25x25,5,product,glucose4,15625,25000,177900,SAT,4.6082
63.5,25x25,5,product,minisat22,15625,25000,177900,SAT,3.5029
63.5,25x25,5,product,mergesat3,15625,25000,177900,SAT,5.1793
63.5,25x25,5,product,maplecm,15625,25000,177900,SAT,23.8987
64.1,25x25,5,pairwise,cadical195,15625,0,752938,SAT,6.7753
64.1,25x25,5,pairwise,glucose4,15625,0,752938,SAT,15.6351
64.1,25x25,5,pairwise,minisat22,15625,0,752938,SAT,9.081
64.1,25x25,5,pairwise,mergesat3,15625,0,752938,SAT,14.6683
64.1,25x25,5,pairwise,maplecm,15625,0,752938,SAT,15.6687
64.2,25x25,5,bitwise,cadical195,15625,12500,315438,SAT,3.0682
64.2,25x25,5,bitwise,glucose4,15625,12500,315438,SAT,24.3897
64.2,25x25,5,bitwise,minisat22,15625,12500,315438,SAT,4.2186
64.2,25x25,5,bitwise,mergesat3,15625,12500,315438,SAT,10.0353
64.2,25x25,5,bitwise,maplecm,15625,12500,315438,SAT,7.019
64.3,25x25,5,commander,cadical195,15625,32500,217938,SAT,3.4492
64.3,25x25,5,commander,glucose4,15625,32500,217938,SAT,6.6072
64.3,25x25,5,commander,minisat22,15625,32500,217938,SAT,4.9763
64.3,25x25,5,commander,mergesat3,15625,32500,217938,SAT,7.4097
64.3,25x25,5,commander,maplecm,15625,32500,217938,SAT,7.2845
64.4,25x25,5,sequential,cadical195,15625,60000,180438,SAT,2.4698
64.4,25x25,5,sequential,glucose4,15625,60000,180438,SAT,5.4667
64.4,25x25,5,sequential,minisat22,15625,60000,180438,SAT,3.651
64.4,25x25,5,sequential,mergesat3,15625,60000,180438,SAT,6.6957
64.4,25x25,5,sequential,maplecm,15625,60000,180438,SAT,5.5557
64.5,25x25,5,product,cadical195,15625,25000,177938,SAT,1.8049
64.5,25x25,5,product,glucose4,15625,25000,177938,SAT,4.6309
64.5,25x25,5,product,minisat22,15625,25000,177938,SAT,2.9313
64.5,25x25,5,product,mergesat3,15625,25000,177938,SAT,4.7167
64.5,25x25,5,product,maplecm,15625,25000,177938,SAT,4.7839
65.1,25x25,5,pairwise,cadical195,15625,0,752938,SAT,7.0233
65.1,25x25,5,pairwise,glucose4,15625,0,752938,SAT,15.0388
65.1,25x25,5,pairwise,minisat22,15625,0,752938,SAT,9.9182
65.1,25x25,5,pairwise,mergesat3,15625,0,752938,SAT,14.4896
65.1,25x25,5,pairwise,maplecm,15625,0,752938,SAT,16.286
65.2,25x25,5,bitwise,cadical195,15625,12500,315438,SAT,3.4269
65.2,25x25,5,bitwise,glucose4,15625,12500,315438,SAT,7.4457
65.2,25x25,5,bitwise,minisat22,15625,12500,315438,SAT,4.3558
65.2,25x25,5,bitwise,mergesat3,15625,12500,315438,SAT,8.7175
65.2,25x25,5,bitwise,maplecm,15625,12500,315438,SAT,19.5696
65.3,25x25,5,commander,cadical195,15625,32500,217938,SAT,3.6008
65.3,25x25,5,commander,glucose4,15625,32500,217938,SAT,8.0962
65.3,25x25,5,commander,minisat22,15625,32500,217938,SAT,4.5319
65.3,25x25,5,commander,mergesat3,15625,32500,217938,SAT,7.8303
65.3,25x25,5,commander,maplecm,15625,32500,217938,SAT,6.8473
65.4,25x25,5,sequential,cadical195,15625,60000,180438,SAT,2.3756
65.4,25x25,5,sequential,glucose4,15625,60000,180438,SAT,5.3914
65.4,25x25,5,sequential,minisat22,15625,60000,180438,SAT,4.1407
65.4,25x25,5,sequential,mergesat3,15625,60000,180438,SAT,6.9725
65.4,25x25,5,sequential,maplecm,15625,60000,180438,SAT,7.3486
65.5,25x25,5,product,cadical195,15625,25000,177938,SAT,2.0601
65.5,25x25,5,product,glucose4,15625,25000,177938,SAT,4.4411
65.5,25x25,5,product,minisat22,15625,25000,177938,SAT,3.7372
65.5,25x25,5,product,mergesat3,15625,25000,177938,SAT,5.6891
65.5,25x25,5,product,maplecm,15625,25000,177938,SAT,8.8064
66.1,25x25,5,pairwise,cadical195,15625,0,752925,SAT,6.7494
66.1,25x25,5,pairwise,glucose4,15625,0,752925,SAT,14.9854
66.1,25x25,5,pairwise,minisat22,15625,0,752925,SAT,13.0893
66.1,25x25,5,pairwise,mergesat3,15625,0,752925,SAT,14.7325
66.1,25x25,5,pairwise,maplecm,15625,0,752925,SAT,15.7772
66.2,25x25,5,bitwise,cadical195,15625,12500,315425,SAT,3.0337
66.2,25x25,5,bitwise,glucose4,15625,12500,315425,SAT,7.2977
66.2,25x25,5,bitwise,minisat22,15625,12500,315425,SAT,4.5844
66.2,25x25,5,bitwise,mergesat3,15625,12500,315425,SAT,9.2589
66.2,25x25,5,bitwise,maplecm,15625,12500,315425,SAT,7.2832
66.3,25x25,5,commander,cadical195,15625,32500,217925,SAT,3.2936
66.3,25x25,5,commander,glucose4,15625,32500,217925,SAT,7.4205
66.3,25x25,5,commander,minisat22,15625,32500,217925,SAT,4.1443
66.3,25x25,5,commander,mergesat3,15625,32500,217925,SAT,7.4706
66.3,25x25,5,commander,maplecm,15625,32500,217925,SAT,8.5273
66.4,25x25,5,sequential,cadical195,15625,60000,180425,SAT,2.3663
66.4,25x25,5,sequential,glucose4,15625,60000,180425,SAT,6.1939
66.4,25x25,5,sequential,minisat22,15625,60000,180425,SAT,3.4995
66.4,25x25,5,sequential,mergesat3,15625,60000,180425,SAT,6.3724
66.4,25x25,5,sequential,maplecm,15625,60000,180425,SAT,5.7074
66.5,25x25,5,product,cadical195,15625,25000,177925,SAT,2.1454
66.5,25x25,5,product,glucose4,15625,25000,177925,SAT,4.7299
66.5,25x25,5,product,minisat22,15625,25000,177925,SAT,3.7145
66.5,25x25,5,product,mergesat3,15625,25000,177925,SAT,5.198
66.5,25x25,5,product,maplecm,15625,25000,177925,SAT,4.9478
67.1,25x25,5,pairwise,cadical195,15625,0,752919,SAT,6.9861
67.1,25x25,5,pairwise,glucose4,15625,0,752919,SAT,15.4904
67.1,25x25,5,pairwise,minisat22,15625,0,752919,SAT,9.8164
67.1,25x25,5,pairwise,mergesat3,15625,0,752919,SAT,15.1295
67.1,25x25,5,pairwise,maplecm,15625,0,752919,SAT,25.2313
67.2,25x25,5,bitwise,cadical195,15625,12500,315419,SAT,3.4124
67.2,25x25,5,bitwise,glucose4,15625,12500,315419,SAT,7.407
67.2,25x25,5,bitwise,minisat22,15625,12500,315419,SAT,4.1443
67.2,25x25,5,bitwise,mergesat3,15625,12500,315419,SAT,7.0067
67.2,25x25,5,bitwise,maplecm,15625,12500,315419,SAT,7.0038
67.3,25x25,5,commander,cadical195,15625,32500,217919,SAT,3.453
67.3,25x25,5,commander,glucose4,15625,32500,217919,SAT,7.3662
67.3,25x25,5,commander,minisat22,15625,32500,217919,SAT,4.059
67.3,25x25,5,commander,mergesat3,15625,32500,217919,SAT,7.116
67.3,25x25,5,commander,maplecm,15625,32500,217919,SAT,8.0619
67.4,25x25,5,sequential,cadical195,15625,60000,180419,SAT,2.4165
67.4,25x25,5,sequential,glucose4,15625,60000,180419,SAT,5.3458
67.4,25x25,5,sequential,minisat22,15625,60000,180419,SAT,3.6284
67.4,25x25,5,sequential,mergesat3,15625,60000,180419,SAT,5.8894
67.4,25x25,5,sequential,maplecm,15625,60000,180419,SAT,7.5833
67.5,25x25,5,product,cadical195,15625,25000,177919,SAT,2.2015
67.5,25x25,5,product,glucose4,15625,25000,177919,SAT,4.4226
67.5,25x25,5,product,minisat22,15625,25000,177919,SAT,2.8823
67.5,25x25,5,product,mergesat3,15625,25000,177919,SAT,5.2907
67.5,25x25,5,product,maplecm,15625,25000,177919,SAT,4.553
68.1,25x25,5,pairwise,cadical195,15625,0,752913,SAT,2.336
68.1,25x25,5,pairwise,glucose4,15625,0,752913,SAT,15.5692
68.1,25x25,5,pairwise,minisat22,15625,0,752913,SAT,9.2117
68.1,25x25,5,pairwise,mergesat3,15625,0,752913,SAT,14.6944
68.1,25x25,5,pairwise,maplecm,15625,0,752913,SAT,25.7333
68.2,25x25,5,bitwise,cadical195,15625,12500,315413,SAT,1.2437
68.2,25x25,5,bitwise,glucose4,15625,12500,315413,SAT,9.4253
68.2,25x25,5,bitwise,minisat22,15625,12500,315413,SAT,4.5939
68.2,25x25,5,bitwise,mergesat3,15625,12500,315413,SAT,7.2086
68.2,25x25,5,bitwise,maplecm,15625,12500,315413,SAT,10.4768
68.3,25x25,5,commander,cadical195,15625,32500,217913,SAT,1.1259
68.3,25x25,5,commander,glucose4,15625,32500,217913,SAT,6.8579
68.3,25x25,5,commander,minisat22,15625,32500,217913,SAT,5.5009
68.3,25x25,5,commander,mergesat3,15625,32500,217913,SAT,8.8187
68.3,25x25,5,commander,maplecm,15625,32500,217913,SAT,16.7652
68.4,25x25,5,sequential,cadical195,15625,60000,180413,SAT,1.0514
68.4,25x25,5,sequential,glucose4,15625,60000,180413,SAT,5.7959
68.4,25x25,5,sequential,minisat22,15625,60000,180413,SAT,3.6743
68.4,25x25,5,sequential,mergesat3,15625,60000,180413,SAT,6.3078
68.4,25x25,5,sequential,maplecm,15625,60000,180413,SAT,12.3028
68.5,25x25,5,product,cadical195,15625,25000,177913,SAT,0.6728
68.5,25x25,5,product,glucose4,15625,25000,177913,SAT,4.6796
68.5,25x25,5,product,minisat22,15625,25000,177913,SAT,3.1098
68.5,25x25,5,product,mergesat3,15625,25000,177913,SAT,4.8194
68.5,25x25,5,product,maplecm,15625,25000,177913,SAT,8.1224
69.1,25x25,5,pairwise,cadical195,15625,0,752907,SAT,0.5909
69.1,25x25,5,pairwise,glucose4,15625,0,752907,SAT,19.8502
69.1,25x25,5,pairwise,minisat22,15625,0,752907,SAT,10.0497
69.1,25x25,5,pairwise,mergesat3,15625,0,752907,SAT,15.7967
69.1,25x25,5,pairwise,maplecm,15625,0,752907,SAT,28.387
69.2,25x25,5,bitwise,cadical195,15625,12500,315407,SAT,0.2992
69.2,25x25,5,bitwise,glucose4,15625,12500,315407,SAT,7.4099
69.2,25x25,5,bitwise,minisat22,15625,12500,315407,SAT,4.5128
69.2,25x25,5,bitwise,mergesat3,15625,12500,315407,SAT,7.8687
69.2,25x25,5,bitwise,maplecm,15625,12500,315407,SAT,12.1603
69.3,25x25,5,commander,cadical195,15625,32500,217907,SAT,0.3155
69.3,25x25,5,commander,glucose4,15625,32500,217907,SAT,8.5369
69.3,25x25,5,commander,minisat22,15625,32500,217907,SAT,6.2012
69.3,25x25,5,commander,mergesat3,15625,32500,217907,SAT,12.1986
69.3,25x25,5,commander,maplecm,15625,32500,217907,SAT,12.1928
69.4,25x25,5,sequential,cadical195,15625,60000,180407,SAT,0.4612
69.4,25x25,5,sequential,glucose4,15625,60000,180407,SAT,9.7664
69.4,25x25,5,sequential,minisat22,15625,60000,180407,SAT,3.8692
69.4,25x25,5,sequential,mergesat3,15625,60000,180407,SAT,6.3646
69.4,25x25,5,sequential,maplecm,15625,60000,180407,SAT,17.4682
69.5,25x25,5,product,cadical195,15625,25000,177907,SAT,0.2731
69.5,25x25,5,product,glucose4,15625,25000,177907,SAT,4.9016
69.5,25x25,5,product,minisat22,15625,25000,177907,SAT,3.0427
69.5,25x25,5,product,mergesat3,15625,25000,177907,SAT,5.2118
69.5,25x25,5,product,maplecm,15625,25000,177907,SAT,9.0071
70.1,25x25,5,pairwise,cadical195,15625,0,752932,SAT,6.6485
70.1,25x25,5,pairwise,glucose4,15625,0,752932,SAT,15.0018
70.1,25x25,5,pairwise,minisat22,15625,0,752932,SAT,10.1278
70.1,25x25,5,pairwise,mergesat3,15625,0,752932,SAT,14.6433
70.1,25x25,5,pairwise,maplecm,15625,0,752932,SAT,17.6141
70.2,25x25,5,bitwise,cadical195,15625,12500,315432,SAT,3.1988
70.2,25x25,5,bitwise,glucose4,15625,12500,315432,SAT,7.3773
70.2,25x25,5,bitwise,minisat22,15625,12500,315432,SAT,4.3616
70.2,25x25,5,bitwise,mergesat3,15625,12500,315432,SAT,6.7461
70.2,25x25,5,bitwise,maplecm,15625,12500,315432,SAT,6.9934
70.3,25x25,5,commander,cadical195,15625,32500,217932,SAT,2.5355
70.3,25x25,5,commander,glucose4,15625,32500,217932,SAT,7.2689
70.3,25x25,5,commander,minisat22,15625,32500,217932,SAT,4.1541
70.3,25x25,5,commander,mergesat3,15625,32500,217932,SAT,8.4607
70.3,25x25,5,commander,maplecm,15625,32500,217932,SAT,8.3119
70.4,25x25,5,sequential,cadical195,15625,60000,180432,SAT,2.4786
70.4,25x25,5,sequential,glucose4,15625,60000,180432,SAT,5.0646
70.4,25x25,5,sequential,minisat22,15625,60000,180432,SAT,4.5114
70.4,25x25,5,sequential,mergesat3,15625,60000,180432,SAT,6.4351
70.4,25x25,5,sequential,maplecm,15625,60000,180432,SAT,5.7254
70.5,25x25,5,product,cadical195,15625,25000,177932,SAT,2.3911
70.5,25x25,5,product,glucose4,15625,25000,177932,SAT,4.4438
70.5,25x25,5,product,minisat22,15625,25000,177932,SAT,9.5475
70.5,25x25,5,product,mergesat3,15625,25000,177932,SAT,6.1495
70.5,25x25,5,product,maplecm,15625,25000,177932,SAT,4.6461
71.1,25x25,5,pairwise,cadical195,15625,0,752888,SAT,0.0873
71.1,25x25,5,pairwise,glucose4,15625,0,752888,SAT,15.3665
71.1,25x25,5,pairwise,minisat22,15625,0,752888,SAT,10.0768
71.1,25x25,5,pairwise,mergesat3,15625,0,752888,SAT,15.0754
71.1,25x25,5,pairwise,maplecm,15625,0,752888,SAT,30.0751
71.2,25x25,5,bitwise,cadical195,15625,12500,315388,SAT,0.1286
71.2,25x25,5,bitwise,glucose4,15625,12500,315388,SAT,7.3097
71.2,25x25,5,bitwise,minisat22,15625,12500,315388,SAT,4.1913
71.2,25x25,5,bitwise,mergesat3,15625,12500,315388,SAT,7.8795
71.2,25x25,5,bitwise,maplecm,15625,12500,315388,SAT,12.5604
71.3,25x25,5,commander,cadical195,15625,32500,217888,SAT,0.1533
71.3,25x25,5,commander,glucose4,15625,32500,217888,SAT,6.5939
71.3,25x25,5,commander,minisat22,15625,32500,217888,SAT,4.5182
71.3,25x25,5,commander,mergesat3,15625,32500,217888,SAT,7.4834
71.3,25x25,5,commander,maplecm,15625,32500,217888,SAT,12.6379
71.4,25x25,5,sequential,cadical195,15625,60000,180388,SAT,0.5286
71.4,25x25,5,sequential,glucose4,15625,60000,180388,SAT,5.7151
71.4,25x25,5,sequential,minisat22,15625,60000,180388,SAT,3.7756
71.4,25x25,5,sequential,mergesat3,15625,60000,180388,SAT,7.1943
71.4,25x25,5,sequential,maplecm,15625,60000,180388,SAT,18.1852
71.5,25x25,5,product,cadical195,15625,25000,177888,SAT,0.1648
71.5,25x25,5,product,glucose4,15625,25000,177888,SAT,5.4481
71.5,25x25,5,product,minisat22,15625,25000,177888,SAT,3.0234
71.5,25x25,5,product,mergesat3,15625,25000,177888,SAT,5.3468
71.5,25x25,5,product,maplecm,15625,25000,177888,SAT,9.2051
72.1,25x25,5,pairwise,cadical195,15625,0,752907,SAT,6.7405
72.1,25x25,5,pairwise,glucose4,15625,0,752907,SAT,15.8556
72.1,25x25,5,pairwise,minisat22,15625,0,752907,SAT,10.7314
72.1,25x25,5,pairwise,mergesat3,15625,0,752907,SAT,20.9744
72.1,25x25,5,pairwise,maplecm,15625,0,752907,SAT,15.5401
72.2,25x25,5,bitwise,cadical195,15625,12500,315407,SAT,3.1048
72.2,25x25,5,bitwise,glucose4,15625,12500,315407,SAT,8.8751
72.2,25x25,5,bitwise,minisat22,15625,12500,315407,SAT,4.1811
72.2,25x25,5,bitwise,mergesat3,15625,12500,315407,SAT,7.3613
72.2,25x25,5,bitwise,maplecm,15625,12500,315407,SAT,7.0629
72.3,25x25,5,commander,cadical195,15625,32500,217907,SAT,3.1351
72.3,25x25,5,commander,glucose4,15625,32500,217907,SAT,6.7664
72.3,25x25,5,commander,minisat22,15625,32500,217907,SAT,4.0801
72.3,25x25,5,commander,mergesat3,15625,32500,217907,SAT,7.381
72.3,25x25,5,commander,maplecm,15625,32500,217907,SAT,18.6755
72.4,25x25,5,sequential,cadical195,15625,60000,180407,SAT,2.4539
72.4,25x25,5,sequential,glucose4,15625,60000,180407,SAT,5.34
72.4,25x25,5,sequential,minisat22,15625,60000,180407,SAT,4.0729
72.4,25x25,5,sequential,mergesat3,15625,60000,180407,SAT,6.1316
72.4,25x25,5,sequential,maplecm,15625,60000,180407,SAT,5.6496
72.5,25x25,5,product,cadical195,15625,25000,177907,SAT,1.814
72.5,25x25,5,product,glucose4,15625,25000,177907,SAT,4.4225
72.5,25x25,5,product,minisat22,15625,25000,177907,SAT,2.7826
72.5,25x25,5,product,mergesat3,15625,25000,177907,SAT,4.7357
72.5,25x25,5,product,maplecm,15625,25000,177907,SAT,4.6583
73.1,25x25,5,pairwise,cadical195,15625,0,752882,SAT,0.584
73.1,25x25,5,pairwise,glucose4,15625,0,752882,SAT,15.7907
73.1,25x25,5,pairwise,minisat22,15625,0,752882,SAT,9.221
73.1,25x25,5,pairwise,mergesat3,15625,0,752882,SAT,15.1924
73.1,25x25,5,pairwise,maplecm,15625,0,752882,SAT,29.4433
73.2,25x25,5,bitwise,cadical195,15625,12500,315382,SAT,0.297
73.2,25x25,5,bitwise,glucose4,15625,12500,315382,SAT,7.5568
73.2,25x25,5,bitwise,minisat22,15625,12500,315382,SAT,4.2564
73.2,25x25,5,bitwise,mergesat3,15625,12500,315382,SAT,6.7881
73.2,25x25,5,bitwise,maplecm,15625,12500,315382,SAT,12.356
73.3,25x25,5,commander,cadical195,15625,32500,217882,SAT,0.2935
73.3,25x25,5,commander,glucose4,15625,32500,217882,SAT,6.8542
73.3,25x25,5,commander,minisat22,15625,32500,217882,SAT,4.1711
73.3,25x25,5,commander,mergesat3,15625,32500,217882,SAT,8.0947
73.3,25x25,5,commander,maplecm,15625,32500,217882,SAT,12.0955
73.4,25x25,5,sequential,cadical195,15625,60000,180382,SAT,0.4745
73.4,25x25,5,sequential,glucose4,15625,60000,180382,SAT,5.7992
73.4,25x25,5,sequential,minisat22,15625,60000,180382,SAT,3.7663
73.4,25x25,5,sequential,mergesat3,15625,60000,180382,SAT,6.303
73.4,25x25,5,sequential,maplecm,15625,60000,180382,SAT,17.6389
73.5,25x25,5,product,cadical195,15625,25000,177882,SAT,0.2628
73.5,25x25,5,product,glucose4,15625,25000,177882,SAT,4.5205
73.5,25x25,5,product,minisat22,15625,25000,177882,SAT,3.9075
73.5,25x25,5,product,mergesat3,15625,25000,177882,SAT,5.3259
73.5,25x25,5,product,maplecm,15625,25000,177882,SAT,8.8476
74.1,25x25,5,pairwise,cadical195,15625,0,752907,SAT,7.1817
74.1,25x25,5,pairwise,glucose4,15625,0,752907,SAT,16.5763
74.1,25x25,5,pairwise,minisat22,15625,0,752907,SAT,9.4274
74.1,25x25,5,pairwise,mergesat3,15625,0,752907,SAT,14.9278
74.1,25x25,5,pairwise,maplecm,15625,0,752907,SAT,15.5508
74.2,25x25,5,bitwise,cadical195,15625,12500,315407,SAT,3.3214
74.2,25x25,5,bitwise,glucose4,15625,12500,315407,SAT,12.4743
74.2,25x25,5,bitwise,minisat22,15625,12500,315407,SAT,4.3713
74.2,25x25,5,bitwise,mergesat3,15625,12500,315407,SAT,6.9738
74.2,25x25,5,bitwise,maplecm,15625,12500,315407,SAT,15.8321
74.3,25x25,5,commander,cadical195,15625,32500,217907,SAT,2.5429
74.3,25x25,5,commander,glucose4,15625,32500,217907,SAT,7.8383
74.3,25x25,5,commander,minisat22,15625,32500,217907,SAT,3.9226
74.3,25x25,5,commander,mergesat3,15625,32500,217907,SAT,7.1223
74.3,25x25,5,commander,maplecm,15625,32500,217907,SAT,8.6144
74.4,25x25,5,sequential,cadical195,15625,60000,180407,SAT,2.7154
74.4,25x25,5,sequential,glucose4,15625,60000,180407,SAT,5.3904
74.4,25x25,5,sequential,minisat22,15625,60000,180407,SAT,3.6696
74.4,25x25,5,sequential,mergesat3,15625,60000,180407,SAT,6.2025
74.4,25x25,5,sequential,maplecm,15625,60000,180407,SAT,5.5638
74.5,25x25,5,product,cadical195,15625,25000,177907,SAT,1.8904
74.5,25x25,5,product,glucose4,15625,25000,177907,SAT,5.6837
74.5,25x25,5,product,minisat22,15625,25000,177907,SAT,3.1254
74.5,25x25,5,product,mergesat3,15625,25000,177907,SAT,5.4694
74.5,25x25,5,product,maplecm,15625,25000,177907,SAT,4.7838
75.1,25x25,5,pairwise,cadical195,15625,0,752925,SAT,6.7759
75.1,25x25,5,pairwise,glucose4,15625,0,752925,SAT,15.6454
75.1,25x25,5,pairwise,minisat22,15625,0,752925,SAT,10.1398
75.1,25x25,5,pairwise,mergesat3,15625,0,752925,SAT,15.7777
75.1,25x25,5,pairwise,maplecm,15625,0,752925,SAT,15.8234
75.2,25x25,5,bitwise,cadical195,15625,12500,315425,SAT,3.2327
75.2,25x25,5,bitwise,glucose4,15625,12500,315425,SAT,7.8006
75.2,25x25,5,bitwise,minisat22,15625,12500,315425,SAT,4.2208
75.2,25x25,5,bitwise,mergesat3,15625,12500,315425,SAT,7.4751
75.2,25x25,5,bitwise,maplecm,15625,12500,315425,SAT,6.9246
75.3,25x25,5,commander,cadical195,15625,32500,217925,SAT,3.08
75.3,25x25,5,commander,glucose4,15625,32500,217925,SAT,7.1518
75.3,25x25,5,commander,minisat22,15625,32500,217925,SAT,4.236
75.3,25x25,5,commander,mergesat3,15625,32500,217925,SAT,7.7503
75.3,25x25,5,commander,maplecm,15625,32500,217925,SAT,7.5104
75.4,25x25,5,sequential,cadical195,15625,60000,180425,SAT,2.5608
75.4,25x25,5,sequential,glucose4,15625,60000,180425,SAT,5.1232
75.4,25x25,5,sequential,minisat22,15625,60000,180425,SAT,4.9647
75.4,25x25,5,sequential,mergesat3,15625,60000,180425,SAT,6.5891
75.4,25x25,5,sequential,maplecm,15625,60000,180425,SAT,5.3567
75.5,25x25,5,product,cadical195,15625,25000,177925,SAT,1.9292
75.5,25x25,5,product,glucose4,15625,25000,177925,SAT,5.3378
75.5,25x25,5,product,minisat22,15625,25000,177925,SAT,3.7421
75.5,25x25,5,product,mergesat3,15625,25000,177925,SAT,4.8883
75.5,25x25,5,product,maplecm,15625,25000,177925,SAT,5.0684
76.1,25x25,5,pairwise,cadical195,15625,0,752875,SAT,0.0642
76.1,25x25,5,pairwise,glucose4,15625,0,752875,SAT,15.1645
76.1,25x25,5,pairwise,minisat22,15625,0,752875,SAT,10.2591
76.1,25x25,5,pairwise,mergesat3,15625,0,752875,SAT,14.8366
76.1,25x25,5,pairwise,maplecm,15625,0,752875,SAT,26.9674
76.2,25x25,5,bitwise,cadical195,15625,12500,315375,SAT,0.1931
76.2,25x25,5,bitwise,glucose4,15625,12500,315375,SAT,7.7142
76.2,25x25,5,bitwise,minisat22,15625,12500,315375,SAT,4.2618
76.2,25x25,5,bitwise,mergesat3,15625,12500,315375,SAT,7.6548
76.2,25x25,5,bitwise,maplecm,15625,12500,315375,SAT,14.6344
76.3,25x25,5,commander,cadical195,15625,32500,217875,SAT,0.164
76.3,25x25,5,commander,glucose4,15625,32500,217875,SAT,6.9138
76.3,25x25,5,commander,minisat22,15625,32500,217875,SAT,4.1918
76.3,25x25,5,commander,mergesat3,15625,32500,217875,SAT,7.3244
76.3,25x25,5,commander,maplecm,15625,32500,217875,SAT,13.6293
76.4,25x25,5,sequential,cadical195,15625,60000,180375,SAT,0.4314
76.4,25x25,5,sequential,glucose4,15625,60000,180375,SAT,6.0189
76.4,25x25,5,sequential,minisat22,15625,60000,180375,SAT,3.9372
76.4,25x25,5,sequential,mergesat3,15625,60000,180375,SAT,6.7196
76.4,25x25,5,sequential,maplecm,15625,60000,180375,SAT,24.6888
76.5,25x25,5,product,cadical195,15625,25000,177875,SAT,0.193
76.5,25x25,5,product,glucose4,15625,25000,177875,SAT,4.7334
76.5,25x25,5,product,minisat22,15625,25000,177875,SAT,3.0712
76.5,25x25,5,product,mergesat3,15625,25000,177875,SAT,5.1006
76.5,25x25,5,product,maplecm,15625,25000,177875,SAT,10.7669
77.1,25x25,5,pairwise,cadical195,15625,0,752900,SAT,0.0878
77.1,25x25,5,pairwise,glucose4,15625,0,752900,SAT,17.5405
77.1,25x25,5,pairwise,minisat22,15625,0,752900,SAT,9.7398
77.1,25x25,5,pairwise,mergesat3,15625,0,752900,SAT,14.9393
77.1,25x25,5,pairwise,maplecm,15625,0,752900,SAT,30.8954
77.2,25x25,5,bitwise,cadical195,15625,12500,315400,SAT,0.1156
77.2,25x25,5,bitwise,glucose4,15625,12500,315400,SAT,8.2403
77.2,25x25,5,bitwise,minisat22,15625,12500,315400,SAT,4.4441
77.2,25x25,5,bitwise,mergesat3,15625,12500,315400,SAT,7.2177
77.2,25x25,5,bitwise,maplecm,15625,12500,315400,SAT,15.7022
77.3,25x25,5,commander,cadical195,15625,32500,217900,SAT,0.1428
77.3,25x25,5,commander,glucose4,15625,32500,217900,SAT,7.4648
77.3,25x25,5,commander,minisat22,15625,32500,217900,SAT,4.3658
77.3,25x25,5,commander,mergesat3,15625,32500,217900,SAT,8.3291
77.3,25x25,5,commander,maplecm,15625,32500,217900,SAT,11.7757
77.4,25x25,5,sequential,cadical195,15625,60000,180400,SAT,0.297
77.4,25x25,5,sequential,glucose4,15625,60000,180400,SAT,5.3335
77.4,25x25,5,sequential,minisat22,15625,60000,180400,SAT,3.9131
77.4,25x25,5,sequential,mergesat3,15625,60000,180400,SAT,6.2897
77.4,25x25,5,sequential,maplecm,15625,60000,180400,SAT,14.3832
77.5,25x25,5,product,cadical195,15625,25000,177900,SAT,0.1414
77.5,25x25,5,product,glucose4,15625,25000,177900,SAT,4.5485
77.5,25x25,5,product,minisat22,15625,25000,177900,SAT,3.0536
77.5,25x25,5,product,mergesat3,15625,25000,177900,SAT,4.965
77.5,25x25,5,product,maplecm,15625,25000,177900,SAT,7.7015
78.1,25x25,5,pairwise,cadical195,15625,0,752919,SAT,7.0477
78.1,25x25,5,pairwise,glucose4,15625,0,752919,SAT,15.5095
78.1,25x25,5,pairwise,minisat22,15625,0,752919,SAT,20.861
78.1,25x25,5,pairwise,mergesat3,15625,0,752919,SAT,15.5571
78.1,25x25,5,pairwise,maplecm,15625,0,752919,SAT,16.5679
78.2,25x25,5,bitwise,cadical195,15625,12500,315419,SAT,3.0877
78.2,25x25,5,bitwise,glucose4,15625,12500,315419,SAT,7.2369
78.2,25x25,5,bitwise,minisat22,15625,12500,315419,SAT,4.2111
78.2,25x25,5,bitwise,mergesat3,15625,12500,315419,SAT,7.0698
78.2,25x25,5,bitwise,maplecm,15625,12500,315419,SAT,7.0735
78.3,25x25,5,commander,cadical195,15625,32500,217919,SAT,2.5097
78.3,25x25,5,commander,glucose4,15625,32500,217919,SAT,6.6167
78.3,25x25,5,commander,minisat22,15625,32500,217919,SAT,6.1413
78.3,25x25,5,commander,mergesat3,15625,32500,217919,SAT,6.978
78.3,25x25,5,commander,maplecm,15625,32500,217919,SAT,7.4311
78.4,25x25,5,sequential,cadical195,15625,60000,180419,SAT,2.5065
78.4,25x25,5,sequential,glucose4,15625,60000,180419,SAT,5.2956
78.4,25x25,5,sequential,minisat22,15625,60000,180419,SAT,3.5765
78.4,25x25,5,sequential,mergesat3,15625,60000,180419,SAT,6.3996
78.4,25x25,5,sequential,maplecm,15625,60000,180419,SAT,5.4663
78.5,25x25,5,product,cadical195,15625,25000,177919,SAT,1.8391
78.5,25x25,5,product,glucose4,15625,25000,177919,SAT,4.6236
78.5,25x25,5,product,minisat22,15625,25000,177919,SAT,3.5902
78.5,25x25,5,product,mergesat3,15625,25000,177919,SAT,4.9124
78.5,25x25,5,product,maplecm,15625,25000,177919,SAT,5.3335
79.1,25x25,5,pairwise,cadical195,15625,0,752900,SAT,6.9358
79.1,25x25,5,pairwise,glucose4,15625,0,752900,SAT,15.0003
79.1,25x25,5,pairwise,minisat22,15625,0,752900,SAT,9.7809
79.1,25x25,5,pairwise,mergesat3,15625,0,752900,SAT,14.9315
79.1,25x25,5,pairwise,maplecm,15625,0,752900,SAT,16.3566
79.2,25x25,5,bitwise,cadical195,15625,12500,315400,SAT,3.1003
79.2,25x25,5,bitwise,glucose4,15625,12500,315400,SAT,9.276
79.2,25x25,5,bitwise,minisat22,15625,12500,315400,SAT,4.1881
79.2,25x25,5,bitwise,mergesat3,15625,12500,315400,SAT,7.1995
79.2,25x25,5,bitwise,maplecm,15625,12500,315400,SAT,8.2263
79.3,25x25,5,commander,cadical195,15625,32500,217900,SAT,2.4966
79.3,25x25,5,commander,glucose4,15625,32500,217900,SAT,7.0264
79.3,25x25,5,commander,minisat22,15625,32500,217900,SAT,4.0731
79.3,25x25,5,commander,mergesat3,15625,32500,217900,SAT,7.2998
79.3,25x25,5,commander,maplecm,15625,32500,217900,SAT,7.1424
79.4,25x25,5,sequential,cadical195,15625,60000,180400,SAT,2.4188
79.4,25x25,5,sequential,glucose4,15625,60000,180400,SAT,5.2459
79.4,25x25,5,sequential,minisat22,15625,60000,180400,SAT,3.7136
79.4,25x25,5,sequential,mergesat3,15625,60000,180400,SAT,6.0071
79.4,25x25,5,sequential,maplecm,15625,60000,180400,SAT,5.8732
79.5,25x25,5,product,cadical195,15625,25000,177900,SAT,1.8198
79.5,25x25,5,product,glucose4,15625,25000,177900,SAT,5.1615
79.5,25x25,5,product,minisat22,15625,25000,177900,SAT,3.0513
79.5,25x25,5,product,mergesat3,15625,25000,177900,SAT,4.8403
79.5,25x25,5,product,maplecm,15625,25000,177900,SAT,4.5888
80.1,25x25,5,pairwise,cadical195,15625,0,752907,SAT,6.0406
80.1,25x25,5,pairwise,glucose4,15625,0,752907,SAT,15.9977
80.1,25x25,5,pairwise,minisat22,15625,0,752907,SAT,9.4187
80.1,25x25,5,pairwise,mergesat3,15625,0,752907,SAT,20.3879
80.1,25x25,5,pairwise,maplecm,15625,0,752907,SAT,16.7081
80.2,25x25,5,bitwise,cadical195,15625,12500,315407,SAT,4.0287
80.2,25x25,5,bitwise,glucose4,15625,12500,315407,SAT,7.4242
80.2,25x25,5,bitwise,minisat22,15625,12500,315407,SAT,4.3173
80.2,25x25,5,bitwise,mergesat3,15625,12500,315407,SAT,7.0666
80.2,25x25,5,bitwise,maplecm,15625,12500,315407,SAT,7.1792
80.3,25x25,5,commander,cadical195,15625,32500,217907,SAT,2.5638
80.3,25x25,5,commander,glucose4,15625,32500,217907,SAT,7.7614
80.3,25x25,5,commander,minisat22,15625,32500,217907,SAT,4.122
80.3,25x25,5,commander,mergesat3,15625,32500,217907,SAT,8.5171
80.3,25x25,5,commander,maplecm,15625,32500,217907,SAT,6.9832
80.4,25x25,5,sequential,cadical195,15625,60000,180407,SAT,2.4481
80.4,25x25,5,sequential,glucose4,15625,60000,180407,SAT,6.0638
80.4,25x25,5,sequential,minisat22,15625,60000,180407,SAT,4.2944
80.4,25x25,5,sequential,mergesat3,15625,60000,180407,SAT,6.266
80.4,25x25,5,sequential,maplecm,15625,60000,180407,SAT,6.6532
80.5,25x25,5,product,cadical195,15625,25000,177907,SAT,1.8316
80.5,25x25,5,product,glucose4,15625,25000,177907,SAT,5.0186
80.5,25x25,5,product,minisat22,15625,25000,177907,SAT,3.0311
80.5,25x25,5,product,mergesat3,15625,25000,177907,SAT,5.2651
80.5,25x25,5,product,maplecm,15625,25000,177907,SAT,4.7594
81.1,25x25,5,pairwise,cadical195,15625,0,752894,SAT,0.0765
81.1,25x25,5,pairwise,glucose4,15625,0,752894,SAT,15.8286
81.1,25x25,5,pairwise,minisat22,15625,0,752894,SAT,13.6589
81.1,25x25,5,pairwise,mergesat3,15625,0,752894,SAT,15.2686
81.1,25x25,5,pairwise,maplecm,15625,0,752894,SAT,25.723
81.2,25x25,5,bitwise,cadical195,15625,12500,315394,SAT,0.1008
81.2,25x25,5,bitwise,glucose4,15625,12500,315394,SAT,7.6094
81.2,25x25,5,bitwise,minisat22,15625,12500,315394,SAT,4.2444
81.2,25x25,5,bitwise,mergesat3,15625,12500,315394,SAT,10.5135
81.2,25x25,5,bitwise,maplecm,15625,12500,315394,SAT,18.6215
81.3,25x25,5,commander,cadical195,15625,32500,217894,SAT,0.129
81.3,25x25,5,commander,glucose4,15625,32500,217894,SAT,7.6679
81.3,25x25,5,commander,minisat22,15625,32500,217894,SAT,4.3761
81.3,25x25,5,commander,mergesat3,15625,32500,217894,SAT,9.3027
81.3,25x25,5,commander,maplecm,15625,32500,217894,SAT,11.4391
81.4,25x25,5,sequential,cadical195,15625,60000,180394,SAT,0.2525
81.4,25x25,5,sequential,glucose4,15625,60000,180394,SAT,7.1264
81.4,25x25,5,sequential,minisat22,15625,60000,180394,SAT,4.0774
81.4,25x25,5,sequential,mergesat3,15625,60000,180394,SAT,6.4317
81.4,25x25,5,sequential,maplecm,15625,60000,180394,SAT,30.5351
81.5,25x25,5,product,cadical195,15625,25000,177894,SAT,0.1568
81.5,25x25,5,product,glucose4,15625,25000,177894,SAT,5.5999
81.5,25x25,5,product,minisat22,15625,25000,177894,SAT,3.494
81.5,25x25,5,product,mergesat3,15625,25000,177894,SAT,4.9157
81.5,25x25,5,product,maplecm,15625,25000,177894,SAT,7.8291
82.1,25x25,5,pairwise,cadical195,15625,0,752932,SAT,7.0807
82.1,25x25,5,pairwise,glucose4,15625,0,752932,SAT,15.4217
82.1,25x25,5,pairwise,minisat22,15625,0,752932,SAT,9.2525
82.1,25x25,5,pairwise,mergesat3,15625,0,752932,SAT,14.8039
82.1,25x25,5,pairwise,maplecm,15625,0,752932,SAT,15.6171
82.2,25x25,5,bitwise,cadical195,15625,12500,315432,SAT,3.0622
82.2,25x25,5,bitwise,glucose4,15625,12500,315432,SAT,10.3018
82.2,25x25,5,bitwise,minisat22,15625,12500,315432,SAT,4.4134
82.2,25x25,5,bitwise,mergesat3,15625,12500,315432,SAT,7.4154
82.2,25x25,5,bitwise,maplecm,15625,12500,315432,SAT,7.4134
82.3,25x25,5,commander,cadical195,15625,32500,217932,SAT,2.6058
82.3,25x25,5,commander,glucose4,15625,32500,217932,SAT,7.3341
82.3,25x25,5,commander,minisat22,15625,32500,217932,SAT,4.3124
82.3,25x25,5,commander,mergesat3,15625,32500,217932,SAT,7.638
82.3,25x25,5,commander,maplecm,15625,32500,217932,SAT,7.0791
82.4,25x25,5,sequential,cadical195,15625,60000,180432,SAT,2.4787
82.4,25x25,5,sequential,glucose4,15625,60000,180432,SAT,5.8092
82.4,25x25,5,sequential,minisat22,15625,60000,180432,SAT,4.3372
82.4,25x25,5,sequential,mergesat3,15625,60000,180432,SAT,6.5661
82.4,25x25,5,sequential,maplecm,15625,60000,180432,SAT,6.1376
82.5,25x25,5,product,cadical195,15625,25000,177932,SAT,2.0936
82.5,25x25,5,product,glucose4,15625,25000,177932,SAT,4.5617
82.5,25x25,5,product,minisat22,15625,25000,177932,SAT,3.0244
82.5,25x25,5,product,mergesat3,15625,25000,177932,SAT,4.9217
82.5,25x25,5,product,maplecm,15625,25000,177932,SAT,4.9827
83.1,25x25,5,pairwise,cadical195,15625,0,752882,SAT,0.5862
83.1,25x25,5,pairwise,glucose4,15625,0,752882,SAT,15.033
83.1,25x25,5,pairwise,minisat22,15625,0,752882,SAT,9.1967
83.1,25x25,5,pairwise,mergesat3,15625,0,752882,SAT,15.3722
83.1,25x25,5,pairwise,maplecm,15625,0,752882,SAT,27.522
83.2,25x25,5,bitwise,cadical195,15625,12500,315382,SAT,0.3505
83.2,25x25,5,bitwise,glucose4,15625,12500,315382,SAT,10.027
83.2,25x25,5,bitwise,minisat22,15625,12500,315382,SAT,4.4103
83.2,25x25,5,bitwise,mergesat3,15625,12500,315382,SAT,7.4044
83.2,25x25,5,bitwise,maplecm,15625,12500,315382,SAT,13.0185
83.3,25x25,5,commander,cadical195,15625,32500,217882,SAT,0.8102
83.3,25x25,5,commander,glucose4,15625,32500,217882,SAT,6.7622
83.3,25x25,5,commander,minisat22,15625,32500,217882,SAT,7.2625
83.3,25x25,5,commander,mergesat3,15625,32500,217882,SAT,7.3805
83.3,25x25,5,commander,maplecm,15625,32500,217882,SAT,11.7403
83.4,25x25,5,sequential,cadical195,15625,60000,180382,SAT,0.4901
83.4,25x25,5,sequential,glucose4,15625,60000,180382,SAT,5.4859
83.4,25x25,5,sequential,minisat22,15625,60000,180382,SAT,4.0376
83.4,25x25,5,sequential,mergesat3,15625,60000,180382,SAT,6.506
83.4,25x25,5,sequential,maplecm,15625,60000,180382,SAT,16.9942
83.5,25x25,5,product,cadical195,15625,25000,177882,SAT,0.282
83.5,25x25,5,product,glucose4,15625,25000,177882,SAT,4.8416
83.5,25x25,5,product,minisat22,15625,25000,177882,SAT,2.9978
83.5,25x25,5,product,mergesat3,15625,25000,177882,SAT,5.0073
83.5,25x25,5,product,maplecm,15625,25000,177882,SAT,9.9134
84.1,25x25,5,pairwise,cadical195,15625,0,752900,SAT,6.5311
84.1,25x25,5,pairwise,glucose4,15625,0,752900,SAT,15.3114
84.1,25x25,5,pairwise,minisat22,15625,0,752900,SAT,17.1352
84.1,25x25,5,pairwise,mergesat3,15625,0,752900,SAT,22.5276
84.1,25x25,5,pairwise,maplecm,15625,0,752900,SAT,15.6905
84.2,25x25,5,bitwise,cadical195,15625,12500,315400,SAT,3.11
84.2,25x25,5,bitwise,glucose4,15625,12500,315400,SAT,7.9743
84.2,25x25,5,bitwise,minisat22,15625,12500,315400,SAT,4.3462
84.2,25x25,5,bitwise,mergesat3,15625,12500,315400,SAT,8.4055
84.2,25x25,5,bitwise,maplecm,15625,12500,315400,SAT,6.9966
84.3,25x25,5,commander,cadical195,15625,32500,217900,SAT,2.5487
84.3,25x25,5,commander,glucose4,15625,32500,217900,SAT,7.4957
84.3,25x25,5,commander,minisat22,15625,32500,217900,SAT,4.062
84.3,25x25,5,commander,mergesat3,15625,32500,217900,SAT,7.1733
84.3,25x25,5,commander,maplecm,15625,32500,217900,SAT,6.784
84.4,25x25,5,sequential,cadical195,15625,60000,180400,SAT,2.5128
84.4,25x25,5,sequential,glucose4,15625,60000,180400,SAT,5.1887
84.4,25x25,5,sequential,minisat22,15625,60000,180400,SAT,3.6854
84.4,25x25,5,sequential,mergesat3,15625,60000,180400,SAT,8.0182
84.4,25x25,5,sequential,maplecm,15625,60000,180400,SAT,5.6419
84.5,25x25,5,product,cadical195,15625,25000,177900,SAT,1.8252
84.5,25x25,5,product,glucose4,15625,25000,177900,SAT,6.498
84.5,25x25,5,product,minisat22,15625,25000,177900,SAT,3.5008
84.5,25x25,5,product,mergesat3,15625,25000,177900,SAT,5.3522
84.5,25x25,5,product,maplecm,15625,25000,177900,SAT,4.6381
85.1,25x25,5,pairwise,cadical195,15625,0,752907,SAT,0.1685
85.1,25x25,5,pairwise,glucose4,15625,0,752907,SAT,21.2312
85.1,25x25,5,pairwise,minisat22,15625,0,752907,SAT,9.2269
85.1,25x25,5,pairwise,mergesat3,15625,0,752907,SAT,14.7564
85.1,25x25,5,pairwise,maplecm,15625,0,752907,SAT,27.1889
85.2,25x25,5,bitwise,cadical195,15625,12500,315407,SAT,0.1518
85.2,25x25,5,bitwise,glucose4,15625,12500,315407,SAT,8.2311
85.2,25x25,5,bitwise,minisat22,15625,12500,315407,SAT,10.4329
85.2,25x25,5,bitwise,mergesat3,15625,12500,315407,SAT,14.0715
85.2,25x25,5,bitwise,maplecm,15625,12500,315407,SAT,12.3478
85.3,25x25,5,commander,cadical195,15625,32500,217907,SAT,0.1702
85.3,25x25,5,commander,glucose4,15625,32500,217907,SAT,7.2539
85.3,25x25,5,commander,minisat22,15625,32500,217907,SAT,3.9501
85.3,25x25,5,commander,mergesat3,15625,32500,217907,SAT,7.4234
85.3,25x25,5,commander,maplecm,15625,32500,217907,SAT,11.193
85.4,25x25,5,sequential,cadical195,15625,60000,180407,SAT,0.3331
85.4,25x25,5,sequential,glucose4,15625,60000,180407,SAT,5.42
85.4,25x25,5,sequential,minisat22,15625,60000,180407,SAT,5.2171
85.4,25x25,5,sequential,mergesat3,15625,60000,180407,SAT,7.0837
85.4,25x25,5,sequential,maplecm,15625,60000,180407,SAT,17.2354
85.5,25x25,5,product,cadical195,15625,25000,177907,SAT,0.172
85.5,25x25,5,product,glucose4,15625,25000,177907,SAT,6.9489
85.5,25x25,5,product,minisat22,15625,25000,177907,SAT,3.1613
85.5,25x25,5,product,mergesat3,15625,25000,177907,SAT,5.3518
85.5,25x25,5,product,maplecm,15625,25000,177907,SAT,8.7629
86.1,25x25,5,pairwise,cadical195,15625,0,752932,SAT,6.9788
86.1,25x25,5,pairwise,glucose4,15625,0,752932,SAT,15.8929
86.1,25x25,5,pairwise,minisat22,15625,0,752932,SAT,9.3044
86.1,25x25,5,pairwise,mergesat3,15625,0,752932,SAT,15.2346
86.1,25x25,5,pairwise,maplecm,15625,0,752932,SAT,16.4634
86.2,25x25,5,bitwise,cadical195,15625,12500,315432,SAT,3.8257
86.2,25x25,5,bitwise,glucose4,15625,12500,315432,SAT,8.3645
86.2,25x25,5,bitwise,minisat22,15625,12500,315432,SAT,5.2959
86.2,25x25,5,bitwise,mergesat3,15625,12500,315432,SAT,7.4652
86.2,25x25,5,bitwise,maplecm,15625,12500,315432,SAT,7.4577
86.3,25x25,5,commander,cadical195,15625,32500,217932,SAT,2.5039
86.3,25x25,5,commander,glucose4,15625,32500,217932,SAT,6.6004
86.3,25x25,5,commander,minisat22,15625,32500,217932,SAT,4.3214
86.3,25x25,5,commander,mergesat3,15625,32500,217932,SAT,7.6315
86.3,25x25,5,commander,maplecm,15625,32500,217932,SAT,7.4387
86.4,25x25,5,sequential,cadical195,15625,60000,180432,SAT,2.5448
86.4,25x25,5,sequential,glucose4,15625,60000,180432,SAT,5.1993
86.4,25x25,5,sequential,minisat22,15625,60000,180432,SAT,3.6455
86.4,25x25,5,sequential,mergesat3,15625,60000,180432,SAT,7.0876
86.4,25x25,5,sequential,maplecm,15625,60000,180432,SAT,9.9685
86.5,25x25,5,product,cadical195,15625,25000,177932,SAT,1.9034
86.5,25x25,5,product,glucose4,15625,25000,177932,SAT,4.9884
86.5,25x25,5,product,minisat22,15625,25000,177932,SAT,3.0763
86.5,25x25,5,product,mergesat3,15625,25000,177932,SAT,5.2309
86.5,25x25,5,product,maplecm,15625,25000,177932,SAT,4.6917
87.1,25x25,5,pairwise,cadical195,15625,0,752925,SAT,0.1916
87.1,25x25,5,pairwise,glucose4,15625,0,752925,SAT,16.3309
87.1,25x25,5,pairwise,minisat22,15625,0,752925,SAT,9.404
87.1,25x25,5,pairwise,mergesat3,15625,0,752925,SAT,16.6424
87.1,25x25,5,pairwise,maplecm,15625,0,752925,SAT,26.6949
87.2,25x25,5,bitwise,cadical195,15625,12500,315425,SAT,0.1649
87.2,25x25,5,bitwise,glucose4,15625,12500,315425,SAT,7.587
87.2,25x25,5,bitwise,minisat22,15625,12500,315425,SAT,6.1548
87.2,25x25,5,bitwise,mergesat3,15625,12500,315425,SAT,6.8907
87.2,25x25,5,bitwise,maplecm,15625,12500,315425,SAT,15.4581
87.3,25x25,5,commander,cadical195,15625,32500,217925,SAT,0.1778
87.3,25x25,5,commander,glucose4,15625,32500,217925,SAT,6.732
87.3,25x25,5,commander,minisat22,15625,32500,217925,SAT,4.0366
87.3,25x25,5,commander,mergesat3,15625,32500,217925,SAT,12.8353
87.3,25x25,5,commander,maplecm,15625,32500,217925,SAT,11.2877
87.4,25x25,5,sequential,cadical195,15625,60000,180425,SAT,0.3554
87.4,25x25,5,sequential,glucose4,15625,60000,180425,SAT,5.9807
87.4,25x25,5,sequential,minisat22,15625,60000,180425,SAT,3.9304
87.4,25x25,5,sequential,mergesat3,15625,60000,180425,SAT,6.4686
87.4,25x25,5,sequential,maplecm,15625,60000,180425,SAT,16.5799
87.5,25x25,5,product,cadical195,15625,25000,177925,SAT,0.1855
87.5,25x25,5,product,glucose4,15625,25000,177925,SAT,4.6154
87.5,25x25,5,product,minisat22,15625,25000,177925,SAT,3.2168
87.5,25x25,5,product,mergesat3,15625,25000,177925,SAT,5.8958
87.5,25x25,5,product,maplecm,15625,25000,177925,SAT,12.5201
88.1,25x25,5,pairwise,cadical195,15625,0,752888,SAT,7.0262
88.1,25x25,5,pairwise,glucose4,15625,0,752888,SAT,17.0499
88.1,25x25,5,pairwise,minisat22,15625,0,752888,SAT,9.4873
88.1,25x25,5,pairwise,mergesat3,15625,0,752888,SAT,15.5918
88.1,25x25,5,pairwise,maplecm,15625,0,752888,SAT,15.9753
88.2,25x25,5,bitwise,cadical195,15625,12500,315388,SAT,3.0768
88.2,25x25,5,bitwise,glucose4,15625,12500,315388,SAT,7.7863
88.2,25x25,5,bitwise,minisat22,15625,12500,315388,SAT,4.7861
88.2,25x25,5,bitwise,mergesat3,15625,12500,315388,SAT,11.844
88.2,25x25,5,bitwise,maplecm,15625,12500,315388,SAT,11.8917
88.3,25x25,5,commander,cadical195,15625,32500,217888,SAT,2.666
88.3,25x25,5,commander,glucose4,15625,32500,217888,SAT,7.0395
88.3,25x25,5,commander,minisat22,15625,32500,217888,SAT,6.1872
88.3,25x25,5,commander,mergesat3,15625,32500,217888,SAT,7.1555
88.3,25x25,5,commander,maplecm,15625,32500,217888,SAT,7.8784
88.4,25x25,5,sequential,cadical195,15625,60000,180388,SAT,2.4039
88.4,25x25,5,sequential,glucose4,15625,60000,180388,SAT,8.1422
88.4,25x25,5,sequential,minisat22,15625,60000,180388,SAT,3.6741
88.4,25x25,5,sequential,mergesat3,15625,60000,180388,SAT,6.3313
88.4,25x25,5,sequential,maplecm,15625,60000,180388,SAT,8.9384
88.5,25x25,5,product,cadical195,15625,25000,177888,SAT,2.7904
88.5,25x25,5,product,glucose4,15625,25000,177888,SAT,4.9345
88.5,25x25,5,product,minisat22,15625,25000,177888,SAT,5.7556
88.5,25x25,5,product,mergesat3,15625,25000,177888,SAT,5.5022
88.5,25x25,5,product,maplecm,15625,25000,177888,SAT,5.7733
89.1,25x25,5,pairwise,cadical195,15625,0,752913,SAT,9.4793
89.1,25x25,5,pairwise,glucose4,15625,0,752913,SAT,15.0931
89.1,25x25,5,pairwise,minisat22,15625,0,752913,SAT,10.03
89.1,25x25,5,pairwise,mergesat3,15625,0,752913,SAT,23.5218
89.1,25x25,5,pairwise,maplecm,15625,0,752913,SAT,18.2472
89.2,25x25,5,bitwise,cadical195,15625,12500,315413,SAT,3.3522
89.2,25x25,5,bitwise,glucose4,15625,12500,315413,SAT,7.592
89.2,25x25,5,bitwise,minisat22,15625,12500,315413,SAT,4.6622
89.2,25x25,5,bitwise,mergesat3,15625,12500,315413,SAT,7.4604
89.2,25x25,5,bitwise,maplecm,15625,12500,315413,SAT,7.7399
89.3,25x25,5,commander,cadical195,15625,32500,217913,SAT,3.0645
89.3,25x25,5,commander,glucose4,15625,32500,217913,SAT,12.2127
89.3,25x25,5,commander,minisat22,15625,32500,217913,SAT,6.805
89.3,25x25,5,commander,mergesat3,15625,32500,217913,SAT,8.9511
89.3,25x25,5,commander,maplecm,15625,32500,217913,SAT,9.2905
89.4,25x25,5,sequential,cadical195,15625,60000,180413,SAT,2.5422
89.4,25x25,5,sequential,glucose4,15625,60000,180413,SAT,6.5113
89.4,25x25,5,sequential,minisat22,15625,60000,180413,SAT,4.9476
89.4,25x25,5,sequential,mergesat3,15625,60000,180413,SAT,7.5627
89.4,25x25,5,sequential,maplecm,15625,60000,180413,SAT,6.2157
89.5,25x25,5,product,cadical195,15625,25000,177913,SAT,2.8444
89.5,25x25,5,product,glucose4,15625,25000,177913,SAT,4.9494
89.5,25x25,5,product,minisat22,15625,25000,177913,SAT,7.3639
89.5,25x25,5,product,mergesat3,15625,25000,177913,SAT,5.5978
89.5,25x25,5,product,maplecm,15625,25000,177913,SAT,8.8743
90.1,25x25,5,pairwise,cadical195,15625,0,752900,SAT,0.0891
90.1,25x25,5,pairwise,glucose4,15625,0,752900,SAT,16.1764
90.1,25x25,5,pairwise,minisat22,15625,0,752900,SAT,9.6933
90.1,25x25,5,pairwise,mergesat3,15625,0,752900,SAT,15.6703
90.1,25x25,5,pairwise,maplecm,15625,0,752900,SAT,33.195
90.2,25x25,5,bitwise,cadical195,15625,12500,315400,SAT,0.2826
90.2,25x25,5,bitwise,glucose4,15625,12500,315400,SAT,7.8323
90.2,25x25,5,bitwise,minisat22,15625,12500,315400,SAT,11.9569
90.2,25x25,5,bitwise,mergesat3,15625,12500,315400,SAT,26.8156
90.2,25x25,5,bitwise,maplecm,15625,12500,315400,SAT,13.6029
90.3,25x25,5,commander,cadical195,15625,32500,217900,SAT,0.1679
90.3,25x25,5,commander,glucose4,15625,32500,217900,SAT,31.5166
90.3,25x25,5,commander,minisat22,15625,32500,217900,SAT,4.7262
90.3,25x25,5,commander,mergesat3,15625,32500,217900,SAT,7.667
90.3,25x25,5,commander,maplecm,15625,32500,217900,SAT,11.9879
90.4,25x25,5,sequential,cadical195,15625,60000,180400,SAT,0.2199
90.4,25x25,5,sequential,glucose4,15625,60000,180400,SAT,5.7099
90.4,25x25,5,sequential,minisat22,15625,60000,180400,SAT,9.8173
90.4,25x25,5,sequential,mergesat3,15625,60000,180400,SAT,6.3784
90.4,25x25,5,sequential,maplecm,15625,60000,180400,SAT,11.2719
90.5,25x25,5,product,cadical195,15625,25000,177900,SAT,0.1291
90.5,25x25,5,product,glucose4,15625,25000,177900,SAT,4.8681
90.5,25x25,5,product,minisat22,15625,25000,177900,SAT,5.4417
90.5,25x25,5,product,mergesat3,15625,25000,177900,SAT,5.3758
90.5,25x25,5,product,maplecm,15625,25000,177900,SAT,8.7439
91.1,25x25,5,pairwise,cadical195,15625,0,752900,SAT,6.7773
91.1,25x25,5,pairwise,glucose4,15625,0,752900,SAT,16.2616
91.1,25x25,5,pairwise,minisat22,15625,0,752900,SAT,10.4868
91.1,25x25,5,pairwise,mergesat3,15625,0,752900,SAT,15.37
91.1,25x25,5,pairwise,maplecm,15625,0,752900,SAT,16.2806
91.2,25x25,5,bitwise,cadical195,15625,12500,315400,SAT,3.1261
91.2,25x25,5,bitwise,glucose4,15625,12500,315400,SAT,7.3248
91.2,25x25,5,bitwise,minisat22,15625,12500,315400,SAT,4.2157
91.2,25x25,5,bitwise,mergesat3,15625,12500,315400,SAT,7.0972
91.2,25x25,5,bitwise,maplecm,15625,12500,315400,SAT,7.3066
91.3,25x25,5,commander,cadical195,15625,32500,217900,SAT,3.1017
91.3,25x25,5,commander,glucose4,15625,32500,217900,SAT,6.8364
91.3,25x25,5,commander,minisat22,15625,32500,217900,SAT,4.3394
91.3,25x25,5,commander,mergesat3,15625,32500,217900,SAT,7.4387
91.3,25x25,5,commander,maplecm,15625,32500,217900,SAT,7.6121
91.4,25x25,5,sequential,cadical195,15625,60000,180400,SAT,2.4878
91.4,25x25,5,sequential,glucose4,15625,60000,180400,SAT,5.5249
91.4,25x25,5,sequential,minisat22,15625,60000,180400,SAT,3.7871
91.4,25x25,5,sequential,mergesat3,15625,60000,180400,SAT,6.3152
91.4,25x25,5,sequential,maplecm,15625,60000,180400,SAT,5.6326
91.5,25x25,5,product,cadical195,15625,25000,177900,SAT,1.8379
91.5,25x25,5,product,glucose4,15625,25000,177900,SAT,5.0222
91.5,25x25,5,product,minisat22,15625,25000,177900,SAT,3.3913
91.5,25x25,5,product,mergesat3,15625,25000,177900,SAT,4.9047
91.5,25x25,5,product,maplecm,15625,25000,177900,SAT,4.861
92.1,25x25,5,pairwise,cadical195,15625,0,752913,SAT,2.5093
92.1,25x25,5,pairwise,glucose4,15625,0,752913,SAT,16.872
92.1,25x25,5,pairwise,minisat22,15625,0,752913,SAT,9.7505
92.1,25x25,5,pairwise,mergesat3,15625,0,752913,SAT,14.7888
92.1,25x25,5,pairwise,maplecm,15625,0,752913,SAT,28.6054
92.2,25x25,5,bitwise,cadical195,15625,12500,315413,SAT,0.911
92.2,25x25,5,bitwise,glucose4,15625,12500,315413,SAT,7.6881
92.2,25x25,5,bitwise,minisat22,15625,12500,315413,SAT,4.2214
92.2,25x25,5,bitwise,mergesat3,15625,12500,315413,SAT,7.0154
92.2,25x25,5,bitwise,maplecm,15625,12500,315413,SAT,11.0456
92.3,25x25,5,commander,cadical195,15625,32500,217913,SAT,0.9597
92.3,25x25,5,commander,glucose4,15625,32500,217913,SAT,6.6663
92.3,25x25,5,commander,minisat22,15625,32500,217913,SAT,5.0191
92.3,25x25,5,commander,mergesat3,15625,32500,217913,SAT,7.8688
92.3,25x25,5,commander,maplecm,15625,32500,217913,SAT,10.7091
92.4,25x25,5,sequential,cadical195,15625,60000,180413,SAT,0.8521
92.4,25x25,5,sequential,glucose4,15625,60000,180413,SAT,5.4924
92.4,25x25,5,sequential,minisat22,15625,60000,180413,SAT,4.0144
92.4,25x25,5,sequential,mergesat3,15625,60000,180413,SAT,6.3237
92.4,25x25,5,sequential,maplecm,15625,60000,180413,SAT,11.7636
92.5,25x25,5,product,cadical195,15625,25000,177913,SAT,0.6256
92.5,25x25,5,product,glucose4,15625,25000,177913,SAT,4.6999
92.5,25x25,5,product,minisat22,15625,25000,177913,SAT,3.1674
92.5,25x25,5,product,mergesat3,15625,25000,177913,SAT,5.1458
92.5,25x25,5,product,maplecm,15625,25000,177913,SAT,7.3439
93.1,25x25,5,pairwise,cadical195,15625,0,752938,SAT,6.8433
93.1,25x25,5,pairwise,glucose4,15625,0,752938,SAT,15.5688
93.1,25x25,5,pairwise,minisat22,15625,0,752938,SAT,10.0632
93.1,25x25,5,pairwise,mergesat3,15625,0,752938,SAT,15.4277
93.1,25x25,5,pairwise,maplecm,15625,0,752938,SAT,16.5376
93.2,25x25,5,bitwise,cadical195,15625,12500,315438,SAT,3.0935
93.2,25x25,5,bitwise,glucose4,15625,12500,315438,SAT,7.9936
93.2,25x25,5,bitwise,minisat22,15625,12500,315438,SAT,4.3858
93.2,25x25,5,bitwise,mergesat3,15625,12500,315438,SAT,7.0167
93.2,25x25,5,bitwise,maplecm,15625,12500,315438,SAT,7.5734
93.3,25x25,5,commander,cadical195,15625,32500,217938,SAT,2.5338
93.3,25x25,5,commander,glucose4,15625,32500,217938,SAT,7.482
93.3,25x25,5,commander,minisat22,15625,32500,217938,SAT,6.5558
93.3,25x25,5,commander,mergesat3,15625,32500,217938,SAT,7.5857
93.3,25x25,5,commander,maplecm,15625,32500,217938,SAT,7.3781
93.4,25x25,5,sequential,cadical195,15625,60000,180438,SAT,2.4949
93.4,25x25,5,sequential,glucose4,15625,60000,180438,SAT,5.4907
93.4,25x25,5,sequential,minisat22,15625,60000,180438,SAT,3.9939
93.4,25x25,5,sequential,mergesat3,15625,60000,180438,SAT,6.7012
93.4,25x25,5,sequential,maplecm,15625,60000,180438,SAT,5.703
93.5,25x25,5,product,cadical195,15625,25000,177938,SAT,2.0351
93.5,25x25,5,product,glucose4,15625,25000,177938,SAT,4.7222
93.5,25x25,5,product,minisat22,15625,25000,177938,SAT,3.296
93.5,25x25,5,product,mergesat3,15625,25000,177938,SAT,5.4105
93.5,25x25,5,product,maplecm,15625,25000,177938,SAT,4.928
94.1,25x25,5,pairwise,cadical195,15625,0,752938,SAT,6.7204
94.1,25x25,5,pairwise,glucose4,15625,0,752938,SAT,15.4446
94.1,25x25,5,pairwise,minisat22,15625,0,752938,SAT,9.5437
94.1,25x25,5,pairwise,mergesat3,15625,0,752938,SAT,15.4857
94.1,25x25,5,pairwise,maplecm,15625,0,752938,SAT,15.9653
94.2,25x25,5,bitwise,cadical195,15625,12500,315438,SAT,3.118
94.2,25x25,5,bitwise,glucose4,15625,12500,315438,SAT,7.8647
94.2,25x25,5,bitwise,minisat22,15625,12500,315438,SAT,4.5968
94.2,25x25,5,bitwise,mergesat3,15625,12500,315438,SAT,7.1682
94.2,25x25,5,bitwise,maplecm,15625,12500,315438,SAT,7.2763
94.3,25x25,5,commander,cadical195,15625,32500,217938,SAT,2.6012
94.3,25x25,5,commander,glucose4,15625,32500,217938,SAT,6.9742
94.3,25x25,5,commander,minisat22,15625,32500,217938,SAT,4.1671
94.3,25x25,5,commander,mergesat3,15625,32500,217938,SAT,7.3924
94.3,25x25,5,commander,maplecm,15625,32500,217938,SAT,7.5561
94.4,25x25,5,sequential,cadical195,15625,60000,180438,SAT,2.4407
94.4,25x25,5,sequential,glucose4,15625,60000,180438,SAT,5.5157
94.4,25x25,5,sequential,minisat22,15625,60000,180438,SAT,4.178
94.4,25x25,5,sequential,mergesat3,15625,60000,180438,SAT,6.6567
94.4,25x25,5,sequential,maplecm,15625,60000,180438,SAT,5.704
94.5,25x25,5,product,cadical195,15625,25000,177938,SAT,1.9697
94.5,25x25,5,product,glucose4,15625,25000,177938,SAT,4.8124
94.5,25x25,5,product,minisat22,15625,25000,177938,SAT,3.3811
94.5,25x25,5,product,mergesat3,15625,25000,177938,SAT,5.4287
94.5,25x25,5,product,maplecm,15625,25000,177938,SAT,6.3583
95.1,25x25,5,pairwise,cadical195,15625,0,752882,SAT,1.2906
95.1,25x25,5,pairwise,glucose4,15625,0,752882,SAT,15.7773
95.1,25x25,5,pairwise,minisat22,15625,0,752882,SAT,9.7813
95.1,25x25,5,pairwise,mergesat3,15625,0,752882,SAT,15.6043
95.1,25x25,5,pairwise,maplecm,15625,0,752882,SAT,27.7709
95.2,25x25,5,bitwise,cadical195,15625,12500,315382,SAT,0.5502
95.2,25x25,5,bitwise,glucose4,15625,12500,315382,SAT,7.6174
95.2,25x25,5,bitwise,minisat22,15625,12500,315382,SAT,4.4437
95.2,25x25,5,bitwise,mergesat3,15625,12500,315382,SAT,7.3645
95.2,25x25,5,bitwise,maplecm,15625,12500,315382,SAT,11.0176
95.3,25x25,5,commander,cadical195,15625,32500,217882,SAT,0.474
95.3,25x25,5,commander,glucose4,15625,32500,217882,SAT,7.0262
95.3,25x25,5,commander,minisat22,15625,32500,217882,SAT,4.464
95.3,25x25,5,commander,mergesat3,15625,32500,217882,SAT,8.2017
95.3,25x25,5,commander,maplecm,15625,32500,217882,SAT,10.6885
95.4,25x25,5,sequential,cadical195,15625,60000,180382,SAT,0.5842
95.4,25x25,5,sequential,glucose4,15625,60000,180382,SAT,5.4465
95.4,25x25,5,sequential,minisat22,15625,60000,180382,SAT,3.8435
95.4,25x25,5,sequential,mergesat3,15625,60000,180382,SAT,6.5197
95.4,25x25,5,sequential,maplecm,15625,60000,180382,SAT,14.2366
95.5,25x25,5,product,cadical195,15625,25000,177882,SAT,0.5175
95.5,25x25,5,product,glucose4,15625,25000,177882,SAT,7.7703
95.5,25x25,5,product,minisat22,15625,25000,177882,SAT,3.2335
95.5,25x25,5,product,mergesat3,15625,25000,177882,SAT,5.1291
95.5,25x25,5,product,maplecm,15625,25000,177882,SAT,7.3218
96.1,25x25,5,pairwise,cadical195,15625,0,752900,SAT,3.226
96.1,25x25,5,pairwise,glucose4,15625,0,752900,SAT,15.4427
96.1,25x25,5,pairwise,minisat22,15625,0,752900,SAT,9.797
96.1,25x25,5,pairwise,mergesat3,15625,0,752900,SAT,19.0138
96.1,25x25,5,pairwise,maplecm,15625,0,752900,SAT,26.9142
96.2,25x25,5,bitwise,cadical195,15625,12500,315400,SAT,0.943
96.2,25x25,5,bitwise,glucose4,15625,12500,315400,SAT,7.7997
96.2,25x25,5,bitwise,minisat22,15625,12500,315400,SAT,4.5762
96.2,25x25,5,bitwise,mergesat3,15625,12500,315400,SAT,7.4515
96.2,25x25,5,bitwise,maplecm,15625,12500,315400,SAT,12.4588
96.3,25x25,5,commander,cadical195,15625,32500,217900,SAT,0.8036
96.3,25x25,5,commander,glucose4,15625,32500,217900,SAT,6.6659
96.3,25x25,5,commander,minisat22,15625,32500,217900,SAT,4.4695
96.3,25x25,5,commander,mergesat3,15625,32500,217900,SAT,7.6928
96.3,25x25,5,commander,maplecm,15625,32500,217900,SAT,10.6683
96.4,25x25,5,sequential,cadical195,15625,60000,180400,SAT,0.8979
96.4,25x25,5,sequential,glucose4,15625,60000,180400,SAT,5.7668
96.4,25x25,5,sequential,minisat22,15625,60000,180400,SAT,3.9904
96.4,25x25,5,sequential,mergesat3,15625,60000,180400,SAT,6.4581
96.4,25x25,5,sequential,maplecm,15625,60000,180400,SAT,12.4939
96.5,25x25,5,product,cadical195,15625,25000,177900,SAT,0.7182
96.5,25x25,5,product,glucose4,15625,25000,177900,SAT,5.1345
96.5,25x25,5,product,minisat22,15625,25000,177900,SAT,3.1242
96.5,25x25,5,product,mergesat3,15625,25000,177900,SAT,9.1556
96.5,25x25,5,product,maplecm,15625,25000,177900,SAT,9.969
97.1,25x25,5,pairwise,cadical195,15625,0,752888,SAT,0.1061
97.1,25x25,5,pairwise,glucose4,15625,0,752888,SAT,17.1268
97.1,25x25,5,pairwise,minisat22,15625,0,752888,SAT,9.5836
97.1,25x25,5,pairwise,mergesat3,15625,0,752888,SAT,15.8167
97.1,25x25,5,pairwise,maplecm,15625,0,752888,SAT,29.1323
97.2,25x25,5,bitwise,cadical195,15625,12500,315388,SAT,0.145
97.2,25x25,5,bitwise,glucose4,15625,12500,315388,SAT,9.6428
97.2,25x25,5,bitwise,minisat22,15625,12500,315388,SAT,5.5765
97.2,25x25,5,bitwise,mergesat3,15625,12500,315388,SAT,8.1203
97.2,25x25,5,bitwise,maplecm,15625,12500,315388,SAT,31.5811
97.3,25x25,5,commander,cadical195,15625,32500,217888,SAT,0.1716
97.3,25x25,5,commander,glucose4,15625,32500,217888,SAT,7.8808
97.3,25x25,5,commander,minisat22,15625,32500,217888,SAT,4.3506
97.3,25x25,5,commander,mergesat3,15625,32500,217888,SAT,7.9648
97.3,25x25,5,commander,maplecm,15625,32500,217888,SAT,14.8793
97.4,25x25,5,sequential,cadical195,15625,60000,180388,SAT,0.4494
97.4,25x25,5,sequential,glucose4,15625,60000,180388,SAT,7.7914
97.4,25x25,5,sequential,minisat22,15625,60000,180388,SAT,4.1911
97.4,25x25,5,sequential,mergesat3,15625,60000,180388,SAT,6.6606
97.4,25x25,5,sequential,maplecm,15625,60000,180388,SAT,24.7973
97.5,25x25,5,product,cadical195,15625,25000,177888,SAT,0.2123
97.5,25x25,5,product,glucose4,15625,25000,177888,SAT,4.8312
97.5,25x25,5,product,minisat22,15625,25000,177888,SAT,3.0354
97.5,25x25,5,product,mergesat3,15625,25000,177888,SAT,5.2034
97.5,25x25,5,product,maplecm,15625,25000,177888,SAT,11.9095
98.1,25x25,5,pairwise,cadical195,15625,0,752894,SAT,6.9074
98.1,25x25,5,pairwise,glucose4,15625,0,752894,SAT,15.0109
98.1,25x25,5,pairwise,minisat22,15625,0,752894,SAT,9.6062
98.1,25x25,5,pairwise,mergesat3,15625,0,752894,SAT,15.2508
98.1,25x25,5,pairwise,maplecm,15625,0,752894,SAT,15.4391
98.2,25x25,5,bitwise,cadical195,15625,12500,315394,SAT,3.026
98.2,25x25,5,bitwise,glucose4,15625,12500,315394,SAT,7.4814
98.2,25x25,5,bitwise,minisat22,15625,12500,315394,SAT,4.2392
98.2,25x25,5,bitwise,mergesat3,15625,12500,315394,SAT,7.1318
98.2,25x25,5,bitwise,maplecm,15625,12500,315394,SAT,7.143
98.3,25x25,5,commander,cadical195,15625,32500,217894,SAT,2.5676
98.3,25x25,5,commander,glucose4,15625,32500,217894,SAT,7.2529
98.3,25x25,5,commander,minisat22,15625,32500,217894,SAT,4.7679
98.3,25x25,5,commander,mergesat3,15625,32500,217894,SAT,7.7955
98.3,25x25,5,commander,maplecm,15625,32500,217894,SAT,7.3109
98.4,25x25,5,sequential,cadical195,15625,60000,180394,SAT,2.4586
98.4,25x25,5,sequential,glucose4,15625,60000,180394,SAT,5.5148
98.4,25x25,5,sequential,minisat22,15625,60000,180394,SAT,4.0275
98.4,25x25,5,sequential,mergesat3,15625,60000,180394,SAT,6.4411
98.4,25x25,5,sequential,maplecm,15625,60000,180394,SAT,5.572
98.5,25x25,5,product,cadical195,15625,25000,177894,SAT,1.8726
98.5,25x25,5,product,glucose4,15625,25000,177894,SAT,4.7114
98.5,25x25,5,product,minisat22,15625,25000,177894,SAT,3.5856
98.5,25x25,5,product,mergesat3,15625,25000,177894,SAT,4.9326
98.5,25x25,5,product,maplecm,15625,25000,177894,SAT,4.8696
99.1,25x25,5,pairwise,cadical195,15625,0,752900,SAT,6.7594
99.1,25x25,5,pairwise,glucose4,15625,0,752900,SAT,17.0351
99.1,25x25,5,pairwise,minisat22,15625,0,752900,SAT,9.6656
99.1,25x25,5,pairwise,mergesat3,15625,0,752900,SAT,16.4738
99.1,25x25,5,pairwise,maplecm,15625,0,752900,SAT,16.4784
99.2,25x25,5,bitwise,cadical195,15625,12500,315400,SAT,3.0407
99.2,25x25,5,bitwise,glucose4,15625,12500,315400,SAT,8.1567
99.2,25x25,5,bitwise,minisat22,15625,12500,315400,SAT,4.3409
99.2,25x25,5,bitwise,mergesat3,15625,12500,315400,SAT,7.5798
99.2,25x25,5,bitwise,maplecm,15625,12500,315400,SAT,8.2977
99.3,25x25,5,commander,cadical195,15625,32500,217900,SAT,2.5326
99.3,25x25,5,commander,glucose4,15625,32500,217900,SAT,6.7491
99.3,25x25,5,commander,minisat22,15625,32500,217900,SAT,5.0205
99.3,25x25,5,commander,mergesat3,15625,32500,217900,SAT,7.4943
99.3,25x25,5,commander,maplecm,15625,32500,217900,SAT,12.4127
99.4,25x25,5,sequential,cadical195,15625,60000,180400,SAT,3.0447
99.4,25x25,5,sequential,glucose4,15625,60000,180400,SAT,9.0102
99.4,25x25,5,sequential,minisat22,15625,60000,180400,SAT,4.2641
99.4,25x25,5,sequential,mergesat3,15625,60000,180400,SAT,7.366
99.4,25x25,5,sequential,maplecm,15625,60000,180400,SAT,6.092
99.5,25x25,5,product,cadical195,15625,25000,177900,SAT,2.4078
99.5,25x25,5,product,glucose4,15625,25000,177900,SAT,4.5571
99.5,25x25,5,product,minisat22,15625,25000,177900,SAT,4.2034
99.5,25x25,5,product,mergesat3,15625,25000,177900,SAT,5.0189
99.5,25x25,5,product,maplecm,15625,25000,177900,SAT,4.6502
100.1,25x25,5,pairwise,cadical195,15625,0,752919,SAT,1.136
100.1,25x25,5,pairwise,glucose4,15625,0,752919,SAT,15.5134
100.1,25x25,5,pairwise,minisat22,15625,0,752919,SAT,9.5038
100.1,25x25,5,pairwise,mergesat3,15625,0,752919,SAT,15.4773
100.1,25x25,5,pairwise,maplecm,15625,0,752919,SAT,28.886
100.2,25x25,5,bitwise,cadical195,15625,12500,315419,SAT,0.5147
100.2,25x25,5,bitwise,glucose4,15625,12500,315419,SAT,8.5685
100.2,25x25,5,bitwise,minisat22,15625,12500,315419,SAT,4.4904
100.2,25x25,5,bitwise,mergesat3,15625,12500,315419,SAT,8.7825
100.2,25x25,5,bitwise,maplecm,15625,12500,315419,SAT,12.1029
100.3,25x25,5,commander,cadical195,15625,32500,217919,SAT,0.4238
100.3,25x25,5,commander,glucose4,15625,32500,217919,SAT,7.1694
100.3,25x25,5,commander,minisat22,15625,32500,217919,SAT,4.0549
100.3,25x25,5,commander,mergesat3,15625,32500,217919,SAT,7.4591
100.3,25x25,5,commander,maplecm,15625,32500,217919,SAT,10.2919
100.4,25x25,5,sequential,cadical195,15625,60000,180419,SAT,0.5479
100.4,25x25,5,sequential,glucose4,15625,60000,180419,SAT,5.5548
100.4,25x25,5,sequential,minisat22,15625,60000,180419,SAT,3.8254
100.4,25x25,5,sequential,mergesat3,15625,60000,180419,SAT,6.2966
100.4,25x25,5,sequential,maplecm,15625,60000,180419,SAT,12.3588
100.5,25x25,5,product,cadical195,15625,25000,177919,SAT,0.3649
100.5,25x25,5,product,glucose4,15625,25000,177919,SAT,4.7129
100.5,25x25,5,product,minisat22,15625,25000,177919,SAT,3.3919
100.5,25x25,5,product,mergesat3,15625,25000,177919,SAT,5.6705
100.5,25x25,5,product,maplecm,15625,25000,177919,SAT,7.0698
101.1,4x4,2,pairwise,cadical195,64,0,452,SAT,0.0192
101.1,4x4,2,pairwise,glucose4,64,0,452,SAT,0.0464
101.1,4x4,2,pairwise,minisat22,64,0,452,SAT,0.0349
101.1,4x4,2,pairwise,mergesat3,64,0,452,SAT,0.0425
101.1,4x4,2,pairwise,maplecm,64,0,452,SAT,0.1047
101.2,4x4,2,bitwise,cadical195,64,128,580,SAT,0.0103
101.2,4x4,2,bitwise,glucose4,64,128,580,SAT,0.0557
101.2,4x4,2,bitwise,minisat22,64,128,580,SAT,0.0438
101.2,4x4,2,bitwise,mergesat3,64,128,580,SAT,0.0485
101.2,4x4,2,bitwise,maplecm,64,128,580,SAT,0.2114
101.3,4x4,2,commander,cadical195,64,192,900,SAT,0.0133
101.3,4x4,2,commander,glucose4,64,192,900,SAT,0.066
101.3,4x4,2,commander,minisat22,64,192,900,SAT,0.0541
101.3,4x4,2,commander,mergesat3,64,192,900,SAT,0.0677
101.3,4x4,2,commander,maplecm,64,192,900,SAT,0.4715
101.4,4x4,2,sequential,cadical195,64,192,580,SAT,0.0119
101.4,4x4,2,sequential,glucose4,64,192,580,SAT,0.0522
101.4,4x4,2,sequential,minisat22,64,192,580,SAT,0.0467
101.4,4x4,2,sequential,mergesat3,64,192,580,SAT,0.0554
101.4,4x4,2,sequential,maplecm,64,192,580,SAT,0.295
101.5,4x4,2,product,cadical195,64,256,708,SAT,0.0128
101.5,4x4,2,product,glucose4,64,256,708,SAT,0.0517
101.5,4x4,2,product,minisat22,64,256,708,SAT,0.0459
101.5,4x4,2,product,mergesat3,64,256,708,SAT,0.0513
101.5,4x4,2,product,maplecm,64,256,708,SAT,0.3126
102.1,4x4,2,pairwise,cadical195,64,0,451,SAT,0.0109
102.1,4x4,2,pairwise,glucose4,64,0,451,SAT,0.0409
102.1,4x4,2,pairwise,minisat22,64,0,451,SAT,0.037
102.1,4x4,2,pairwise,mergesat3,64,0,451,SAT,0.0394
102.1,4x4,2,pairwise,maplecm,64,0,451,SAT,0.1207
102.2,4x4,2,bitwise,cadical195,64,128,579,SAT,0.0123
102.2,4x4,2,bitwise,glucose4,64,128,579,SAT,0.0457
102.2,4x4,2,bitwise,minisat22,64,128,579,SAT,0.0406
102.2,4x4,2,bitwise,mergesat3,64,128,579,SAT,0.0448
102.2,4x4,2,bitwise,maplecm,64,128,579,SAT,0.2259
102.3,4x4,2,commander,cadical195,64,192,899,SAT,0.0167
102.3,4x4,2,commander,glucose4,64,192,899,SAT,0.0651
102.3,4x4,2,commander,minisat22,64,192,899,SAT,0.0551
102.3,4x4,2,commander,mergesat3,64,192,899,SAT,0.0685
102.3,4x4,2,commander,maplecm,64,192,899,SAT,0.5357
102.4,4x4,2,sequential,cadical195,64,192,579,SAT,0.015
102.4,4x4,2,sequential,glucose4,64,192,579,SAT,0.0535
102.4,4x4,2,sequential,minisat22,64,192,579,SAT,0.0483
102.4,4x4,2,sequential,mergesat3,64,192,579,SAT,0.057
102.4,4x4,2,sequential,maplecm,64,192,579,SAT,0.3214
102.5,4x4,2,product,cadical195,64,256,707,SAT,0.0166
102.5,4x4,2,product,glucose4,64,256,707,SAT,0.0555
102.5,4x4,2,product,minisat22,64,256,707,SAT,0.0513
102.5,4x4,2,product,mergesat3,64,256,707,SAT,0.0578
102.5,4x4,2,product,maplecm,64,256,707,SAT,0.3428
103.1,4x4,2,pairwise,cadical195,64,0,450,SAT,0.0125
103.1,4x4,2,pairwise,glucose4,64,0,450,SAT,0.0443
103.1,4x4,2,pairwise,minisat22,64,0,450,SAT,0.0385
103.1,4x4,2,pairwise,mergesat3,64,0,450,SAT,0.0408
103.1,4x4,2,pairwise,maplecm,64,0,450,SAT,0.2014
103.2,4x4,2,bitwise,cadical195,64,128,578,SAT,0.0151
103.2,4x4,2,bitwise,glucose4,64,128,578,SAT,0.0502
103.2,4x4,2,bitwise,minisat22,64,128,578,SAT,0.0451
103.2,4x4,2,bitwise,mergesat3,64,128,578,SAT,0.051
103.2,4x4,2,bitwise,maplecm,64,128,578,SAT,0.3407
103.3,4x4,2,commander,cadical195,64,192,898,SAT,0.0192
103.3,4x4,2,commander,glucose4,64,192,898,SAT,0.0751
103.3,4x4,2,commander,minisat22,64,192,898,SAT,0.0676
103.3,4x4,2,commander,mergesat3,64,192,898,SAT,0.0839
103.3,4x4,2,commander,maplecm,64,192,898,SAT,0.8069
103.4,4x4,2,sequential,cadical195,64,192,578,SAT,0.019
103.4,4x4,2,sequential,glucose4,64,192,578,SAT,0.065
103.4,4x4,2,sequential,minisat22,64,192,578,SAT,0.0628
103.4,4x4,2,sequential,mergesat3,64,192,578,SAT,0.0607
103.4,4x4,2,sequential,maplecm,64,192,578,SAT,0.4748
103.5,4x4,2,product,cadical195,64,256,706,SAT,0.0175
103.5,4x4,2,product,glucose4,64,256,706,SAT,0.0598
103.5,4x4,2,product,minisat22,64,256,706,SAT,0.0648
103.5,4x4,2,product,mergesat3,64,256,706,SAT,0.0661
103.5,4x4,2,product,maplecm,64,256,706,SAT,0.4763
104.1,4x4,2,pairwise,cadical195,64,0,452,SAT,0.0103
104.1,4x4,2,pairwise,glucose4,64,0,452,SAT,0.0415
104.1,4x4,2,pairwise,minisat22,64,0,452,SAT,0.0342
104.1,4x4,2,pairwise,mergesat3,64,0,452,SAT,0.0392
104.1,4x4,2,pairwise,maplecm,64,0,452,SAT,0.117
104.2,4x4,2,bitwise,cadical195,64,128,580,SAT,0.0109
104.2,4x4,2,bitwise,glucose4,64,128,580,SAT,0.049
104.2,4x4,2,bitwise,minisat22,64,128,580,SAT,0.0437
104.2,4x4,2,bitwise,mergesat3,64,128,580,SAT,0.0515
104.2,4x4,2,bitwise,maplecm,64,128,580,SAT,0.2684
104.3,4x4,2,commander,cadical195,64,192,900,SAT,0.0139
104.3,4x4,2,commander,glucose4,64,192,900,SAT,0.0663
104.3,4x4,2,commander,minisat22,64,192,900,SAT,0.0573
104.3,4x4,2,commander,mergesat3,64,192,900,SAT,0.0672
104.3,4x4,2,commander,maplecm,64,192,900,SAT,0.5579
104.4,4x4,2,sequential,cadical195,64,192,580,SAT,0.013
104.4,4x4,2,sequential,glucose4,64,192,580,SAT,0.0496
104.4,4x4,2,sequential,minisat22,64,192,580,SAT,0.0434
104.4,4x4,2,sequential,mergesat3,64,192,580,SAT,0.048
104.4,4x4,2,sequential,maplecm,64,192,580,SAT,0.3767
104.5,4x4,2,product,cadical195,64,256,708,SAT,0.0133
104.5,4x4,2,product,glucose4,64,256,708,SAT,0.0522
104.5,4x4,2,product,minisat22,64,256,708,SAT,0.0472
104.5,4x4,2,product,mergesat3,64,256,708,SAT,0.0517
104.5,4x4,2,product,maplecm,64,256,708,SAT,0.4413
105.1,4x4,2,pairwise,cadical195,64,0,450,SAT,0.0125
105.1,4x4,2,pairwise,glucose4,64,0,450,SAT,0.0446
105.1,4x4,2,pairwise,minisat22,64,0,450,SAT,0.0387
105.1,4x4,2,pairwise,mergesat3,64,0,450,SAT,0.0427
105.1,4x4,2,pairwise,maplecm,64,0,450,SAT,0.2294
105.2,4x4,2,bitwise,cadical195,64,128,578,SAT,0.0139
105.2,4x4,2,bitwise,glucose4,64,128,578,SAT,0.0473
105.2,4x4,2,bitwise,minisat22,64,128,578,SAT,0.0432
105.2,4x4,2,bitwise,mergesat3,64,128,578,SAT,0.0449
105.2,4x4,2,bitwise,maplecm,64,128,578,SAT,0.3772
105.3,4x4,2,commander,cadical195,64,192,898,SAT,0.0178
105.3,4x4,2,commander,glucose4,64,192,898,SAT,0.0696
105.3,4x4,2,commander,minisat22,64,192,898,SAT,0.0616
105.3,4x4,2,commander,mergesat3,64,192,898,SAT,0.0766
105.3,4x4,2,commander,maplecm,64,192,898,SAT,0.8371
105.4,4x4,2,sequential,cadical195,64,192,578,SAT,0.0163
105.4,4x4,2,sequential,glucose4,64,192,578,SAT,0.0529
105.4,4x4,2,sequential,minisat22,64,192,578,SAT,0.048
105.4,4x4,2,sequential,mergesat3,64,192,578,SAT,0.0557
105.4,4x4,2,sequential,maplecm,64,192,578,SAT,0.5381
105.5,4x4,2,product,cadical195,64,256,706,SAT,0.0176
105.5,4x4,2,product,glucose4,64,256,706,SAT,0.0752
105.5,4x4,2,product,minisat22,64,256,706,SAT,0.0497
105.5,4x4,2,product,mergesat3,64,256,706,SAT,0.0556
105.5,4x4,2,product,maplecm,64,256,706,SAT,0.5355
106.1,4x4,2,pairwise,cadical195,64,0,452,SAT,0.0097
106.1,4x4,2,pairwise,glucose4,64,0,452,SAT,0.0411
106.1,4x4,2,pairwise,minisat22,64,0,452,SAT,0.0337
106.1,4x4,2,pairwise,mergesat3,64,0,452,SAT,0.0379
106.1,4x4,2,pairwise,maplecm,64,0,452,SAT,0.1031
106.2,4x4,2,bitwise,cadical195,64,128,580,SAT,0.0103
106.2,4x4,2,bitwise,glucose4,64,128,580,SAT,0.0482
106.2,4x4,2,bitwise,minisat22,64,128,580,SAT,0.0429
106.2,4x4,2,bitwise,mergesat3,64,128,580,SAT,0.0497
106.2,4x4,2,bitwise,maplecm,64,128,580,SAT,0.216
106.3,4x4,2,commander,cadical195,64,192,900,SAT,0.0136
106.3,4x4,2,commander,glucose4,64,192,900,SAT,0.0625
106.3,4x4,2,commander,minisat22,64,192,900,SAT,0.0518
106.3,4x4,2,commander,mergesat3,64,192,900,SAT,0.0628
106.3,4x4,2,commander,maplecm,64,192,900,SAT,0.4578
106.4,4x4,2,sequential,cadical195,64,192,580,SAT,0.0123
106.4,4x4,2,sequential,glucose4,64,192,580,SAT,0.0523
106.4,4x4,2,sequential,minisat22,64,192,580,SAT,0.0449
106.4,4x4,2,sequential,mergesat3,64,192,580,SAT,0.0525
106.4,4x4,2,sequential,maplecm,64,192,580,SAT,0.2984
106.5,4x4,2,product,cadical195,64,256,708,SAT,0.0134
106.5,4x4,2,product,glucose4,64,256,708,SAT,0.0563
106.5,4x4,2,product,minisat22,64,256,708,SAT,0.0484
106.5,4x4,2,product,mergesat3,64,256,708,SAT,0.058
106.5,4x4,2,product,maplecm,64,256,708,SAT,0.3389
107.1,4x4,2,pairwise,cadical195,64,0,451,SAT,0.0141
107.1,4x4,2,pairwise,glucose4,64,0,451,SAT,0.0425
107.1,4x4,2,pairwise,minisat22,64,0,451,SAT,0.0358
107.1,4x4,2,pairwise,mergesat3,64,0,451,SAT,0.0399
107.1,4x4,2,pairwise,maplecm,64,0,451,SAT,0.1193
107.2,4x4,2,bitwise,cadical195,64,128,579,SAT,0.0136
107.2,4x4,2,bitwise,glucose4,64,128,579,SAT,0.0598
107.2,4x4,2,bitwise,minisat22,64,128,579,SAT,0.0465
107.2,4x4,2,bitwise,mergesat3,64,128,579,SAT,0.0521
107.2,4x4,2,bitwise,maplecm,64,128,579,SAT,0.2049
107.3,4x4,2,commander,cadical195,64,192,899,SAT,0.017
107.3,4x4,2,commander,glucose4,64,192,899,SAT,0.0758
107.3,4x4,2,commander,minisat22,64,192,899,SAT,0.0713
107.3,4x4,2,commander,mergesat3,64,192,899,SAT,0.0754
107.3,4x4,2,commander,maplecm,64,192,899,SAT,0.4669
107.4,4x4,2,sequential,cadical195,64,192,579,SAT,0.0151
107.4,4x4,2,sequential,glucose4,64,192,579,SAT,0.0509
107.4,4x4,2,sequential,minisat22,64,192,579,SAT,0.0456
107.4,4x4,2,sequential,mergesat3,64,192,579,SAT,0.0529
107.4,4x4,2,sequential,maplecm,64,192,579,SAT,0.2688
107.5,4x4,2,product,cadical195,64,256,707,SAT,0.0162
107.5,4x4,2,product,glucose4,64,256,707,SAT,0.0568
107.5,4x4,2,product,minisat22,64,256,707,SAT,0.0763
107.5,4x4,2,product,mergesat3,64,256,707,SAT,0.0606
107.5,4x4,2,product,maplecm,64,256,707,SAT,0.2752
108.1,4x4,2,pairwise,cadical195,64,0,450,SAT,0.0105
108.1,4x4,2,pairwise,glucose4,64,0,450,SAT,0.0418
108.1,4x4,2,pairwise,minisat22,64,0,450,SAT,0.0349
108.1,4x4,2,pairwise,mergesat3,64,0,450,SAT,0.0403
108.1,4x4,2,pairwise,maplecm,64,0,450,SAT,0.1258
108.2,4x4,2,bitwise,cadical195,64,128,578,SAT,0.0118
108.2,4x4,2,bitwise,glucose4,64,128,578,SAT,0.0487
108.2,4x4,2,bitwise,minisat22,64,128,578,SAT,0.0422
108.2,4x4,2,bitwise,mergesat3,64,128,578,SAT,0.0483
108.2,4x4,2,bitwise,maplecm,64,128,578,SAT,0.2237
108.3,4x4,2,commander,cadical195,64,192,898,SAT,0.0153
108.3,4x4,2,commander,glucose4,64,192,898,SAT,0.0686
108.3,4x4,2,commander,minisat22,64,192,898,SAT,0.0598
108.3,4x4,2,commander,mergesat3,64,192,898,SAT,0.0722
108.3,4x4,2,commander,maplecm,64,192,898,SAT,0.4673
108.4,4x4,2,sequential,cadical195,64,192,578,SAT,0.0145
108.4,4x4,2,sequential,glucose4,64,192,578,SAT,0.053
108.4,4x4,2,sequential,minisat22,64,192,578,SAT,0.0475
108.4,4x4,2,sequential,mergesat3,64,192,578,SAT,0.0579
108.4,4x4,2,sequential,maplecm,64,192,578,SAT,0.3473
108.5,4x4,2,product,cadical195,64,256,706,SAT,0.0148
108.5,4x4,2,product,glucose4,64,256,706,SAT,0.0544
108.5,4x4,2,product,minisat22,64,256,706,SAT,0.0495
108.5,4x4,2,product,mergesat3,64,256,706,SAT,0.0563
108.5,4x4,2,product,maplecm,64,256,706,SAT,0.3297
109.1,4x4,2,pairwise,cadical195,64,0,452,SAT,0.0121
109.1,4x4,2,pairwise,glucose4,64,0,452,SAT,0.0425
109.1,4x4,2,pairwise,minisat22,64,0,452,SAT,0.0349
109.1,4x4,2,pairwise,mergesat3,64,0,452,SAT,0.0385
109.1,4x4,2,pairwise,maplecm,64,0,452,SAT,0.1015
109.2,4x4,2,bitwise,cadical195,64,128,580,SAT,0.0105
109.2,4x4,2,bitwise,glucose4,64,128,580,SAT,0.0451
109.2,4x4,2,bitwise,minisat22,64,128,580,SAT,0.0395
109.2,4x4,2,bitwise,mergesat3,64,128,580,SAT,0.0439
109.2,4x4,2,bitwise,maplecm,64,128,580,SAT,0.2128
109.3,4x4,2,commander,cadical195,64,192,900,SAT,0.0133
109.3,4x4,2,commander,glucose4,64,192,900,SAT,0.0654
109.3,4x4,2,commander,minisat22,64,192,900,SAT,0.0524
109.3,4x4,2,commander,mergesat3,64,192,900,SAT,0.0647
109.3,4x4,2,commander,maplecm,64,192,900,SAT,0.3883
109.4,4x4,2,sequential,cadical195,64,192,580,SAT,0.0127
109.4,4x4,2,sequential,glucose4,64,192,580,SAT,0.0503
109.4,4x4,2,sequential,minisat22,64,192,580,SAT,0.044
109.4,4x4,2,sequential,mergesat3,64,192,580,SAT,0.0525
109.4,4x4,2,sequential,maplecm,64,192,580,SAT,0.2987
109.5,4x4,2,product,cadical195,64,256,708,SAT,0.0132
109.5,4x4,2,product,glucose4,64,256,708,SAT,0.0504
109.5,4x4,2,product,minisat22,64,256,708,SAT,0.0455
109.5,4x4,2,product,mergesat3,64,256,708,SAT,0.0505
109.5,4x4,2,product,maplecm,64,256,708,SAT,0.3258
110.1,4x4,2,pairwise,cadical195,64,0,452,SAT,0.0099
110.1,4x4,2,pairwise,glucose4,64,0,452,SAT,0.0401
110.1,4x4,2,pairwise,minisat22,64,0,452,SAT,0.0332
110.1,4x4,2,pairwise,mergesat3,64,0,452,SAT,0.0382
110.1,4x4,2,pairwise,maplecm,64,0,452,SAT,0.1139
110.2,4x4,2,bitwise,cadical195,64,128,580,SAT,0.0103
110.2,4x4,2,bitwise,glucose4,64,128,580,SAT,0.0465
110.2,4x4,2,bitwise,minisat22,64,128,580,SAT,0.0417
110.2,4x4,2,bitwise,mergesat3,64,128,580,SAT,0.0475
110.2,4x4,2,bitwise,maplecm,64,128,580,SAT,0.204
110.3,4x4,2,commander,cadical195,64,192,900,SAT,0.0131
110.3,4x4,2,commander,glucose4,64,192,900,SAT,0.0626
110.3,4x4,2,commander,minisat22,64,192,900,SAT,0.0528
110.3,4x4,2,commander,mergesat3,64,192,900,SAT,0.0658
110.3,4x4,2,commander,maplecm,64,192,900,SAT,0.3619
110.4,4x4,2,sequential,cadical195,64,192,580,SAT,0.0193
110.4,4x4,2,sequential,glucose4,64,192,580,SAT,0.0529
110.4,4x4,2,sequential,minisat22,64,192,580,SAT,0.0468
110.4,4x4,2,sequential,mergesat3,64,192,580,SAT,0.0547
110.4,4x4,2,sequential,maplecm,64,192,580,SAT,0.3058
110.5,4x4,2,product,cadical195,64,256,708,SAT,0.013
110.5,4x4,2,product,glucose4,64,256,708,SAT,0.0509
110.5,4x4,2,product,minisat22,64,256,708,SAT,0.0456
110.5,4x4,2,product,mergesat3,64,256,708,SAT,0.0504
110.5,4x4,2,product,maplecm,64,256,708,SAT,0.3182
111.1,4x4,2,pairwise,cadical195,64,0,452,SAT,0.0096
111.1,4x4,2,pairwise,glucose4,64,0,452,SAT,0.0385
111.1,4x4,2,pairwise,minisat22,64,0,452,SAT,0.0315
111.1,4x4,2,pairwise,mergesat3,64,0,452,SAT,0.0361
111.1,4x4,2,pairwise,maplecm,64,0,452,SAT,0.0476
111.2,4x4,2,bitwise,cadical195,64,128,580,SAT,0.0073
111.2,4x4,2,bitwise,glucose4,64,128,580,SAT,0.0431
111.2,4x4,2,bitwise,minisat22,64,128,580,SAT,0.036
111.2,4x4,2,bitwise,mergesat3,64,128,580,SAT,0.0436
111.2,4x4,2,bitwise,maplecm,64,128,580,SAT,0.0816
111.3,4x4,2,commander,cadical195,64,192,900,SAT,0.009
111.3,4x4,2,commander,glucose4,64,192,900,SAT,0.0554
111.3,4x4,2,commander,minisat22,64,192,900,SAT,0.0448
111.3,4x4,2,commander,mergesat3,64,192,900,SAT,0.0566
111.3,4x4,2,commander,maplecm,64,192,900,SAT,0.1454
111.4,4x4,2,sequential,cadical195,64,192,580,SAT,0.0086
111.4,4x4,2,sequential,glucose4,64,192,580,SAT,0.056
111.4,4x4,2,sequential,minisat22,64,192,580,SAT,0.04
111.4,4x4,2,sequential,mergesat3,64,192,580,SAT,0.0495
111.4,4x4,2,sequential,maplecm,64,192,580,SAT,0.1076
111.5,4x4,2,product,cadical195,64,256,708,SAT,0.0087
111.5,4x4,2,product,glucose4,64,256,708,SAT,0.0518
111.5,4x4,2,product,minisat22,64,256,708,SAT,0.055
111.5,4x4,2,product,mergesat3,64,256,708,SAT,0.0524
111.5,4x4,2,product,maplecm,64,256,708,SAT,0.1182
112.1,4x4,2,pairwise,cadical195,64,0,452,SAT,0.0096
112.1,4x4,2,pairwise,glucose4,64,0,452,SAT,0.0418
112.1,4x4,2,pairwise,minisat22,64,0,452,SAT,0.0346
112.1,4x4,2,pairwise,mergesat3,64,0,452,SAT,0.0399
112.1,4x4,2,pairwise,maplecm,64,0,452,SAT,0.1172
112.2,4x4,2,bitwise,cadical195,64,128,580,SAT,0.0107
112.2,4x4,2,bitwise,glucose4,64,128,580,SAT,0.0479
112.2,4x4,2,bitwise,minisat22,64,128,580,SAT,0.041
112.2,4x4,2,bitwise,mergesat3,64,128,580,SAT,0.0469
112.2,4x4,2,bitwise,maplecm,64,128,580,SAT,0.2765
112.3,4x4,2,commander,cadical195,64,192,900,SAT,0.0141
112.3,4x4,2,commander,glucose4,64,192,900,SAT,0.0688
112.3,4x4,2,commander,minisat22,64,192,900,SAT,0.0593
112.3,4x4,2,commander,mergesat3,64,192,900,SAT,0.0672
112.3,4x4,2,commander,maplecm,64,192,900,SAT,0.5626
112.4,4x4,2,sequential,cadical195,64,192,580,SAT,0.0132
112.4,4x4,2,sequential,glucose4,64,192,580,SAT,0.0552
112.4,4x4,2,sequential,minisat22,64,192,580,SAT,0.0509
112.4,4x4,2,sequential,mergesat3,64,192,580,SAT,0.06
112.4,4x4,2,sequential,maplecm,64,192,580,SAT,0.3783
112.5,4x4,2,product,cadical195,64,256,708,SAT,0.0131
112.5,4x4,2,product,glucose4,64,256,708,SAT,0.0565
112.5,4x4,2,product,minisat22,64,256,708,SAT,0.0511
112.5,4x4,2,product,mergesat3,64,256,708,SAT,0.058
112.5,4x4,2,product,maplecm,64,256,708,SAT,0.5131
113.1,4x4,2,pairwise,cadical195,64,0,451,SAT,0.0104
113.1,4x4,2,pairwise,glucose4,64,0,451,SAT,0.0426
113.1,4x4,2,pairwise,minisat22,64,0,451,SAT,0.0336
113.1,4x4,2,pairwise,mergesat3,64,0,451,SAT,0.0388
113.1,4x4,2,pairwise,maplecm,64,0,451,SAT,0.069
113.2,4x4,2,bitwise,cadical195,64,128,579,SAT,0.0086
113.2,4x4,2,bitwise,glucose4,64,128,579,SAT,0.0454
113.2,4x4,2,bitwise,minisat22,64,128,579,SAT,0.0399
113.2,4x4,2,bitwise,mergesat3,64,128,579,SAT,0.0453
113.2,4x4,2,bitwise,maplecm,64,128,579,SAT,0.1829
113.3,4x4,2,commander,cadical195,64,192,899,SAT,0.0134
113.3,4x4,2,commander,glucose4,64,192,899,SAT,0.0673
113.3,4x4,2,commander,minisat22,64,192,899,SAT,0.0503
113.3,4x4,2,commander,mergesat3,64,192,899,SAT,0.0627
113.3,4x4,2,commander,maplecm,64,192,899,SAT,0.3377
113.4,4x4,2,sequential,cadical195,64,192,579,SAT,0.0105
113.4,4x4,2,sequential,glucose4,64,192,579,SAT,0.0477
113.4,4x4,2,sequential,minisat22,64,192,579,SAT,0.0414
113.4,4x4,2,sequential,mergesat3,64,192,579,SAT,0.049
113.4,4x4,2,sequential,maplecm,64,192,579,SAT,0.2436
113.5,4x4,2,product,cadical195,64,256,707,SAT,0.0112
113.5,4x4,2,product,glucose4,64,256,707,SAT,0.0521
113.5,4x4,2,product,minisat22,64,256,707,SAT,0.0477
113.5,4x4,2,product,mergesat3,64,256,707,SAT,0.0552
113.5,4x4,2,product,maplecm,64,256,707,SAT,0.2432
114.1,4x4,2,pairwise,cadical195,64,0,452,SAT,0.0095
114.1,4x4,2,pairwise,glucose4,64,0,452,SAT,0.0418
114.1,4x4,2,pairwise,minisat22,64,0,452,SAT,0.0362
114.1,4x4,2,pairwise,mergesat3,64,0,452,SAT,0.0435
114.1,4x4,2,pairwise,maplecm,64,0,452,SAT,0.1231
114.2,4x4,2,bitwise,cadical195,64,128,580,SAT,0.0107
114.2,4x4,2,bitwise,glucose4,64,128,580,SAT,0.0463
114.2,4x4,2,bitwise,minisat22,64,128,580,SAT,0.045
114.2,4x4,2,bitwise,mergesat3,64,128,580,SAT,0.049
114.2,4x4,2,bitwise,maplecm,64,128,580,SAT,0.2727
114.3,4x4,2,commander,cadical195,64,192,900,SAT,0.014
114.3,4x4,2,commander,glucose4,64,192,900,SAT,0.0631
114.3,4x4,2,commander,minisat22,64,192,900,SAT,0.0547
114.3,4x4,2,commander,mergesat3,64,192,900,SAT,0.068
114.3,4x4,2,commander,maplecm,64,192,900,SAT,0.5222
114.4,4x4,2,sequential,cadical195,64,192,580,SAT,0.0132
114.4,4x4,2,sequential,glucose4,64,192,580,SAT,0.0517
114.4,4x4,2,sequential,minisat22,64,192,580,SAT,0.0454
114.4,4x4,2,sequential,mergesat3,64,192,580,SAT,0.055
114.4,4x4,2,sequential,maplecm,64,192,580,SAT,0.3839
114.5,4x4,2,product,cadical195,64,256,708,SAT,0.0133
114.5,4x4,2,product,glucose4,64,256,708,SAT,0.0537
114.5,4x4,2,product,minisat22,64,256,708,SAT,0.0477
114.5,4x4,2,product,mergesat3,64,256,708,SAT,0.0549
114.5,4x4,2,product,maplecm,64,256,708,SAT,0.4232
115.1,4x4,2,pairwise,cadical195,64,0,452,SAT,0.0081
115.1,4x4,2,pairwise,glucose4,64,0,452,SAT,0.0402
115.1,4x4,2,pairwise,minisat22,64,0,452,SAT,0.0331
115.1,4x4,2,pairwise,mergesat3,64,0,452,SAT,0.038
115.1,4x4,2,pairwise,maplecm,64,0,452,SAT,0.0847
115.2,4x4,2,bitwise,cadical195,64,128,580,SAT,0.0085
115.2,4x4,2,bitwise,glucose4,64,128,580,SAT,0.0447
115.2,4x4,2,bitwise,minisat22,64,128,580,SAT,0.039
115.2,4x4,2,bitwise,mergesat3,64,128,580,SAT,0.045
115.2,4x4,2,bitwise,maplecm,64,128,580,SAT,0.1568
115.3,4x4,2,commander,cadical195,64,192,900,SAT,0.0109
115.3,4x4,2,commander,glucose4,64,192,900,SAT,0.0593
115.3,4x4,2,commander,minisat22,64,192,900,SAT,0.0493
115.3,4x4,2,commander,mergesat3,64,192,900,SAT,0.0611
115.3,4x4,2,commander,maplecm,64,192,900,SAT,0.2895
115.4,4x4,2,sequential,cadical195,64,192,580,SAT,0.0101
115.4,4x4,2,sequential,glucose4,64,192,580,SAT,0.0487
115.4,4x4,2,sequential,minisat22,64,192,580,SAT,0.0476
115.4,4x4,2,sequential,mergesat3,64,192,580,SAT,0.0503
115.4,4x4,2,sequential,maplecm,64,192,580,SAT,0.2091
115.5,4x4,2,product,cadical195,64,256,708,SAT,0.0103
115.5,4x4,2,product,glucose4,64,256,708,SAT,0.052
115.5,4x4,2,product,minisat22,64,256,708,SAT,0.0441
115.5,4x4,2,product,mergesat3,64,256,708,SAT,0.0524
115.5,4x4,2,product,maplecm,64,256,708,SAT,0.2427
116.1,4x4,2,pairwise,cadical195,64,0,452,SAT,0.008
116.1,4x4,2,pairwise,glucose4,64,0,452,SAT,0.0394
116.1,4x4,2,pairwise,minisat22,64,0,452,SAT,0.0323
116.1,4x4,2,pairwise,mergesat3,64,0,452,SAT,0.0369
116.1,4x4,2,pairwise,maplecm,64,0,452,SAT,0.0583
116.2,4x4,2,bitwise,cadical195,64,128,580,SAT,0.0094
116.2,4x4,2,bitwise,glucose4,64,128,580,SAT,0.0442
116.2,4x4,2,bitwise,minisat22,64,128,580,SAT,0.0385
116.2,4x4,2,bitwise,mergesat3,64,128,580,SAT,0.0499
116.2,4x4,2,bitwise,maplecm,64,128,580,SAT,0.1095
116.3,4x4,2,commander,cadical195,64,192,900,SAT,0.0155
116.3,4x4,2,commander,glucose4,64,192,900,SAT,0.0661
116.3,4x4,2,commander,minisat22,64,192,900,SAT,0.0506
116.3,4x4,2,commander,mergesat3,64,192,900,SAT,0.0642
116.3,4x4,2,commander,maplecm,64,192,900,SAT,0.2602
116.4,4x4,2,sequential,cadical195,64,192,580,SAT,0.021
116.4,4x4,2,sequential,glucose4,64,192,580,SAT,0.05
116.4,4x4,2,sequential,minisat22,64,192,580,SAT,0.0447
116.4,4x4,2,sequential,mergesat3,64,192,580,SAT,0.0505
116.4,4x4,2,sequential,maplecm,64,192,580,SAT,0.1655
116.5,4x4,2,product,cadical195,64,256,708,SAT,0.011
116.5,4x4,2,product,glucose4,64,256,708,SAT,0.0537
116.5,4x4,2,product,minisat22,64,256,708,SAT,0.0459
116.5,4x4,2,product,mergesat3,64,256,708,SAT,0.0554
116.5,4x4,2,product,maplecm,64,256,708,SAT,0.2131
117.1,4x4,2,pairwise,cadical195,64,0,452,SAT,0.0098
117.1,4x4,2,pairwise,glucose4,64,0,452,SAT,0.0404
117.1,4x4,2,pairwise,minisat22,64,0,452,SAT,0.0325
117.1,4x4,2,pairwise,mergesat3,64,0,452,SAT,0.0387
117.1,4x4,2,pairwise,maplecm,64,0,452,SAT,0.0713
117.2,4x4,2,bitwise,cadical195,64,128,580,SAT,0.0082
117.2,4x4,2,bitwise,glucose4,64,128,580,SAT,0.0451
117.2,4x4,2,bitwise,minisat22,64,128,580,SAT,0.0392
117.2,4x4,2,bitwise,mergesat3,64,128,580,SAT,0.0471
117.2,4x4,2,bitwise,maplecm,64,128,580,SAT,0.152
117.3,4x4,2,commander,cadical195,64,192,900,SAT,0.0106
117.3,4x4,2,commander,glucose4,64,192,900,SAT,0.0582
117.3,4x4,2,commander,minisat22,64,192,900,SAT,0.0483
117.3,4x4,2,commander,mergesat3,64,192,900,SAT,0.0597
117.3,4x4,2,commander,maplecm,64,192,900,SAT,0.284
117.4,4x4,2,sequential,cadical195,64,192,580,SAT,0.0098
117.4,4x4,2,sequential,glucose4,64,192,580,SAT,0.0467
117.4,4x4,2,sequential,minisat22,64,192,580,SAT,0.0404
117.4,4x4,2,sequential,mergesat3,64,192,580,SAT,0.0473
117.4,4x4,2,sequential,maplecm,64,192,580,SAT,0.2564
117.5,4x4,2,product,cadical195,64,256,708,SAT,0.0111
117.5,4x4,2,product,glucose4,64,256,708,SAT,0.0513
117.5,4x4,2,product,minisat22,64,256,708,SAT,0.0435
117.5,4x4,2,product,mergesat3,64,256,708,SAT,0.0507
117.5,4x4,2,product,maplecm,64,256,708,SAT,0.2443
118.1,4x4,2,pairwise,cadical195,64,0,450,SAT,0.0135
118.1,4x4,2,pairwise,glucose4,64,0,450,SAT,0.0424
118.1,4x4,2,pairwise,minisat22,64,0,450,SAT,0.0369
118.1,4x4,2,pairwise,mergesat3,64,0,450,SAT,0.0419
118.1,4x4,2,pairwise,maplecm,64,0,450,SAT,0.164
118.2,4x4,2,bitwise,cadical195,64,128,578,SAT,0.0151
118.2,4x4,2,bitwise,glucose4,64,128,578,SAT,0.0504
118.2,4x4,2,bitwise,minisat22,64,128,578,SAT,0.0453
118.2,4x4,2,bitwise,mergesat3,64,128,578,SAT,0.0517
118.2,4x4,2,bitwise,maplecm,64,128,578,SAT,0.2702
118.3,4x4,2,commander,cadical195,64,192,898,SAT,0.0197
118.3,4x4,2,commander,glucose4,64,192,898,SAT,0.0802
118.3,4x4,2,commander,minisat22,64,192,898,SAT,0.0736
118.3,4x4,2,commander,mergesat3,64,192,898,SAT,0.0886
118.3,4x4,2,commander,maplecm,64,192,898,SAT,0.7422
118.4,4x4,2,sequential,cadical195,64,192,578,SAT,0.0189
118.4,4x4,2,sequential,glucose4,64,192,578,SAT,0.0557
118.4,4x4,2,sequential,minisat22,64,192,578,SAT,0.0489
118.4,4x4,2,sequential,mergesat3,64,192,578,SAT,0.0617
118.4,4x4,2,sequential,maplecm,64,192,578,SAT,0.3617
118.5,4x4,2,product,cadical195,64,256,706,SAT,0.0186
118.5,4x4,2,product,glucose4,64,256,706,SAT,0.0638
118.5,4x4,2,product,minisat22,64,256,706,SAT,0.0538
118.5,4x4,2,product,mergesat3,64,256,706,SAT,0.0668
118.5,4x4,2,product,maplecm,64,256,706,SAT,0.3639
119.1,4x4,2,pairwise,cadical195,64,0,452,SAT,0.0082
119.1,4x4,2,pairwise,glucose4,64,0,452,SAT,0.0375
119.1,4x4,2,pairwise,minisat22,64,0,452,SAT,0.0298
119.1,4x4,2,pairwise,mergesat3,64,0,452,SAT,0.0347
119.1,4x4,2,pairwise,maplecm,64,0,452,SAT,0.0331
119.2,4x4,2,bitwise,cadical195,64,128,580,SAT,0.0079
119.2,4x4,2,bitwise,glucose4,64,128,580,SAT,0.0406
119.2,4x4,2,bitwise,minisat22,64,128,580,SAT,0.0323
119.2,4x4,2,bitwise,mergesat3,64,128,580,SAT,0.0403
119.2,4x4,2,bitwise,maplecm,64,128,580,SAT,0.0374
119.3,4x4,2,commander,cadical195,64,192,900,SAT,0.0097
119.3,4x4,2,commander,glucose4,64,192,900,SAT,0.0522
119.3,4x4,2,commander,minisat22,64,192,900,SAT,0.038
119.3,4x4,2,commander,mergesat3,64,192,900,SAT,0.0504
119.3,4x4,2,commander,maplecm,64,192,900,SAT,0.0468
119.4,4x4,2,sequential,cadical195,64,192,580,SAT,0.0084
119.4,4x4,2,sequential,glucose4,64,192,580,SAT,0.0423
119.4,4x4,2,sequential,minisat22,64,192,580,SAT,0.0327
119.4,4x4,2,sequential,mergesat3,64,192,580,SAT,0.0416
119.4,4x4,2,sequential,maplecm,64,192,580,SAT,0.0388
119.5,4x4,2,product,cadical195,64,256,708,SAT,0.0085
119.5,4x4,2,product,glucose4,64,256,708,SAT,0.0455
119.5,4x4,2,product,minisat22,64,256,708,SAT,0.0349
119.5,4x4,2,product,mergesat3,64,256,708,SAT,0.0455
119.5,4x4,2,product,maplecm,64,256,708,SAT,0.042
120.1,4x4,2,pairwise,cadical195,64,0,451,SAT,0.0102
120.1,4x4,2,pairwise,glucose4,64,0,451,SAT,0.0431
120.1,4x4,2,pairwise,minisat22,64,0,451,SAT,0.0367
120.1,4x4,2,pairwise,mergesat3,64,0,451,SAT,0.0519
120.1,4x4,2,pairwise,maplecm,64,0,451,SAT,0.1779
120.2,4x4,2,bitwise,cadical195,64,128,579,SAT,0.0114
120.2,4x4,2,bitwise,glucose4,64,128,579,SAT,0.0469
120.2,4x4,2,bitwise,minisat22,64,128,579,SAT,0.0421
120.2,4x4,2,bitwise,mergesat3,64,128,579,SAT,0.0875
120.2,4x4,2,bitwise,maplecm,64,128,579,SAT,0.4067
120.3,4x4,2,commander,cadical195,64,192,899,SAT,0.0272
120.3,4x4,2,commander,glucose4,64,192,899,SAT,0.0722
120.3,4x4,2,commander,minisat22,64,192,899,SAT,0.0677
120.3,4x4,2,commander,mergesat3,64,192,899,SAT,0.0743
120.3,4x4,2,commander,maplecm,64,192,899,SAT,0.7127
120.4,4x4,2,sequential,cadical195,64,192,579,SAT,0.0148
120.4,4x4,2,sequential,glucose4,64,192,579,SAT,0.058
120.4,4x4,2,sequential,minisat22,64,192,579,SAT,0.0524
120.4,4x4,2,sequential,mergesat3,64,192,579,SAT,0.0596
120.4,4x4,2,sequential,maplecm,64,192,579,SAT,0.5591
120.5,4x4,2,product,cadical195,64,256,707,SAT,0.0145
120.5,4x4,2,product,glucose4,64,256,707,SAT,0.0558
120.5,4x4,2,product,minisat22,64,256,707,SAT,0.053
120.5,4x4,2,product,mergesat3,64,256,707,SAT,0.0588
120.5,4x4,2,product,maplecm,64,256,707,SAT,0.6635
121.1,4x4,2,pairwise,cadical195,64,0,450,SAT,0.0119
121.1,4x4,2,pairwise,glucose4,64,0,450,SAT,0.0415
121.1,4x4,2,pairwise,minisat22,64,0,450,SAT,0.0355
121.1,4x4,2,pairwise,mergesat3,64,0,450,SAT,0.0391
121.1,4x4,2,pairwise,maplecm,64,0,450,SAT,0.1186
121.2,4x4,2,bitwise,cadical195,64,128,578,SAT,0.0126
121.2,4x4,2,bitwise,glucose4,64,128,578,SAT,0.0481
121.2,4x4,2,bitwise,minisat22,64,128,578,SAT,0.0436
121.2,4x4,2,bitwise,mergesat3,64,128,578,SAT,0.0499
121.2,4x4,2,bitwise,maplecm,64,128,578,SAT,0.2033
121.3,4x4,2,commander,cadical195,64,192,898,SAT,0.0168
121.3,4x4,2,commander,glucose4,64,192,898,SAT,0.0661
121.3,4x4,2,commander,minisat22,64,192,898,SAT,0.0623
121.3,4x4,2,commander,mergesat3,64,192,898,SAT,0.0725
121.3,4x4,2,commander,maplecm,64,192,898,SAT,0.4517
121.4,4x4,2,sequential,cadical195,64,192,578,SAT,0.0149
121.4,4x4,2,sequential,glucose4,64,192,578,SAT,0.052
121.4,4x4,2,sequential,minisat22,64,192,578,SAT,0.0453
121.4,4x4,2,sequential,mergesat3,64,192,578,SAT,0.0614
121.4,4x4,2,sequential,maplecm,64,192,578,SAT,0.2593
121.5,4x4,2,product,cadical195,64,256,706,SAT,0.0158
121.5,4x4,2,product,glucose4,64,256,706,SAT,0.0564
121.5,4x4,2,product,minisat22,64,256,706,SAT,0.0516
121.5,4x4,2,product,mergesat3,64,256,706,SAT,0.0616
121.5,4x4,2,product,maplecm,64,256,706,SAT,0.2831
122.1,4x4,2,pairwise,cadical195,64,0,451,SAT,0.0102
122.1,4x4,2,pairwise,glucose4,64,0,451,SAT,0.0415
122.1,4x4,2,pairwise,minisat22,64,0,451,SAT,0.0349
122.1,4x4,2,pairwise,mergesat3,64,0,451,SAT,0.0389
122.1,4x4,2,pairwise,maplecm,64,0,451,SAT,0.1239
122.2,4x4,2,bitwise,cadical195,64,128,579,SAT,0.011
122.2,4x4,2,bitwise,glucose4,64,128,579,SAT,0.0481
122.2,4x4,2,bitwise,minisat22,64,128,579,SAT,0.0424
122.2,4x4,2,bitwise,mergesat3,64,128,579,SAT,0.0496
122.2,4x4,2,bitwise,maplecm,64,128,579,SAT,0.2255
122.3,4x4,2,commander,cadical195,64,192,899,SAT,0.0156
122.3,4x4,2,commander,glucose4,64,192,899,SAT,0.0693
122.3,4x4,2,commander,minisat22,64,192,899,SAT,0.0608
122.3,4x4,2,commander,mergesat3,64,192,899,SAT,0.0726
122.3,4x4,2,commander,maplecm,64,192,899,SAT,0.5278
122.4,4x4,2,sequential,cadical195,64,192,579,SAT,0.014
122.4,4x4,2,sequential,glucose4,64,192,579,SAT,0.0517
122.4,4x4,2,sequential,minisat22,64,192,579,SAT,0.046
122.4,4x4,2,sequential,mergesat3,64,192,579,SAT,0.0528
122.4,4x4,2,sequential,maplecm,64,192,579,SAT,0.3432
122.5,4x4,2,product,cadical195,64,256,707,SAT,0.0141
122.5,4x4,2,product,glucose4,64,256,707,SAT,0.0615
122.5,4x4,2,product,minisat22,64,256,707,SAT,0.0505
122.5,4x4,2,product,mergesat3,64,256,707,SAT,0.0556
122.5,4x4,2,product,maplecm,64,256,707,SAT,0.3426
123.1,4x4,2,pairwise,cadical195,64,0,452,SAT,0.0107
123.1,4x4,2,pairwise,glucose4,64,0,452,SAT,0.0412
123.1,4x4,2,pairwise,minisat22,64,0,452,SAT,0.048
123.1,4x4,2,pairwise,mergesat3,64,0,452,SAT,0.0393
123.1,4x4,2,pairwise,maplecm,64,0,452,SAT,0.1208
123.2,4x4,2,bitwise,cadical195,64,128,580,SAT,0.012
123.2,4x4,2,bitwise,glucose4,64,128,580,SAT,0.0473
123.2,4x4,2,bitwise,minisat22,64,128,580,SAT,0.0418
123.2,4x4,2,bitwise,mergesat3,64,128,580,SAT,0.0471
123.2,4x4,2,bitwise,maplecm,64,128,580,SAT,0.2256
123.3,4x4,2,commander,cadical195,64,192,900,SAT,0.0157
123.3,4x4,2,commander,glucose4,64,192,900,SAT,0.0646
123.3,4x4,2,commander,minisat22,64,192,900,SAT,0.0552
123.3,4x4,2,commander,mergesat3,64,192,900,SAT,0.0664
123.3,4x4,2,commander,maplecm,64,192,900,SAT,0.5484
123.4,4x4,2,sequential,cadical195,64,192,580,SAT,0.014
123.4,4x4,2,sequential,glucose4,64,192,580,SAT,0.0539
123.4,4x4,2,sequential,minisat22,64,192,580,SAT,0.0492
123.4,4x4,2,sequential,mergesat3,64,192,580,SAT,0.0573
123.4,4x4,2,sequential,maplecm,64,192,580,SAT,0.3263
123.5,4x4,2,product,cadical195,64,256,708,SAT,0.0145
123.5,4x4,2,product,glucose4,64,256,708,SAT,0.0512
123.5,4x4,2,product,minisat22,64,256,708,SAT,0.0468
123.5,4x4,2,product,mergesat3,64,256,708,SAT,0.0512
123.5,4x4,2,product,maplecm,64,256,708,SAT,0.3404
124.1,4x4,2,pairwise,cadical195,64,0,452,SAT,0.0097
124.1,4x4,2,pairwise,glucose4,64,0,452,SAT,0.041
124.1,4x4,2,pairwise,minisat22,64,0,452,SAT,0.0336
124.1,4x4,2,pairwise,mergesat3,64,0,452,SAT,0.0385
124.1,4x4,2,pairwise,maplecm,64,0,452,SAT,0.1043
124.2,4x4,2,bitwise,cadical195,64,128,580,SAT,0.01
124.2,4x4,2,bitwise,glucose4,64,128,580,SAT,0.0465
124.2,4x4,2,bitwise,minisat22,64,128,580,SAT,0.0398
124.2,4x4,2,bitwise,mergesat3,64,128,580,SAT,0.0446
124.2,4x4,2,bitwise,maplecm,64,128,580,SAT,0.2071
124.3,4x4,2,commander,cadical195,64,192,900,SAT,0.0129
124.3,4x4,2,commander,glucose4,64,192,900,SAT,0.0675
124.3,4x4,2,commander,minisat22,64,192,900,SAT,0.0542
124.3,4x4,2,commander,mergesat3,64,192,900,SAT,0.0662
124.3,4x4,2,commander,maplecm,64,192,900,SAT,0.4437
124.4,4x4,2,sequential,cadical195,64,192,580,SAT,0.012
124.4,4x4,2,sequential,glucose4,64,192,580,SAT,0.0504
124.4,4x4,2,sequential,minisat22,64,192,580,SAT,0.045
124.4,4x4,2,sequential,mergesat3,64,192,580,SAT,0.0526
124.4,4x4,2,sequential,maplecm,64,192,580,SAT,0.2995
124.5,4x4,2,product,cadical195,64,256,708,SAT,0.013
124.5,4x4,2,product,glucose4,64,256,708,SAT,0.0537
124.5,4x4,2,product,minisat22,64,256,708,SAT,0.0482
124.5,4x4,2,product,mergesat3,64,256,708,SAT,0.0572
124.5,4x4,2,product,maplecm,64,256,708,SAT,0.3198
125.1,4x4,2,pairwise,cadical195,64,0,452,SAT,0.0082
125.1,4x4,2,pairwise,glucose4,64,0,452,SAT,0.0394
125.1,4x4,2,pairwise,minisat22,64,0,452,SAT,0.0322
125.1,4x4,2,pairwise,mergesat3,64,0,452,SAT,0.0368
125.1,4x4,2,pairwise,maplecm,64,0,452,SAT,0.0697
125.2,4x4,2,bitwise,cadical195,64,128,580,SAT,0.0086
125.2,4x4,2,bitwise,glucose4,64,128,580,SAT,0.0445
125.2,4x4,2,bitwise,minisat22,64,128,580,SAT,0.0393
125.2,4x4,2,bitwise,mergesat3,64,128,580,SAT,0.0466
125.2,4x4,2,bitwise,maplecm,64,128,580,SAT,0.1487
125.3,4x4,2,commander,cadical195,64,192,900,SAT,0.0111
125.3,4x4,2,commander,glucose4,64,192,900,SAT,0.0581
125.3,4x4,2,commander,minisat22,64,192,900,SAT,0.0495
125.3,4x4,2,commander,mergesat3,64,192,900,SAT,0.0609
125.3,4x4,2,commander,maplecm,64,192,900,SAT,0.3188
125.4,4x4,2,sequential,cadical195,64,192,580,SAT,0.01
125.4,4x4,2,sequential,glucose4,64,192,580,SAT,0.0471
125.4,4x4,2,sequential,minisat22,64,192,580,SAT,0.0405
125.4,4x4,2,sequential,mergesat3,64,192,580,SAT,0.0467
125.4,4x4,2,sequential,maplecm,64,192,580,SAT,0.1885
125.5,4x4,2,product,cadical195,64,256,708,SAT,0.0104
125.5,4x4,2,product,glucose4,64,256,708,SAT,0.0789
125.5,4x4,2,product,minisat22,64,256,708,SAT,0.0452
125.5,4x4,2,product,mergesat3,64,256,708,SAT,0.0514
125.5,4x4,2,product,maplecm,64,256,708,SAT,0.2401
126.1,4x4,2,pairwise,cadical195,64,0,452,SAT,0.008
126.1,4x4,2,pairwise,glucose4,64,0,452,SAT,0.0395
126.1,4x4,2,pairwise,minisat22,64,0,452,SAT,0.0327
126.1,4x4,2,pairwise,mergesat3,64,0,452,SAT,0.038
126.1,4x4,2,pairwise,maplecm,64,0,452,SAT,0.0711
126.2,4x4,2,bitwise,cadical195,64,128,580,SAT,0.0086
126.2,4x4,2,bitwise,glucose4,64,128,580,SAT,0.0435
126.2,4x4,2,bitwise,minisat22,64,128,580,SAT,0.0375
126.2,4x4,2,bitwise,mergesat3,64,128,580,SAT,0.0438
126.2,4x4,2,bitwise,maplecm,64,128,580,SAT,0.1531
126.3,4x4,2,commander,cadical195,64,192,900,SAT,0.01
126.3,4x4,2,commander,glucose4,64,192,900,SAT,0.0575
126.3,4x4,2,commander,minisat22,64,192,900,SAT,0.048
126.3,4x4,2,commander,mergesat3,64,192,900,SAT,0.0591
126.3,4x4,2,commander,maplecm,64,192,900,SAT,0.2549
126.4,4x4,2,sequential,cadical195,64,192,580,SAT,0.0096
126.4,4x4,2,sequential,glucose4,64,192,580,SAT,0.0473
126.4,4x4,2,sequential,minisat22,64,192,580,SAT,0.0532
126.4,4x4,2,sequential,mergesat3,64,192,580,SAT,0.0496
126.4,4x4,2,sequential,maplecm,64,192,580,SAT,0.2234
126.5,4x4,2,product,cadical195,64,256,708,SAT,0.0104
126.5,4x4,2,product,glucose4,64,256,708,SAT,0.0511
126.5,4x4,2,product,minisat22,64,256,708,SAT,0.0444
126.5,4x4,2,product,mergesat3,64,256,708,SAT,0.0527
126.5,4x4,2,product,maplecm,64,256,708,SAT,0.2418
127.1,4x4,2,pairwise,cadical195,64,0,450,SAT,0.0127
127.1,4x4,2,pairwise,glucose4,64,0,450,SAT,0.0418
127.1,4x4,2,pairwise,minisat22,64,0,450,SAT,0.0467
127.1,4x4,2,pairwise,mergesat3,64,0,450,SAT,0.0404
127.1,4x4,2,pairwise,maplecm,64,0,450,SAT,0.1779
127.2,4x4,2,bitwise,cadical195,64,128,578,SAT,0.0147
127.2,4x4,2,bitwise,glucose4,64,128,578,SAT,0.0503
127.2,4x4,2,bitwise,minisat22,64,128,578,SAT,0.0461
127.2,4x4,2,bitwise,mergesat3,64,128,578,SAT,0.0525
127.2,4x4,2,bitwise,maplecm,64,128,578,SAT,0.3055
127.3,4x4,2,commander,cadical195,64,192,898,SAT,0.0191
127.3,4x4,2,commander,glucose4,64,192,898,SAT,0.0738
127.3,4x4,2,commander,minisat22,64,192,898,SAT,0.0646
127.3,4x4,2,commander,mergesat3,64,192,898,SAT,0.0786
127.3,4x4,2,commander,maplecm,64,192,898,SAT,0.7678
127.4,4x4,2,sequential,cadical195,64,192,578,SAT,0.0179
127.4,4x4,2,sequential,glucose4,64,192,578,SAT,0.0553
127.4,4x4,2,sequential,minisat22,64,192,578,SAT,0.0496
127.4,4x4,2,sequential,mergesat3,64,192,578,SAT,0.0631
127.4,4x4,2,sequential,maplecm,64,192,578,SAT,0.4146
127.5,4x4,2,product,cadical195,64,256,706,SAT,0.0177
127.5,4x4,2,product,glucose4,64,256,706,SAT,0.0571
127.5,4x4,2,product,minisat22,64,256,706,SAT,0.0584
127.5,4x4,2,product,mergesat3,64,256,706,SAT,0.0567
127.5,4x4,2,product,maplecm,64,256,706,SAT,0.4525
128.1,4x4,2,pairwise,cadical195,64,0,451,SAT,0.0101
128.1,4x4,2,pairwise,glucose4,64,0,451,SAT,0.0411
128.1,4x4,2,pairwise,minisat22,64,0,451,SAT,0.0343
128.1,4x4,2,pairwise,mergesat3,64,0,451,SAT,0.039
128.1,4x4,2,pairwise,maplecm,64,0,451,SAT,0.1477
128.2,4x4,2,bitwise,cadical195,64,128,579,SAT,0.0116
128.2,4x4,2,bitwise,glucose4,64,128,579,SAT,0.0456
128.2,4x4,2,bitwise,minisat22,64,128,579,SAT,0.072
128.2,4x4,2,bitwise,mergesat3,64,128,579,SAT,0.0452
128.2,4x4,2,bitwise,maplecm,64,128,579,SAT,0.307
128.3,4x4,2,commander,cadical195,64,192,899,SAT,0.0156
128.3,4x4,2,commander,glucose4,64,192,899,SAT,0.0643
128.3,4x4,2,commander,minisat22,64,192,899,SAT,0.0652
128.3,4x4,2,commander,mergesat3,64,192,899,SAT,0.0669
128.3,4x4,2,commander,maplecm,64,192,899,SAT,0.4926
128.4,4x4,2,sequential,cadical195,64,192,579,SAT,0.0138
128.4,4x4,2,sequential,glucose4,64,192,579,SAT,0.0517
128.4,4x4,2,sequential,minisat22,64,192,579,SAT,0.0463
128.4,4x4,2,sequential,mergesat3,64,192,579,SAT,0.0538
128.4,4x4,2,sequential,maplecm,64,192,579,SAT,0.4336
128.5,4x4,2,product,cadical195,64,256,707,SAT,0.0139
128.5,4x4,2,product,glucose4,64,256,707,SAT,0.0518
128.5,4x4,2,product,minisat22,64,256,707,SAT,0.0464
128.5,4x4,2,product,mergesat3,64,256,707,SAT,0.0506
128.5,4x4,2,product,maplecm,64,256,707,SAT,0.4619
129.1,4x4,2,pairwise,cadical195,64,0,451,SAT,0.0105
129.1,4x4,2,pairwise,glucose4,64,0,451,SAT,0.0432
129.1,4x4,2,pairwise,minisat22,64,0,451,SAT,0.0369
129.1,4x4,2,pairwise,mergesat3,64,0,451,SAT,0.0408
129.1,4x4,2,pairwise,maplecm,64,0,451,SAT,0.1744
129.2,4x4,2,bitwise,cadical195,64,128,579,SAT,0.0118
129.2,4x4,2,bitwise,glucose4,64,128,579,SAT,0.0483
129.2,4x4,2,bitwise,minisat22,64,128,579,SAT,0.0424
129.2,4x4,2,bitwise,mergesat3,64,128,579,SAT,0.0496
129.2,4x4,2,bitwise,maplecm,64,128,579,SAT,0.3865
129.3,4x4,2,commander,cadical195,64,192,899,SAT,0.0155
129.3,4x4,2,commander,glucose4,64,192,899,SAT,0.0711
129.3,4x4,2,commander,minisat22,64,192,899,SAT,0.0827
129.3,4x4,2,commander,mergesat3,64,192,899,SAT,0.0884
129.3,4x4,2,commander,maplecm,64,192,899,SAT,0.8937
129.4,4x4,2,sequential,cadical195,64,192,579,SAT,0.0145
129.4,4x4,2,sequential,glucose4,64,192,579,SAT,0.0486
129.4,4x4,2,sequential,minisat22,64,192,579,SAT,0.0445
129.4,4x4,2,sequential,mergesat3,64,192,579,SAT,0.0481
129.4,4x4,2,sequential,maplecm,64,192,579,SAT,0.581
129.5,4x4,2,product,cadical195,64,256,707,SAT,0.0153
129.5,4x4,2,product,glucose4,64,256,707,SAT,0.0528
129.5,4x4,2,product,minisat22,64,256,707,SAT,0.0484
129.5,4x4,2,product,mergesat3,64,256,707,SAT,0.0526
129.5,4x4,2,product,maplecm,64,256,707,SAT,0.6043
130.1,4x4,2,pairwise,cadical195,64,0,451,SAT,0.0105
130.1,4x4,2,pairwise,glucose4,64,0,451,SAT,0.0417
130.1,4x4,2,pairwise,minisat22,64,0,451,SAT,0.035
130.1,4x4,2,pairwise,mergesat3,64,0,451,SAT,0.0392
130.1,4x4,2,pairwise,maplecm,64,0,451,SAT,0.151
130.2,4x4,2,bitwise,cadical195,64,128,579,SAT,0.0115
130.2,4x4,2,bitwise,glucose4,64,128,579,SAT,0.0476
130.2,4x4,2,bitwise,minisat22,64,128,579,SAT,0.0418
130.2,4x4,2,bitwise,mergesat3,64,128,579,SAT,0.049
130.2,4x4,2,bitwise,maplecm,64,128,579,SAT,0.2986
130.3,4x4,2,commander,cadical195,64,192,899,SAT,0.0152
130.3,4x4,2,commander,glucose4,64,192,899,SAT,0.0627
130.3,4x4,2,commander,minisat22,64,192,899,SAT,0.0542
130.3,4x4,2,commander,mergesat3,64,192,899,SAT,0.0652
130.3,4x4,2,commander,maplecm,64,192,899,SAT,0.5571
130.4,4x4,2,sequential,cadical195,64,192,579,SAT,0.0134
130.4,4x4,2,sequential,glucose4,64,192,579,SAT,0.0512
130.4,4x4,2,sequential,minisat22,64,192,579,SAT,0.0452
130.4,4x4,2,sequential,mergesat3,64,192,579,SAT,0.0517
130.4,4x4,2,sequential,maplecm,64,192,579,SAT,0.4146
130.5,4x4,2,product,cadical195,64,256,707,SAT,0.0142
130.5,4x4,2,product,glucose4,64,256,707,SAT,0.0541
130.5,4x4,2,product,minisat22,64,256,707,SAT,0.0491
130.5,4x4,2,product,mergesat3,64,256,707,SAT,0.0545
130.5,4x4,2,product,maplecm,64,256,707,SAT,0.4606
131.1,4x4,2,pairwise,cadical195,64,0,450,SAT,0.011
131.1,4x4,2,pairwise,glucose4,64,0,450,SAT,0.0413
131.1,4x4,2,pairwise,minisat22,64,0,450,SAT,0.0349
131.1,4x4,2,pairwise,mergesat3,64,0,450,SAT,0.0394
131.1,4x4,2,pairwise,maplecm,64,0,450,SAT,0.1202
131.2,4x4,2,bitwise,cadical195,64,128,578,SAT,0.0123
131.2,4x4,2,bitwise,glucose4,64,128,578,SAT,0.0478
131.2,4x4,2,bitwise,minisat22,64,128,578,SAT,0.0422
131.2,4x4,2,bitwise,mergesat3,64,128,578,SAT,0.0495
131.2,4x4,2,bitwise,maplecm,64,128,578,SAT,0.2295
131.3,4x4,2,commander,cadical195,64,192,898,SAT,0.0166
131.3,4x4,2,commander,glucose4,64,192,898,SAT,0.072
131.3,4x4,2,commander,minisat22,64,192,898,SAT,0.0634
131.3,4x4,2,commander,mergesat3,64,192,898,SAT,0.0779
131.3,4x4,2,commander,maplecm,64,192,898,SAT,0.5659
131.4,4x4,2,sequential,cadical195,64,192,578,SAT,0.014
131.4,4x4,2,sequential,glucose4,64,192,578,SAT,0.0549
131.4,4x4,2,sequential,minisat22,64,192,578,SAT,0.0497
131.4,4x4,2,sequential,mergesat3,64,192,578,SAT,0.0578
131.4,4x4,2,sequential,maplecm,64,192,578,SAT,0.3509
131.5,4x4,2,product,cadical195,64,256,706,SAT,0.0155
131.5,4x4,2,product,glucose4,64,256,706,SAT,0.0579
131.5,4x4,2,product,minisat22,64,256,706,SAT,0.052
131.5,4x4,2,product,mergesat3,64,256,706,SAT,0.0606
131.5,4x4,2,product,maplecm,64,256,706,SAT,0.3434
132.1,4x4,2,pairwise,cadical195,64,0,452,SAT,0.0093
132.1,4x4,2,pairwise,glucose4,64,0,452,SAT,0.0401
132.1,4x4,2,pairwise,minisat22,64,0,452,SAT,0.0515
132.1,4x4,2,pairwise,mergesat3,64,0,452,SAT,0.0389
132.1,4x4,2,pairwise,maplecm,64,0,452,SAT,0.0711
132.2,4x4,2,bitwise,cadical195,64,128,580,SAT,0.0086
132.2,4x4,2,bitwise,glucose4,64,128,580,SAT,0.046
132.2,4x4,2,bitwise,minisat22,64,128,580,SAT,0.0405
132.2,4x4,2,bitwise,mergesat3,64,128,580,SAT,0.049
132.2,4x4,2,bitwise,maplecm,64,128,580,SAT,0.1543
132.3,4x4,2,commander,cadical195,64,192,900,SAT,0.0112
132.3,4x4,2,commander,glucose4,64,192,900,SAT,0.0598
132.3,4x4,2,commander,minisat22,64,192,900,SAT,0.0494
132.3,4x4,2,commander,mergesat3,64,192,900,SAT,0.0606
132.3,4x4,2,commander,maplecm,64,192,900,SAT,0.323
132.4,4x4,2,sequential,cadical195,64,192,580,SAT,0.0104
132.4,4x4,2,sequential,glucose4,64,192,580,SAT,0.0457
132.4,4x4,2,sequential,minisat22,64,192,580,SAT,0.042
132.4,4x4,2,sequential,mergesat3,64,192,580,SAT,0.0475
132.4,4x4,2,sequential,maplecm,64,192,580,SAT,0.2036
132.5,4x4,2,product,cadical195,64,256,708,SAT,0.0105
132.5,4x4,2,product,glucose4,64,256,708,SAT,0.0525
132.5,4x4,2,product,minisat22,64,256,708,SAT,0.0487
132.5,4x4,2,product,mergesat3,64,256,708,SAT,0.0554
132.5,4x4,2,product,maplecm,64,256,708,SAT,0.2519
133.1,4x4,2,pairwise,cadical195,64,0,452,SAT,0.0098
133.1,4x4,2,pairwise,glucose4,64,0,452,SAT,0.0414
133.1,4x4,2,pairwise,minisat22,64,0,452,SAT,0.0451
133.1,4x4,2,pairwise,mergesat3,64,0,452,SAT,0.0388
133.1,4x4,2,pairwise,maplecm,64,0,452,SAT,0.0722
133.2,4x4,2,bitwise,cadical195,64,128,580,SAT,0.009
133.2,4x4,2,bitwise,glucose4,64,128,580,SAT,0.0448
133.2,4x4,2,bitwise,minisat22,64,128,580,SAT,0.0387
133.2,4x4,2,bitwise,mergesat3,64,128,580,SAT,0.045
133.2,4x4,2,bitwise,maplecm,64,128,580,SAT,0.1546
133.3,4x4,2,commander,cadical195,64,192,900,SAT,0.0119
133.3,4x4,2,commander,glucose4,64,192,900,SAT,0.0609
133.3,4x4,2,commander,minisat22,64,192,900,SAT,0.0485
133.3,4x4,2,commander,mergesat3,64,192,900,SAT,0.0613
133.3,4x4,2,commander,maplecm,64,192,900,SAT,0.311
133.4,4x4,2,sequential,cadical195,64,192,580,SAT,0.0105
133.4,4x4,2,sequential,glucose4,64,192,580,SAT,0.0484
133.4,4x4,2,sequential,minisat22,64,192,580,SAT,0.0451
133.4,4x4,2,sequential,mergesat3,64,192,580,SAT,0.0565
133.4,4x4,2,sequential,maplecm,64,192,580,SAT,0.2138
133.5,4x4,2,product,cadical195,64,256,708,SAT,0.0112
133.5,4x4,2,product,glucose4,64,256,708,SAT,0.0533
133.5,4x4,2,product,minisat22,64,256,708,SAT,0.0454
133.5,4x4,2,product,mergesat3,64,256,708,SAT,0.0694
133.5,4x4,2,product,maplecm,64,256,708,SAT,0.2454
134.1,4x4,2,pairwise,cadical195,64,0,452,SAT,0.0205
134.1,4x4,2,pairwise,glucose4,64,0,452,SAT,0.0405
134.1,4x4,2,pairwise,minisat22,64,0,452,SAT,0.0328
134.1,4x4,2,pairwise,mergesat3,64,0,452,SAT,0.0375
134.1,4x4,2,pairwise,maplecm,64,0,452,SAT,0.0712
134.2,4x4,2,bitwise,cadical195,64,128,580,SAT,0.0083
134.2,4x4,2,bitwise,glucose4,64,128,580,SAT,0.044
134.2,4x4,2,bitwise,minisat22,64,128,580,SAT,0.0393
134.2,4x4,2,bitwise,mergesat3,64,128,580,SAT,0.045
134.2,4x4,2,bitwise,maplecm,64,128,580,SAT,0.1512
134.3,4x4,2,commander,cadical195,64,192,900,SAT,0.0101
134.3,4x4,2,commander,glucose4,64,192,900,SAT,0.0588
134.3,4x4,2,commander,minisat22,64,192,900,SAT,0.067
134.3,4x4,2,commander,mergesat3,64,192,900,SAT,0.0643
134.3,4x4,2,commander,maplecm,64,192,900,SAT,0.2876
134.4,4x4,2,sequential,cadical195,64,192,580,SAT,0.0102
134.4,4x4,2,sequential,glucose4,64,192,580,SAT,0.0491
134.4,4x4,2,sequential,minisat22,64,192,580,SAT,0.0427
134.4,4x4,2,sequential,mergesat3,64,192,580,SAT,0.051
134.4,4x4,2,sequential,maplecm,64,192,580,SAT,0.2147
134.5,4x4,2,product,cadical195,64,256,708,SAT,0.0102
134.5,4x4,2,product,glucose4,64,256,708,SAT,0.0519
134.5,4x4,2,product,minisat22,64,256,708,SAT,0.0487
134.5,4x4,2,product,mergesat3,64,256,708,SAT,0.0543
134.5,4x4,2,product,maplecm,64,256,708,SAT,0.2443
135.1,4x4,2,pairwise,cadical195,64,0,451,SAT,0.0107
135.1,4x4,2,pairwise,glucose4,64,0,451,SAT,0.044
135.1,4x4,2,pairwise,minisat22,64,0,451,SAT,0.0366
135.1,4x4,2,pairwise,mergesat3,64,0,451,SAT,0.0416
135.1,4x4,2,pairwise,maplecm,64,0,451,SAT,0.1731
135.2,4x4,2,bitwise,cadical195,64,128,579,SAT,0.0122
135.2,4x4,2,bitwise,glucose4,64,128,579,SAT,0.0488
135.2,4x4,2,bitwise,minisat22,64,128,579,SAT,0.0446
135.2,4x4,2,bitwise,mergesat3,64,128,579,SAT,0.0501
135.2,4x4,2,bitwise,maplecm,64,128,579,SAT,0.3812
135.3,4x4,2,commander,cadical195,64,192,899,SAT,0.0158
135.3,4x4,2,commander,glucose4,64,192,899,SAT,0.0687
135.3,4x4,2,commander,minisat22,64,192,899,SAT,0.0611
135.3,4x4,2,commander,mergesat3,64,192,899,SAT,0.0721
135.3,4x4,2,commander,maplecm,64,192,899,SAT,0.8168
135.4,4x4,2,sequential,cadical195,64,192,579,SAT,0.0148
135.4,4x4,2,sequential,glucose4,64,192,579,SAT,0.0515
135.4,4x4,2,sequential,minisat22,64,192,579,SAT,0.0855
135.4,4x4,2,sequential,mergesat3,64,192,579,SAT,0.0489
135.4,4x4,2,sequential,maplecm,64,192,579,SAT,0.5048
135.5,4x4,2,product,cadical195,64,256,707,SAT,0.0156
135.5,4x4,2,product,glucose4,64,256,707,SAT,0.0574
135.5,4x4,2,product,minisat22,64,256,707,SAT,0.0515
135.5,4x4,2,product,mergesat3,64,256,707,SAT,0.0595
135.5,4x4,2,product,maplecm,64,256,707,SAT,0.5958
136.1,4x4,2,pairwise,cadical195,64,0,451,SAT,0.0095
136.1,4x4,2,pairwise,glucose4,64,0,451,SAT,0.0413
136.1,4x4,2,pairwise,minisat22,64,0,451,SAT,0.0345
136.1,4x4,2,pairwise,mergesat3,64,0,451,SAT,0.0389
136.1,4x4,2,pairwise,maplecm,64,0,451,SAT,0.1056
136.2,4x4,2,bitwise,cadical195,64,128,579,SAT,0.0101
136.2,4x4,2,bitwise,glucose4,64,128,579,SAT,0.0475
136.2,4x4,2,bitwise,minisat22,64,128,579,SAT,0.0419
136.2,4x4,2,bitwise,mergesat3,64,128,579,SAT,0.0474
136.2,4x4,2,bitwise,maplecm,64,128,579,SAT,0.2096
136.3,4x4,2,commander,cadical195,64,192,899,SAT,0.014
136.3,4x4,2,commander,glucose4,64,192,899,SAT,0.066
136.3,4x4,2,commander,minisat22,64,192,899,SAT,0.0577
136.3,4x4,2,commander,mergesat3,64,192,899,SAT,0.0629
136.3,4x4,2,commander,maplecm,64,192,899,SAT,0.4933
136.4,4x4,2,sequential,cadical195,64,192,579,SAT,0.0183
136.4,4x4,2,sequential,glucose4,64,192,579,SAT,0.0502
136.4,4x4,2,sequential,minisat22,64,192,579,SAT,0.0442
136.4,4x4,2,sequential,mergesat3,64,192,579,SAT,0.0517
136.4,4x4,2,sequential,maplecm,64,192,579,SAT,0.2693
136.5,4x4,2,product,cadical195,64,256,707,SAT,0.013
136.5,4x4,2,product,glucose4,64,256,707,SAT,0.051
136.5,4x4,2,product,minisat22,64,256,707,SAT,0.0471
136.5,4x4,2,product,mergesat3,64,256,707,SAT,0.0568
136.5,4x4,2,product,maplecm,64,256,707,SAT,0.3404
137.1,4x4,2,pairwise,cadical195,64,0,452,SAT,0.0076
137.1,4x4,2,pairwise,glucose4,64,0,452,SAT,0.0385
137.1,4x4,2,pairwise,minisat22,64,0,452,SAT,0.0314
137.1,4x4,2,pairwise,mergesat3,64,0,452,SAT,0.036
137.1,4x4,2,pairwise,maplecm,64,0,452,SAT,0.0472
137.2,4x4,2,bitwise,cadical195,64,128,580,SAT,0.0076
137.2,4x4,2,bitwise,glucose4,64,128,580,SAT,0.0431
137.2,4x4,2,bitwise,minisat22,64,128,580,SAT,0.0364
137.2,4x4,2,bitwise,mergesat3,64,128,580,SAT,0.0504
137.2,4x4,2,bitwise,maplecm,64,128,580,SAT,0.0793
137.3,4x4,2,commander,cadical195,64,192,900,SAT,0.0094
137.3,4x4,2,commander,glucose4,64,192,900,SAT,0.0554
137.3,4x4,2,commander,minisat22,64,192,900,SAT,0.0454
137.3,4x4,2,commander,mergesat3,64,192,900,SAT,0.0573
137.3,4x4,2,commander,maplecm,64,192,900,SAT,0.155
137.4,4x4,2,sequential,cadical195,64,192,580,SAT,0.0086
137.4,4x4,2,sequential,glucose4,64,192,580,SAT,0.0453
137.4,4x4,2,sequential,minisat22,64,192,580,SAT,0.0378
137.4,4x4,2,sequential,mergesat3,64,192,580,SAT,0.0457
137.4,4x4,2,sequential,maplecm,64,192,580,SAT,0.1005
137.5,4x4,2,product,cadical195,64,256,708,SAT,0.0089
137.5,4x4,2,product,glucose4,64,256,708,SAT,0.0485
137.5,4x4,2,product,minisat22,64,256,708,SAT,0.0419
137.5,4x4,2,product,mergesat3,64,256,708,SAT,0.0505
137.5,4x4,2,product,maplecm,64,256,708,SAT,0.113
138.1,4x4,2,pairwise,cadical195,64,0,450,SAT,0.0128
138.1,4x4,2,pairwise,glucose4,64,0,450,SAT,0.0436
138.1,4x4,2,pairwise,minisat22,64,0,450,SAT,0.0378
138.1,4x4,2,pairwise,mergesat3,64,0,450,SAT,0.043
138.1,4x4,2,pairwise,maplecm,64,0,450,SAT,0.2119
138.2,4x4,2,bitwise,cadical195,64,128,578,SAT,0.0139
138.2,4x4,2,bitwise,glucose4,64,128,578,SAT,0.0482
138.2,4x4,2,bitwise,minisat22,64,128,578,SAT,0.0444
138.2,4x4,2,bitwise,mergesat3,64,128,578,SAT,0.0493
138.2,4x4,2,bitwise,maplecm,64,128,578,SAT,0.3734
138.3,4x4,2,commander,cadical195,64,192,898,SAT,0.0183
138.3,4x4,2,commander,glucose4,64,192,898,SAT,0.0814
138.3,4x4,2,commander,minisat22,64,192,898,SAT,0.0668
138.3,4x4,2,commander,mergesat3,64,192,898,SAT,0.0855
138.3,4x4,2,commander,maplecm,64,192,898,SAT,0.7712
138.4,4x4,2,sequential,cadical195,64,192,578,SAT,0.0164
138.4,4x4,2,sequential,glucose4,64,192,578,SAT,0.0554
138.4,4x4,2,sequential,minisat22,64,192,578,SAT,0.0503
138.4,4x4,2,sequential,mergesat3,64,192,578,SAT,0.0585
138.4,4x4,2,sequential,maplecm,64,192,578,SAT,0.5018
138.5,4x4,2,product,cadical195,64,256,706,SAT,0.0176
138.5,4x4,2,product,glucose4,64,256,706,SAT,0.0555
138.5,4x4,2,product,minisat22,64,256,706,SAT,0.0504
138.5,4x4,2,product,mergesat3,64,256,706,SAT,0.0641
138.5,4x4,2,product,maplecm,64,256,706,SAT,0.5412
139.1,4x4,2,pairwise,cadical195,64,0,452,SAT,0.0082
139.1,4x4,2,pairwise,glucose4,64,0,452,SAT,0.0416
139.1,4x4,2,pairwise,minisat22,64,0,452,SAT,0.0331
139.1,4x4,2,pairwise,mergesat3,64,0,452,SAT,0.0393
139.1,4x4,2,pairwise,maplecm,64,0,452,SAT,0.0715
139.2,4x4,2,bitwise,cadical195,64,128,580,SAT,0.0087
139.2,4x4,2,bitwise,glucose4,64,128,580,SAT,0.0459
139.2,4x4,2,bitwise,minisat22,64,128,580,SAT,0.0398
139.2,4x4,2,bitwise,mergesat3,64,128,580,SAT,0.0476
139.2,4x4,2,bitwise,maplecm,64,128,580,SAT,0.1596
139.3,4x4,2,commander,cadical195,64,192,900,SAT,0.0116
139.3,4x4,2,commander,glucose4,64,192,900,SAT,0.0604
139.3,4x4,2,commander,minisat22,64,192,900,SAT,0.0501
139.3,4x4,2,commander,mergesat3,64,192,900,SAT,0.0626
139.3,4x4,2,commander,maplecm,64,192,900,SAT,0.3381
139.4,4x4,2,sequential,cadical195,64,192,580,SAT,0.0156
139.4,4x4,2,sequential,glucose4,64,192,580,SAT,0.0511
139.4,4x4,2,sequential,minisat22,64,192,580,SAT,0.0438
139.4,4x4,2,sequential,mergesat3,64,192,580,SAT,0.0515
139.4,4x4,2,sequential,maplecm,64,192,580,SAT,0.2064
139.5,4x4,2,product,cadical195,64,256,708,SAT,0.0108
139.5,4x4,2,product,glucose4,64,256,708,SAT,0.0519
139.5,4x4,2,product,minisat22,64,256,708,SAT,0.0441
139.5,4x4,2,product,mergesat3,64,256,708,SAT,0.0508
139.5,4x4,2,product,maplecm,64,256,708,SAT,0.2388
140.1,4x4,2,pairwise,cadical195,64,0,452,SAT,0.0082
140.1,4x4,2,pairwise,glucose4,64,0,452,SAT,0.039
140.1,4x4,2,pairwise,minisat22,64,0,452,SAT,0.0322
140.1,4x4,2,pairwise,mergesat3,64,0,452,SAT,0.0377
140.1,4x4,2,pairwise,maplecm,64,0,452,SAT,0.0696
140.2,4x4,2,bitwise,cadical195,64,128,580,SAT,0.0085
140.2,4x4,2,bitwise,glucose4,64,128,580,SAT,0.044
140.2,4x4,2,bitwise,minisat22,64,128,580,SAT,0.0388
140.2,4x4,2,bitwise,mergesat3,64,128,580,SAT,0.0435
140.2,4x4,2,bitwise,maplecm,64,128,580,SAT,0.2001
140.3,4x4,2,commander,cadical195,64,192,900,SAT,0.0108
140.3,4x4,2,commander,glucose4,64,192,900,SAT,0.0588
140.3,4x4,2,commander,minisat22,64,192,900,SAT,0.0507
140.3,4x4,2,commander,mergesat3,64,192,900,SAT,0.0589
140.3,4x4,2,commander,maplecm,64,192,900,SAT,0.3974
140.4,4x4,2,sequential,cadical195,64,192,580,SAT,0.0103
140.4,4x4,2,sequential,glucose4,64,192,580,SAT,0.0487
140.4,4x4,2,sequential,minisat22,64,192,580,SAT,0.0419
140.4,4x4,2,sequential,mergesat3,64,192,580,SAT,0.0491
140.4,4x4,2,sequential,maplecm,64,192,580,SAT,0.2658
140.5,4x4,2,product,cadical195,64,256,708,SAT,0.0106
140.5,4x4,2,product,glucose4,64,256,708,SAT,0.0509
140.5,4x4,2,product,minisat22,64,256,708,SAT,0.0425
140.5,4x4,2,product,mergesat3,64,256,708,SAT,0.0504
140.5,4x4,2,product,maplecm,64,256,708,SAT,0.3098
141.1,4x4,2,pairwise,cadical195,64,0,451,SAT,0.0093
141.1,4x4,2,pairwise,glucose4,64,0,451,SAT,0.0423
141.1,4x4,2,pairwise,minisat22,64,0,451,SAT,0.0344
141.1,4x4,2,pairwise,mergesat3,64,0,451,SAT,0.0385
141.1,4x4,2,pairwise,maplecm,64,0,451,SAT,0.1191
141.2,4x4,2,bitwise,cadical195,64,128,579,SAT,0.0105
141.2,4x4,2,bitwise,glucose4,64,128,579,SAT,0.0454
141.2,4x4,2,bitwise,minisat22,64,128,579,SAT,0.0403
141.2,4x4,2,bitwise,mergesat3,64,128,579,SAT,0.0465
141.2,4x4,2,bitwise,maplecm,64,128,579,SAT,0.2639
141.3,4x4,2,commander,cadical195,64,192,899,SAT,0.0129
141.3,4x4,2,commander,glucose4,64,192,899,SAT,0.0629
141.3,4x4,2,commander,minisat22,64,192,899,SAT,0.0549
141.3,4x4,2,commander,mergesat3,64,192,899,SAT,0.0639
141.3,4x4,2,commander,maplecm,64,192,899,SAT,0.4167
141.4,4x4,2,sequential,cadical195,64,192,579,SAT,0.0122
141.4,4x4,2,sequential,glucose4,64,192,579,SAT,0.0514
141.4,4x4,2,sequential,minisat22,64,192,579,SAT,0.0458
141.4,4x4,2,sequential,mergesat3,64,192,579,SAT,0.0535
141.4,4x4,2,sequential,maplecm,64,192,579,SAT,0.4018
141.5,4x4,2,product,cadical195,64,256,707,SAT,0.0134
141.5,4x4,2,product,glucose4,64,256,707,SAT,0.0516
141.5,4x4,2,product,minisat22,64,256,707,SAT,0.0473
141.5,4x4,2,product,mergesat3,64,256,707,SAT,0.0521
141.5,4x4,2,product,maplecm,64,256,707,SAT,0.4318
142.1,4x4,2,pairwise,cadical195,64,0,450,SAT,0.0125
142.1,4x4,2,pairwise,glucose4,64,0,450,SAT,0.0429
142.1,4x4,2,pairwise,minisat22,64,0,450,SAT,0.0467
142.1,4x4,2,pairwise,mergesat3,64,0,450,SAT,0.0417
142.1,4x4,2,pairwise,maplecm,64,0,450,SAT,0.1965
142.2,4x4,2,bitwise,cadical195,64,128,578,SAT,0.0141
142.2,4x4,2,bitwise,glucose4,64,128,578,SAT,0.0461
142.2,4x4,2,bitwise,minisat22,64,128,578,SAT,0.0419
142.2,4x4,2,bitwise,mergesat3,64,128,578,SAT,0.046
142.2,4x4,2,bitwise,maplecm,64,128,578,SAT,0.3346
142.3,4x4,2,commander,cadical195,64,192,898,SAT,0.0193
142.3,4x4,2,commander,glucose4,64,192,898,SAT,0.0664
142.3,4x4,2,commander,minisat22,64,192,898,SAT,0.0711
142.3,4x4,2,commander,mergesat3,64,192,898,SAT,0.081
142.3,4x4,2,commander,maplecm,64,192,898,SAT,0.7958
142.4,4x4,2,sequential,cadical195,64,192,578,SAT,0.0167
142.4,4x4,2,sequential,glucose4,64,192,578,SAT,0.0535
142.4,4x4,2,sequential,minisat22,64,192,578,SAT,0.0479
142.4,4x4,2,sequential,mergesat3,64,192,578,SAT,0.0582
142.4,4x4,2,sequential,maplecm,64,192,578,SAT,0.4786
142.5,4x4,2,product,cadical195,64,256,706,SAT,0.0186
142.5,4x4,2,product,glucose4,64,256,706,SAT,0.0575
142.5,4x4,2,product,minisat22,64,256,706,SAT,0.0524
142.5,4x4,2,product,mergesat3,64,256,706,SAT,0.0603
142.5,4x4,2,product,maplecm,64,256,706,SAT,0.4728
143.1,4x4,2,pairwise,cadical195,64,0,451,SAT,0.0112
143.1,4x4,2,pairwise,glucose4,64,0,451,SAT,0.0408
143.1,4x4,2,pairwise,minisat22,64,0,451,SAT,0.0359
143.1,4x4,2,pairwise,mergesat3,64,0,451,SAT,0.0393
143.1,4x4,2,pairwise,maplecm,64,0,451,SAT,0.1213
143.2,4x4,2,bitwise,cadical195,64,128,579,SAT,0.0117
143.2,4x4,2,bitwise,glucose4,64,128,579,SAT,0.0484
143.2,4x4,2,bitwise,minisat22,64,128,579,SAT,0.0425
143.2,4x4,2,bitwise,mergesat3,64,128,579,SAT,0.049
143.2,4x4,2,bitwise,maplecm,64,128,579,SAT,0.225
143.3,4x4,2,commander,cadical195,64,192,899,SAT,0.0152
143.3,4x4,2,commander,glucose4,64,192,899,SAT,0.0669
143.3,4x4,2,commander,minisat22,64,192,899,SAT,0.0593
143.3,4x4,2,commander,mergesat3,64,192,899,SAT,0.0695
143.3,4x4,2,commander,maplecm,64,192,899,SAT,0.5327
143.4,4x4,2,sequential,cadical195,64,192,579,SAT,0.0149
143.4,4x4,2,sequential,glucose4,64,192,579,SAT,0.0534
143.4,4x4,2,sequential,minisat22,64,192,579,SAT,0.0474
143.4,4x4,2,sequential,mergesat3,64,192,579,SAT,0.0557
143.4,4x4,2,sequential,maplecm,64,192,579,SAT,0.3412
143.5,4x4,2,product,cadical195,64,256,707,SAT,0.0151
143.5,4x4,2,product,glucose4,64,256,707,SAT,0.0554
143.5,4x4,2,product,minisat22,64,256,707,SAT,0.0495
143.5,4x4,2,product,mergesat3,64,256,707,SAT,0.0569
143.5,4x4,2,product,maplecm,64,256,707,SAT,0.3352
144.1,4x4,2,pairwise,cadical195,64,0,451,SAT,0.0117
144.1,4x4,2,pairwise,glucose4,64,0,451,SAT,0.0435
144.1,4x4,2,pairwise,minisat22,64,0,451,SAT,0.0358
144.1,4x4,2,pairwise,mergesat3,64,0,451,SAT,0.0396
144.1,4x4,2,pairwise,maplecm,64,0,451,SAT,0.1813
144.2,4x4,2,bitwise,cadical195,64,128,579,SAT,0.0131
144.2,4x4,2,bitwise,glucose4,64,128,579,SAT,0.0465
144.2,4x4,2,bitwise,minisat22,64,128,579,SAT,0.0418
144.2,4x4,2,bitwise,mergesat3,64,128,579,SAT,0.0465
144.2,4x4,2,bitwise,maplecm,64,128,579,SAT,0.3381
144.3,4x4,2,commander,cadical195,64,192,899,SAT,0.0185
144.3,4x4,2,commander,glucose4,64,192,899,SAT,0.0702
144.3,4x4,2,commander,minisat22,64,192,899,SAT,0.0593
144.3,4x4,2,commander,mergesat3,64,192,899,SAT,0.0726
144.3,4x4,2,commander,maplecm,64,192,899,SAT,0.6722
144.4,4x4,2,sequential,cadical195,64,192,579,SAT,0.0158
144.4,4x4,2,sequential,glucose4,64,192,579,SAT,0.0516
144.4,4x4,2,sequential,minisat22,64,192,579,SAT,0.0453
144.4,4x4,2,sequential,mergesat3,64,192,579,SAT,0.052
144.4,4x4,2,sequential,maplecm,64,192,579,SAT,0.4731
144.5,4x4,2,product,cadical195,64,256,707,SAT,0.0168
144.5,4x4,2,product,glucose4,64,256,707,SAT,0.0552
144.5,4x4,2,product,minisat22,64,256,707,SAT,0.0503
144.5,4x4,2,product,mergesat3,64,256,707,SAT,0.0573
144.5,4x4,2,product,maplecm,64,256,707,SAT,0.4883
145.1,4x4,2,pairwise,cadical195,64,0,451,SAT,0.0109
145.1,4x4,2,pairwise,glucose4,64,0,451,SAT,0.0422
145.1,4x4,2,pairwise,minisat22,64,0,451,SAT,0.0359
145.1,4x4,2,pairwise,mergesat3,64,0,451,SAT,0.0399
145.1,4x4,2,pairwise,maplecm,64,0,451,SAT,0.1763
145.2,4x4,2,bitwise,cadical195,64,128,579,SAT,0.0122
145.2,4x4,2,bitwise,glucose4,64,128,579,SAT,0.0459
145.2,4x4,2,bitwise,minisat22,64,128,579,SAT,0.0414
145.2,4x4,2,bitwise,mergesat3,64,128,579,SAT,0.0463
145.2,4x4,2,bitwise,maplecm,64,128,579,SAT,0.3811
145.3,4x4,2,commander,cadical195,64,192,899,SAT,0.0162
145.3,4x4,2,commander,glucose4,64,192,899,SAT,0.0665
145.3,4x4,2,commander,minisat22,64,192,899,SAT,0.0574
145.3,4x4,2,commander,mergesat3,64,192,899,SAT,0.0708
145.3,4x4,2,commander,maplecm,64,192,899,SAT,0.7925
145.4,4x4,2,sequential,cadical195,64,192,579,SAT,0.0146
145.4,4x4,2,sequential,glucose4,64,192,579,SAT,0.051
145.4,4x4,2,sequential,minisat22,64,192,579,SAT,0.0488
145.4,4x4,2,sequential,mergesat3,64,192,579,SAT,0.0521
145.4,4x4,2,sequential,maplecm,64,192,579,SAT,0.5495
145.5,4x4,2,product,cadical195,64,256,707,SAT,0.0154
145.5,4x4,2,product,glucose4,64,256,707,SAT,0.0659
145.5,4x4,2,product,minisat22,64,256,707,SAT,0.0511
145.5,4x4,2,product,mergesat3,64,256,707,SAT,0.058
145.5,4x4,2,product,maplecm,64,256,707,SAT,0.5949
146.1,4x4,2,pairwise,cadical195,64,0,452,SAT,0.0079
146.1,4x4,2,pairwise,glucose4,64,0,452,SAT,0.0387
146.1,4x4,2,pairwise,minisat22,64,0,452,SAT,0.0317
146.1,4x4,2,pairwise,mergesat3,64,0,452,SAT,0.0364
146.1,4x4,2,pairwise,maplecm,64,0,452,SAT,0.0553
146.2,4x4,2,bitwise,cadical195,64,128,580,SAT,0.0086
146.2,4x4,2,bitwise,glucose4,64,128,580,SAT,0.0423
146.2,4x4,2,bitwise,minisat22,64,128,580,SAT,0.0383
146.2,4x4,2,bitwise,mergesat3,64,128,580,SAT,0.0439
146.2,4x4,2,bitwise,maplecm,64,128,580,SAT,0.1093
146.3,4x4,2,commander,cadical195,64,192,900,SAT,0.0107
146.3,4x4,2,commander,glucose4,64,192,900,SAT,0.0595
146.3,4x4,2,commander,minisat22,64,192,900,SAT,0.0501
146.3,4x4,2,commander,mergesat3,64,192,900,SAT,0.0611
146.3,4x4,2,commander,maplecm,64,192,900,SAT,0.2411
146.4,4x4,2,sequential,cadical195,64,192,580,SAT,0.0101
146.4,4x4,2,sequential,glucose4,64,192,580,SAT,0.0491
146.4,4x4,2,sequential,minisat22,64,192,580,SAT,0.043
146.4,4x4,2,sequential,mergesat3,64,192,580,SAT,0.0503
146.4,4x4,2,sequential,maplecm,64,192,580,SAT,0.1736
146.5,4x4,2,product,cadical195,64,256,708,SAT,0.0107
146.5,4x4,2,product,glucose4,64,256,708,SAT,0.0519
146.5,4x4,2,product,minisat22,64,256,708,SAT,0.0454
146.5,4x4,2,product,mergesat3,64,256,708,SAT,0.0548
146.5,4x4,2,product,maplecm,64,256,708,SAT,0.1764
147.1,4x4,2,pairwise,cadical195,64,0,452,SAT,0.0092
147.1,4x4,2,pairwise,glucose4,64,0,452,SAT,0.0406
147.1,4x4,2,pairwise,minisat22,64,0,452,SAT,0.0405
147.1,4x4,2,pairwise,mergesat3,64,0,452,SAT,0.0382
147.1,4x4,2,pairwise,maplecm,64,0,452,SAT,0.1012
147.2,4x4,2,bitwise,cadical195,64,128,580,SAT,0.0104
147.2,4x4,2,bitwise,glucose4,64,128,580,SAT,0.0471
147.2,4x4,2,bitwise,minisat22,64,128,580,SAT,0.0405
147.2,4x4,2,bitwise,mergesat3,64,128,580,SAT,0.0467
147.2,4x4,2,bitwise,maplecm,64,128,580,SAT,0.2135
147.3,4x4,2,commander,cadical195,64,192,900,SAT,0.0133
147.3,4x4,2,commander,glucose4,64,192,900,SAT,0.065
147.3,4x4,2,commander,minisat22,64,192,900,SAT,0.0554
147.3,4x4,2,commander,mergesat3,64,192,900,SAT,0.0669
147.3,4x4,2,commander,maplecm,64,192,900,SAT,0.4535
147.4,4x4,2,sequential,cadical195,64,192,580,SAT,0.0122
147.4,4x4,2,sequential,glucose4,64,192,580,SAT,0.0505
147.4,4x4,2,sequential,minisat22,64,192,580,SAT,0.045
147.4,4x4,2,sequential,mergesat3,64,192,580,SAT,0.0551
147.4,4x4,2,sequential,maplecm,64,192,580,SAT,0.2889
147.5,4x4,2,product,cadical195,64,256,708,SAT,0.0311
147.5,4x4,2,product,glucose4,64,256,708,SAT,0.0515
147.5,4x4,2,product,minisat22,64,256,708,SAT,0.0452
147.5,4x4,2,product,mergesat3,64,256,708,SAT,0.0521
147.5,4x4,2,product,maplecm,64,256,708,SAT,0.3203
148.1,4x4,2,pairwise,cadical195,64,0,450,SAT,0.0135
148.1,4x4,2,pairwise,glucose4,64,0,450,SAT,0.0421
148.1,4x4,2,pairwise,minisat22,64,0,450,SAT,0.0369
148.1,4x4,2,pairwise,mergesat3,64,0,450,SAT,0.0402
148.1,4x4,2,pairwise,maplecm,64,0,450,SAT,0.1674
148.2,4x4,2,bitwise,cadical195,64,128,578,SAT,0.0147
148.2,4x4,2,bitwise,glucose4,64,128,578,SAT,0.047
148.2,4x4,2,bitwise,minisat22,64,128,578,SAT,0.043
148.2,4x4,2,bitwise,mergesat3,64,128,578,SAT,0.0479
148.2,4x4,2,bitwise,maplecm,64,128,578,SAT,0.2741
148.3,4x4,2,commander,cadical195,64,192,898,SAT,0.0196
148.3,4x4,2,commander,glucose4,64,192,898,SAT,0.0849
148.3,4x4,2,commander,minisat22,64,192,898,SAT,0.0662
148.3,4x4,2,commander,mergesat3,64,192,898,SAT,0.0796
148.3,4x4,2,commander,maplecm,64,192,898,SAT,0.6458
148.4,4x4,2,sequential,cadical195,64,192,578,SAT,0.0174
148.4,4x4,2,sequential,glucose4,64,192,578,SAT,0.0579
148.4,4x4,2,sequential,minisat22,64,192,578,SAT,0.0525
148.4,4x4,2,sequential,mergesat3,64,192,578,SAT,0.074
148.4,4x4,2,sequential,maplecm,64,192,578,SAT,0.3728
148.5,4x4,2,product,cadical195,64,256,706,SAT,0.0181
148.5,4x4,2,product,glucose4,64,256,706,SAT,0.0568
148.5,4x4,2,product,minisat22,64,256,706,SAT,0.0534
148.5,4x4,2,product,mergesat3,64,256,706,SAT,0.0616
148.5,4x4,2,product,maplecm,64,256,706,SAT,0.3584
149.1,4x4,2,pairwise,cadical195,64,0,451,SAT,0.0099
149.1,4x4,2,pairwise,glucose4,64,0,451,SAT,0.0417
149.1,4x4,2,pairwise,minisat22,64,0,451,SAT,0.0349
149.1,4x4,2,pairwise,mergesat3,64,0,451,SAT,0.0388
149.1,4x4,2,pairwise,maplecm,64,0,451,SAT,0.1224
149.2,4x4,2,bitwise,cadical195,64,128,579,SAT,0.0107
149.2,4x4,2,bitwise,glucose4,64,128,579,SAT,0.047
149.2,4x4,2,bitwise,minisat22,64,128,579,SAT,0.0419
149.2,4x4,2,bitwise,mergesat3,64,128,579,SAT,0.0468
149.2,4x4,2,bitwise,maplecm,64,128,579,SAT,0.2614
149.3,4x4,2,commander,cadical195,64,192,899,SAT,0.0143
149.3,4x4,2,commander,glucose4,64,192,899,SAT,0.0634
149.3,4x4,2,commander,minisat22,64,192,899,SAT,0.053
149.3,4x4,2,commander,mergesat3,64,192,899,SAT,0.063
149.3,4x4,2,commander,maplecm,64,192,899,SAT,0.5729
149.4,4x4,2,sequential,cadical195,64,192,579,SAT,0.0131
149.4,4x4,2,sequential,glucose4,64,192,579,SAT,0.056
149.4,4x4,2,sequential,minisat22,64,192,579,SAT,0.0476
149.4,4x4,2,sequential,mergesat3,64,192,579,SAT,0.056
149.4,4x4,2,sequential,maplecm,64,192,579,SAT,0.3674
149.5,4x4,2,product,cadical195,64,256,707,SAT,0.0138
149.5,4x4,2,product,glucose4,64,256,707,SAT,0.0522
149.5,4x4,2,product,minisat22,64,256,707,SAT,0.0466
149.5,4x4,2,product,mergesat3,64,256,707,SAT,0.0523
149.5,4x4,2,product,maplecm,64,256,707,SAT,0.4262
150.1,4x4,2,pairwise,cadical195,64,0,452,SAT,0.008
150.1,4x4,2,pairwise,glucose4,64,0,452,SAT,0.0369
150.1,4x4,2,pairwise,minisat22,64,0,452,SAT,0.0283
150.1,4x4,2,pairwise,mergesat3,64,0,452,SAT,0.0345
150.1,4x4,2,pairwise,maplecm,64,0,452,SAT,0.0322
150.2,4x4,2,bitwise,cadical195,64,128,580,SAT,0.0079
150.2,4x4,2,bitwise,glucose4,64,128,580,SAT,0.041
150.2,4x4,2,bitwise,minisat22,64,128,580,SAT,0.0323
150.2,4x4,2,bitwise,mergesat3,64,128,580,SAT,0.0413
150.2,4x4,2,bitwise,maplecm,64,128,580,SAT,0.0363
150.3,4x4,2,commander,cadical195,64,192,900,SAT,0.0092
150.3,4x4,2,commander,glucose4,64,192,900,SAT,0.0503
150.3,4x4,2,commander,minisat22,64,192,900,SAT,0.0379
150.3,4x4,2,commander,mergesat3,64,192,900,SAT,0.0505
150.3,4x4,2,commander,maplecm,64,192,900,SAT,0.0463
150.4,4x4,2,sequential,cadical195,64,192,580,SAT,0.0102
150.4,4x4,2,sequential,glucose4,64,192,580,SAT,0.0432
150.4,4x4,2,sequential,minisat22,64,192,580,SAT,0.0351
150.4,4x4,2,sequential,mergesat3,64,192,580,SAT,0.0433
150.4,4x4,2,sequential,maplecm,64,192,580,SAT,0.0396
150.5,4x4,2,product,cadical195,64,256,708,SAT,0.0089
150.5,4x4,2,product,glucose4,64,256,708,SAT,0.0451
150.5,4x4,2,product,minisat22,64,256,708,SAT,0.0354
150.5,4x4,2,product,mergesat3,64,256,708,SAT,0.0472
150.5,4x4,2,product,maplecm,64,256,708,SAT,0.0427
151.1,9x9,3,pairwise,cadical195,729,0,12016,SAT,0.1041
151.1,9x9,3,pairwise,glucose4,729,0,12016,SAT,0.3161
151.1,9x9,3,pairwise,minisat22,729,0,12016,SAT,0.2294
151.1,9x9,3,pairwise,mergesat3,729,0,12016,SAT,0.316
151.1,9x9,3,pairwise,maplecm,729,0,12016,SAT,1.9604
151.2,9x9,3,bitwise,cadical195,729,1296,12016,SAT,0.201
151.2,9x9,3,bitwise,glucose4,729,1296,12016,SAT,0.4207
151.2,9x9,3,bitwise,minisat22,729,1296,12016,SAT,0.298
151.2,9x9,3,bitwise,mergesat3,729,1296,12016,SAT,11.884
151.2,9x9,3,bitwise,maplecm,729,1296,12016,SAT,6.99
151.3,9x9,3,commander,cadical195,729,1296,9424,SAT,0.2303
151.3,9x9,3,commander,glucose4,729,1296,9424,SAT,0.5626
151.3,9x9,3,commander,minisat22,729,1296,9424,SAT,0.455
151.3,9x9,3,commander,mergesat3,729,1296,9424,SAT,0.5517
151.3,9x9,3,commander,maplecm,729,1296,9424,SAT,7.369
151.4,9x9,3,sequential,cadical195,729,2592,7804,SAT,0.3863
151.4,9x9,3,sequential,glucose4,729,2592,7804,SAT,0.3438
151.4,9x9,3,sequential,minisat22,729,2592,7804,SAT,0.3195
151.4,9x9,3,sequential,mergesat3,729,2592,7804,SAT,0.3901
151.4,9x9,3,sequential,maplecm,729,2592,7804,SAT,10.0006
151.5,9x9,3,product,cadical195,729,1944,8128,SAT,0.1782
151.5,9x9,3,product,glucose4,729,1944,8128,SAT,0.2981
151.5,9x9,3,product,minisat22,729,1944,8128,SAT,0.2541
151.5,9x9,3,product,mergesat3,729,1944,8128,SAT,0.3422
151.5,9x9,3,product,maplecm,729,1944,8128,SAT,6.4038
152.1,9x9,3,pairwise,cadical195,729,0,12008,SAT,0.0514
152.1,9x9,3,pairwise,glucose4,729,0,12008,SAT,0.3238
152.1,9x9,3,pairwise,minisat22,729,0,12008,SAT,0.2503
152.1,9x9,3,pairwise,mergesat3,729,0,12008,SAT,0.3203
152.1,9x9,3,pairwise,maplecm,729,0,12008,SAT,1.9639
152.2,9x9,3,bitwise,cadical195,729,1296,12008,SAT,0.0788
152.2,9x9,3,bitwise,glucose4,729,1296,12008,SAT,0.3996
152.2,9x9,3,bitwise,minisat22,729,1296,12008,SAT,0.3211
152.2,9x9,3,bitwise,mergesat3,729,1296,12008,SAT,0.4345
152.2,9x9,3,bitwise,maplecm,729,1296,12008,SAT,4.061
152.3,9x9,3,commander,cadical195,729,1296,9416,SAT,0.114
152.3,9x9,3,commander,glucose4,729,1296,9416,SAT,0.4205
152.3,9x9,3,commander,minisat22,729,1296,9416,SAT,0.3545
152.3,9x9,3,commander,mergesat3,729,1296,9416,SAT,0.5774
152.3,9x9,3,commander,maplecm,729,1296,9416,SAT,5.496
152.4,9x9,3,sequential,cadical195,729,2592,7796,SAT,0.1127
152.4,9x9,3,sequential,glucose4,729,2592,7796,SAT,0.3967
152.4,9x9,3,sequential,minisat22,729,2592,7796,SAT,0.422
152.4,9x9,3,sequential,mergesat3,729,2592,7796,SAT,0.5063
152.4,9x9,3,sequential,maplecm,729,2592,7796,SAT,4.6237
152.5,9x9,3,product,cadical195,729,1944,8120,SAT,0.0898
152.5,9x9,3,product,glucose4,729,1944,8120,SAT,0.3364
152.5,9x9,3,product,minisat22,729,1944,8120,SAT,0.2976
152.5,9x9,3,product,mergesat3,729,1944,8120,SAT,0.3441
152.5,9x9,3,product,maplecm,729,1944,8120,SAT,3.3616
153.1,9x9,3,pairwise,cadical195,729,0,12004,SAT,0.0595
153.1,9x9,3,pairwise,glucose4,729,0,12004,SAT,0.3434
153.1,9x9,3,pairwise,minisat22,729,0,12004,SAT,0.2605
153.1,9x9,3,pairwise,mergesat3,729,0,12004,SAT,0.3497
153.1,9x9,3,pairwise,maplecm,729,0,12004,SAT,2.1828
153.2,9x9,3,bitwise,cadical195,729,1296,12004,SAT,0.0902
153.2,9x9,3,bitwise,glucose4,729,1296,12004,SAT,0.371
153.2,9x9,3,bitwise,minisat22,729,1296,12004,SAT,0.323
153.2,9x9,3,bitwise,mergesat3,729,1296,12004,SAT,0.4154
153.2,9x9,3,bitwise,maplecm,729,1296,12004,SAT,4.1283
153.3,9x9,3,commander,cadical195,729,1296,9412,SAT,0.134
153.3,9x9,3,commander,glucose4,729,1296,9412,SAT,0.5297
153.3,9x9,3,commander,minisat22,729,1296,9412,SAT,0.4386
153.3,9x9,3,commander,mergesat3,729,1296,9412,SAT,0.5606
153.3,9x9,3,commander,maplecm,729,1296,9412,SAT,6.0151
153.4,9x9,3,sequential,cadical195,729,2592,7792,SAT,0.1291
153.4,9x9,3,sequential,glucose4,729,2592,7792,SAT,0.5008
153.4,9x9,3,sequential,minisat22,729,2592,7792,SAT,0.4191
153.4,9x9,3,sequential,mergesat3,729,2592,7792,SAT,0.644
153.4,9x9,3,sequential,maplecm,729,2592,7792,SAT,4.6698
153.5,9x9,3,product,cadical195,729,1944,8116,SAT,0.1304
153.5,9x9,3,product,glucose4,729,1944,8116,SAT,0.4048
153.5,9x9,3,product,minisat22,729,1944,8116,SAT,0.3155
153.5,9x9,3,product,mergesat3,729,1944,8116,SAT,0.5794
153.5,9x9,3,product,maplecm,729,1944,8116,SAT,3.3449
154.1,9x9,3,pairwise,cadical195,729,0,11997,SAT,0.2165
154.1,9x9,3,pairwise,glucose4,729,0,11997,SAT,0.3433
154.1,9x9,3,pairwise,minisat22,729,0,11997,SAT,0.3121
154.1,9x9,3,pairwise,mergesat3,729,0,11997,SAT,0.3565
154.1,9x9,3,pairwise,maplecm,729,0,11997,SAT,3.2594
154.2,9x9,3,bitwise,cadical195,729,1296,11997,SAT,0.2986
154.2,9x9,3,bitwise,glucose4,729,1296,11997,SAT,0.4148
154.2,9x9,3,bitwise,minisat22,729,1296,11997,SAT,0.3652
154.2,9x9,3,bitwise,mergesat3,729,1296,11997,SAT,0.4571
154.2,9x9,3,bitwise,maplecm,729,1296,11997,SAT,5.1454
154.3,9x9,3,commander,cadical195,729,1296,9405,SAT,0.4377
154.3,9x9,3,commander,glucose4,729,1296,9405,SAT,0.6105
154.3,9x9,3,commander,minisat22,729,1296,9405,SAT,0.533
154.3,9x9,3,commander,mergesat3,729,1296,9405,SAT,0.8027
154.3,9x9,3,commander,maplecm,729,1296,9405,SAT,7.4326
154.4,9x9,3,sequential,cadical195,729,2592,7785,SAT,0.2441
154.4,9x9,3,sequential,glucose4,729,2592,7785,SAT,0.5672
154.4,9x9,3,sequential,minisat22,729,2592,7785,SAT,0.4654
154.4,9x9,3,sequential,mergesat3,729,2592,7785,SAT,0.8324
154.4,9x9,3,sequential,maplecm,729,2592,7785,SAT,5.5582
154.5,9x9,3,product,cadical195,729,1944,8109,SAT,0.3609
154.5,9x9,3,product,glucose4,729,1944,8109,SAT,0.3891
154.5,9x9,3,product,minisat22,729,1944,8109,SAT,0.3727
154.5,9x9,3,product,mergesat3,729,1944,8109,SAT,0.4785
154.5,9x9,3,product,maplecm,729,1944,8109,SAT,3.8501
155.1,9x9,3,pairwise,cadical195,729,0,12010,SAT,0.0947
155.1,9x9,3,pairwise,glucose4,729,0,12010,SAT,0.3439
155.1,9x9,3,pairwise,minisat22,729,0,12010,SAT,0.2483
155.1,9x9,3,pairwise,mergesat3,729,0,12010,SAT,0.3595
155.1,9x9,3,pairwise,maplecm,729,0,12010,SAT,2.205
155.2,9x9,3,bitwise,cadical195,729,1296,12010,SAT,0.1736
155.2,9x9,3,bitwise,glucose4,729,1296,12010,SAT,0.3802
155.2,9x9,3,bitwise,minisat22,729,1296,12010,SAT,0.4043
155.2,9x9,3,bitwise,mergesat3,729,1296,12010,SAT,0.4385
155.2,9x9,3,bitwise,maplecm,729,1296,12010,SAT,4.7614
155.3,9x9,3,commander,cadical195,729,1296,9418,SAT,0.2361
155.3,9x9,3,commander,glucose4,729,1296,9418,SAT,0.5433
155.3,9x9,3,commander,minisat22,729,1296,9418,SAT,0.3645
155.3,9x9,3,commander,mergesat3,729,1296,9418,SAT,0.5388
155.3,9x9,3,commander,maplecm,729,1296,9418,SAT,6.5981
155.4,9x9,3,sequential,cadical195,729,2592,7798,SAT,0.2752
155.4,9x9,3,sequential,glucose4,729,2592,7798,SAT,0.3747
155.4,9x9,3,sequential,minisat22,729,2592,7798,SAT,0.3349
155.4,9x9,3,sequential,mergesat3,729,2592,7798,SAT,0.4336
155.4,9x9,3,sequential,maplecm,729,2592,7798,SAT,6.6176
155.5,9x9,3,product,cadical195,729,1944,8122,SAT,0.2004
155.5,9x9,3,product,glucose4,729,1944,8122,SAT,0.3516
155.5,9x9,3,product,minisat22,729,1944,8122,SAT,0.2971
155.5,9x9,3,product,mergesat3,729,1944,8122,SAT,0.3419
155.5,9x9,3,product,maplecm,729,1944,8122,SAT,4.1219
156.1,9x9,3,pairwise,cadical195,729,0,12008,SAT,0.0548
156.1,9x9,3,pairwise,glucose4,729,0,12008,SAT,0.3436
156.1,9x9,3,pairwise,minisat22,729,0,12008,SAT,0.2729
156.1,9x9,3,pairwise,mergesat3,729,0,12008,SAT,0.3693
156.1,9x9,3,pairwise,maplecm,729,0,12008,SAT,1.9332
156.2,9x9,3,bitwise,cadical195,729,1296,12008,SAT,0.0981
156.2,9x9,3,bitwise,glucose4,729,1296,12008,SAT,0.3493
156.2,9x9,3,bitwise,minisat22,729,1296,12008,SAT,0.2984
156.2,9x9,3,bitwise,mergesat3,729,1296,12008,SAT,0.3823
156.2,9x9,3,bitwise,maplecm,729,1296,12008,SAT,3.742
156.3,9x9,3,commander,cadical195,729,1296,9416,SAT,0.12
156.3,9x9,3,commander,glucose4,729,1296,9416,SAT,0.4495
156.3,9x9,3,commander,minisat22,729,1296,9416,SAT,0.3804
156.3,9x9,3,commander,mergesat3,729,1296,9416,SAT,0.4981
156.3,9x9,3,commander,maplecm,729,1296,9416,SAT,5.3552
156.4,9x9,3,sequential,cadical195,729,2592,7796,SAT,0.1134
156.4,9x9,3,sequential,glucose4,729,2592,7796,SAT,0.442
156.4,9x9,3,sequential,minisat22,729,2592,7796,SAT,0.3687
156.4,9x9,3,sequential,mergesat3,729,2592,7796,SAT,0.5368
156.4,9x9,3,sequential,maplecm,729,2592,7796,SAT,4.2917
156.5,9x9,3,product,cadical195,729,1944,8120,SAT,0.0925
156.5,9x9,3,product,glucose4,729,1944,8120,SAT,0.3308
156.5,9x9,3,product,minisat22,729,1944,8120,SAT,0.2975
156.5,9x9,3,product,mergesat3,729,1944,8120,SAT,0.3823
156.5,9x9,3,product,maplecm,729,1944,8120,SAT,3.3496
157.1,9x9,3,pairwise,cadical195,729,0,12004,SAT,0.0985
157.1,9x9,3,pairwise,glucose4,729,0,12004,SAT,0.3327
157.1,9x9,3,pairwise,minisat22,729,0,12004,SAT,0.2651
157.1,9x9,3,pairwise,mergesat3,729,0,12004,SAT,0.3385
157.1,9x9,3,pairwise,maplecm,729,0,12004,SAT,2.411
157.2,9x9,3,bitwise,cadical195,729,1296,12004,SAT,0.1393
157.2,9x9,3,bitwise,glucose4,729,1296,12004,SAT,0.3716
157.2,9x9,3,bitwise,minisat22,729,1296,12004,SAT,0.3168
157.2,9x9,3,bitwise,mergesat3,729,1296,12004,SAT,0.4161
157.2,9x9,3,bitwise,maplecm,729,1296,12004,SAT,4.3396
157.3,9x9,3,commander,cadical195,729,1296,9412,SAT,0.2195
157.3,9x9,3,commander,glucose4,729,1296,9412,SAT,0.558
157.3,9x9,3,commander,minisat22,729,1296,9412,SAT,0.4313
157.3,9x9,3,commander,mergesat3,729,1296,9412,SAT,0.5977
157.3,9x9,3,commander,maplecm,729,1296,9412,SAT,5.769
157.4,9x9,3,sequential,cadical195,729,2592,7792,SAT,0.1979
157.4,9x9,3,sequential,glucose4,729,2592,7792,SAT,0.4415
157.4,9x9,3,sequential,minisat22,729,2592,7792,SAT,0.4136
157.4,9x9,3,sequential,mergesat3,729,2592,7792,SAT,0.5355
157.4,9x9,3,sequential,maplecm,729,2592,7792,SAT,4.6725
157.5,9x9,3,product,cadical195,729,1944,8116,SAT,0.1562
157.5,9x9,3,product,glucose4,729,1944,8116,SAT,0.3336
157.5,9x9,3,product,minisat22,729,1944,8116,SAT,0.2966
157.5,9x9,3,product,mergesat3,729,1944,8116,SAT,0.4572
157.5,9x9,3,product,maplecm,729,1944,8116,SAT,3.2885
158.1,9x9,3,pairwise,cadical195,729,0,12019,SAT,0.0261
158.1,9x9,3,pairwise,glucose4,729,0,12019,SAT,0.2722
158.1,9x9,3,pairwise,minisat22,729,0,12019,SAT,0.1826
158.1,9x9,3,pairwise,mergesat3,729,0,12019,SAT,0.2666
158.1,9x9,3,pairwise,maplecm,729,0,12019,SAT,1.4975
158.2,9x9,3,bitwise,cadical195,729,1296,12019,SAT,0.0433
158.2,9x9,3,bitwise,glucose4,729,1296,12019,SAT,0.313
158.2,9x9,3,bitwise,minisat22,729,1296,12019,SAT,0.2367
158.2,9x9,3,bitwise,mergesat3,729,1296,12019,SAT,0.3831
158.2,9x9,3,bitwise,maplecm,729,1296,12019,SAT,6.1872
158.3,9x9,3,commander,cadical195,729,1296,9427,SAT,0.0669
158.3,9x9,3,commander,glucose4,729,1296,9427,SAT,0.3068
158.3,9x9,3,commander,minisat22,729,1296,9427,SAT,0.245
158.3,9x9,3,commander,mergesat3,729,1296,9427,SAT,0.3545
158.3,9x9,3,commander,maplecm,729,1296,9427,SAT,5.7473
158.4,9x9,3,sequential,cadical195,729,2592,7807,SAT,0.0653
158.4,9x9,3,sequential,glucose4,729,2592,7807,SAT,0.303
158.4,9x9,3,sequential,minisat22,729,2592,7807,SAT,0.2677
158.4,9x9,3,sequential,mergesat3,729,2592,7807,SAT,0.4521
158.4,9x9,3,sequential,maplecm,729,2592,7807,SAT,8.4136
158.5,9x9,3,product,cadical195,729,1944,8131,SAT,0.0526
158.5,9x9,3,product,glucose4,729,1944,8131,SAT,0.2679
158.5,9x9,3,product,minisat22,729,1944,8131,SAT,0.2279
158.5,9x9,3,product,mergesat3,729,1944,8131,SAT,0.2823
158.5,9x9,3,product,maplecm,729,1944,8131,SAT,5.5666
159.1,9x9,3,pairwise,cadical195,729,0,11997,SAT,0.1022
159.1,9x9,3,pairwise,glucose4,729,0,11997,SAT,0.3566
159.1,9x9,3,pairwise,minisat22,729,0,11997,SAT,0.2875
159.1,9x9,3,pairwise,mergesat3,729,0,11997,SAT,0.3876
159.1,9x9,3,pairwise,maplecm,729,0,11997,SAT,3.1491
159.2,9x9,3,bitwise,cadical195,729,1296,11997,SAT,0.1826
159.2,9x9,3,bitwise,glucose4,729,1296,11997,SAT,0.3915
159.2,9x9,3,bitwise,minisat22,729,1296,11997,SAT,0.3458
159.2,9x9,3,bitwise,mergesat3,729,1296,11997,SAT,0.4337
159.2,9x9,3,bitwise,maplecm,729,1296,11997,SAT,5.1077
159.3,9x9,3,commander,cadical195,729,1296,9405,SAT,0.222
159.3,9x9,3,commander,glucose4,729,1296,9405,SAT,0.6575
159.3,9x9,3,commander,minisat22,729,1296,9405,SAT,0.5693
159.3,9x9,3,commander,mergesat3,729,1296,9405,SAT,0.7572
159.3,9x9,3,commander,maplecm,729,1296,9405,SAT,7.4678
159.4,9x9,3,sequential,cadical195,729,2592,7785,SAT,0.2012
159.4,9x9,3,sequential,glucose4,729,2592,7785,SAT,0.4203
159.4,9x9,3,sequential,minisat22,729,2592,7785,SAT,0.4436
159.4,9x9,3,sequential,mergesat3,729,2592,7785,SAT,0.6379
159.4,9x9,3,sequential,maplecm,729,2592,7785,SAT,5.6021
159.5,9x9,3,product,cadical195,729,1944,8109,SAT,0.1684
159.5,9x9,3,product,glucose4,729,1944,8109,SAT,0.3598
159.5,9x9,3,product,minisat22,729,1944,8109,SAT,0.314
159.5,9x9,3,product,mergesat3,729,1944,8109,SAT,0.4583
159.5,9x9,3,product,maplecm,729,1944,8109,SAT,3.8232
160.1,9x9,3,pairwise,cadical195,729,0,12012,SAT,0.068
160.1,9x9,3,pairwise,glucose4,729,0,12012,SAT,0.3112
160.1,9x9,3,pairwise,minisat22,729,0,12012,SAT,0.2296
160.1,9x9,3,pairwise,mergesat3,729,0,12012,SAT,0.3149
160.1,9x9,3,pairwise,maplecm,729,0,12012,SAT,1.7088
160.2,9x9,3,bitwise,cadical195,729,1296,12012,SAT,0.0711
160.2,9x9,3,bitwise,glucose4,729,1296,12012,SAT,0.3522
160.2,9x9,3,bitwise,minisat22,729,1296,12012,SAT,0.2918
160.2,9x9,3,bitwise,mergesat3,729,1296,12012,SAT,0.3936
160.2,9x9,3,bitwise,maplecm,729,1296,12012,SAT,3.7349
160.3,9x9,3,commander,cadical195,729,1296,9420,SAT,0.1017
160.3,9x9,3,commander,glucose4,729,1296,9420,SAT,0.4016
160.3,9x9,3,commander,minisat22,729,1296,9420,SAT,0.3555
160.3,9x9,3,commander,mergesat3,729,1296,9420,SAT,0.4816
160.3,9x9,3,commander,maplecm,729,1296,9420,SAT,5.0363
160.4,9x9,3,sequential,cadical195,729,2592,7800,SAT,0.1116
160.4,9x9,3,sequential,glucose4,729,2592,7800,SAT,0.4132
160.4,9x9,3,sequential,minisat22,729,2592,7800,SAT,0.364
160.4,9x9,3,sequential,mergesat3,729,2592,7800,SAT,0.4221
160.4,9x9,3,sequential,maplecm,729,2592,7800,SAT,4.3491
160.5,9x9,3,product,cadical195,729,1944,8124,SAT,0.1102
160.5,9x9,3,product,glucose4,729,1944,8124,SAT,0.3414
160.5,9x9,3,product,minisat22,729,1944,8124,SAT,0.3084
160.5,9x9,3,product,mergesat3,729,1944,8124,SAT,0.4072
160.5,9x9,3,product,maplecm,729,1944,8124,SAT,3.4614
161.1,9x9,3,pairwise,cadical195,729,0,11997,SAT,0.1045
161.1,9x9,3,pairwise,glucose4,729,0,11997,SAT,0.3328
161.1,9x9,3,pairwise,minisat22,729,0,11997,SAT,0.2713
161.1,9x9,3,pairwise,mergesat3,729,0,11997,SAT,0.3564
161.1,9x9,3,pairwise,maplecm,729,0,11997,SAT,3.2259
161.2,9x9,3,bitwise,cadical195,729,1296,11997,SAT,0.1497
161.2,9x9,3,bitwise,glucose4,729,1296,11997,SAT,0.3752
161.2,9x9,3,bitwise,minisat22,729,1296,11997,SAT,0.3341
161.2,9x9,3,bitwise,mergesat3,729,1296,11997,SAT,0.4124
161.2,9x9,3,bitwise,maplecm,729,1296,11997,SAT,5.1574
161.3,9x9,3,commander,cadical195,729,1296,9405,SAT,0.2295
161.3,9x9,3,commander,glucose4,729,1296,9405,SAT,0.6888
161.3,9x9,3,commander,minisat22,729,1296,9405,SAT,0.5703
161.3,9x9,3,commander,mergesat3,729,1296,9405,SAT,0.6948
161.3,9x9,3,commander,maplecm,729,1296,9405,SAT,7.0649
161.4,9x9,3,sequential,cadical195,729,2592,7785,SAT,0.2013
161.4,9x9,3,sequential,glucose4,729,2592,7785,SAT,0.5301
161.4,9x9,3,sequential,minisat22,729,2592,7785,SAT,0.4483
161.4,9x9,3,sequential,mergesat3,729,2592,7785,SAT,0.6109
161.4,9x9,3,sequential,maplecm,729,2592,7785,SAT,5.7254
161.5,9x9,3,product,cadical195,729,1944,8109,SAT,0.1597
161.5,9x9,3,product,glucose4,729,1944,8109,SAT,0.3967
161.5,9x9,3,product,minisat22,729,1944,8109,SAT,0.34
161.5,9x9,3,product,mergesat3,729,1944,8109,SAT,0.5262
161.5,9x9,3,product,maplecm,729,1944,8109,SAT,3.8203
162.1,9x9,3,pairwise,cadical195,729,0,12000,SAT,0.1018
162.1,9x9,3,pairwise,glucose4,729,0,12000,SAT,0.3364
162.1,9x9,3,pairwise,minisat22,729,0,12000,SAT,0.2677
162.1,9x9,3,pairwise,mergesat3,729,0,12000,SAT,0.3484
162.1,9x9,3,pairwise,maplecm,729,0,12000,SAT,2.8429
162.2,9x9,3,bitwise,cadical195,729,1296,12000,SAT,0.2689
162.2,9x9,3,bitwise,glucose4,729,1296,12000,SAT,0.3969
162.2,9x9,3,bitwise,minisat22,729,1296,12000,SAT,0.3389
162.2,9x9,3,bitwise,mergesat3,729,1296,12000,SAT,0.4489
162.2,9x9,3,bitwise,maplecm,729,1296,12000,SAT,4.8916
162.3,9x9,3,commander,cadical195,729,1296,9408,SAT,0.5036
162.3,9x9,3,commander,glucose4,729,1296,9408,SAT,0.4998
162.3,9x9,3,commander,minisat22,729,1296,9408,SAT,0.3984
162.3,9x9,3,commander,mergesat3,729,1296,9408,SAT,0.7296
162.3,9x9,3,commander,maplecm,729,1296,9408,SAT,6.9192
162.4,9x9,3,sequential,cadical195,729,2592,7788,SAT,0.223
162.4,9x9,3,sequential,glucose4,729,2592,7788,SAT,0.4938
162.4,9x9,3,sequential,minisat22,729,2592,7788,SAT,0.4217
162.4,9x9,3,sequential,mergesat3,729,2592,7788,SAT,0.6475
162.4,9x9,3,sequential,maplecm,729,2592,7788,SAT,5.3411
162.5,9x9,3,product,cadical195,729,1944,8112,SAT,0.3038
162.5,9x9,3,product,glucose4,729,1944,8112,SAT,0.4109
162.5,9x9,3,product,minisat22,729,1944,8112,SAT,0.3305
162.5,9x9,3,product,mergesat3,729,1944,8112,SAT,0.4263
162.5,9x9,3,product,maplecm,729,1944,8112,SAT,3.6513
163.1,9x9,3,pairwise,cadical195,729,0,12001,SAT,0.145
163.1,9x9,3,pairwise,glucose4,729,0,12001,SAT,0.3437
163.1,9x9,3,pairwise,minisat22,729,0,12001,SAT,0.2755
163.1,9x9,3,pairwise,mergesat3,729,0,12001,SAT,0.3486
163.1,9x9,3,pairwise,maplecm,729,0,12001,SAT,2.7056
163.2,9x9,3,bitwise,cadical195,729,1296,12001,SAT,0.2632
163.2,9x9,3,bitwise,glucose4,729,1296,12001,SAT,0.3763
163.2,9x9,3,bitwise,minisat22,729,1296,12001,SAT,0.3177
163.2,9x9,3,bitwise,mergesat3,729,1296,12001,SAT,0.42
163.2,9x9,3,bitwise,maplecm,729,1296,12001,SAT,4.5838
163.3,9x9,3,commander,cadical195,729,1296,9409,SAT,0.3724
163.3,9x9,3,commander,glucose4,729,1296,9409,SAT,0.5519
163.3,9x9,3,commander,minisat22,729,1296,9409,SAT,0.4672
163.3,9x9,3,commander,mergesat3,729,1296,9409,SAT,0.7083
163.3,9x9,3,commander,maplecm,729,1296,9409,SAT,6.1671
163.4,9x9,3,sequential,cadical195,729,2592,7789,SAT,0.4047
163.4,9x9,3,sequential,glucose4,729,2592,7789,SAT,0.4549
163.4,9x9,3,sequential,minisat22,729,2592,7789,SAT,0.4777
163.4,9x9,3,sequential,mergesat3,729,2592,7789,SAT,0.6164
163.4,9x9,3,sequential,maplecm,729,2592,7789,SAT,5.0538
163.5,9x9,3,product,cadical195,729,1944,8113,SAT,0.3063
163.5,9x9,3,product,glucose4,729,1944,8113,SAT,0.3416
163.5,9x9,3,product,minisat22,729,1944,8113,SAT,0.3057
163.5,9x9,3,product,mergesat3,729,1944,8113,SAT,0.5328
163.5,9x9,3,product,maplecm,729,1944,8113,SAT,3.552
164.1,9x9,3,pairwise,cadical195,729,0,12018,SAT,0.0219
164.1,9x9,3,pairwise,glucose4,729,0,12018,SAT,0.2565
164.1,9x9,3,pairwise,minisat22,729,0,12018,SAT,0.1649
164.1,9x9,3,pairwise,mergesat3,729,0,12018,SAT,0.2941
164.1,9x9,3,pairwise,maplecm,729,0,12018,SAT,0.8818
164.2,9x9,3,bitwise,cadical195,729,1296,12018,SAT,0.0657
164.2,9x9,3,bitwise,glucose4,729,1296,12018,SAT,0.3298
164.2,9x9,3,bitwise,minisat22,729,1296,12018,SAT,0.2473
164.2,9x9,3,bitwise,mergesat3,729,1296,12018,SAT,0.3719
164.2,9x9,3,bitwise,maplecm,729,1296,12018,SAT,3.9819
164.3,9x9,3,commander,cadical195,729,1296,9426,SAT,0.0529
164.3,9x9,3,commander,glucose4,729,1296,9426,SAT,0.3157
164.3,9x9,3,commander,minisat22,729,1296,9426,SAT,0.2557
164.3,9x9,3,commander,mergesat3,729,1296,9426,SAT,0.3542
164.3,9x9,3,commander,maplecm,729,1296,9426,SAT,3.7488
164.4,9x9,3,sequential,cadical195,729,2592,7806,SAT,0.0911
164.4,9x9,3,sequential,glucose4,729,2592,7806,SAT,0.2919
164.4,9x9,3,sequential,minisat22,729,2592,7806,SAT,0.2758
164.4,9x9,3,sequential,mergesat3,729,2592,7806,SAT,0.3393
164.4,9x9,3,sequential,maplecm,729,2592,7806,SAT,5.7927
164.5,9x9,3,product,cadical195,729,1944,8130,SAT,0.0506
164.5,9x9,3,product,glucose4,729,1944,8130,SAT,0.2798
164.5,9x9,3,product,minisat22,729,1944,8130,SAT,0.22
164.5,9x9,3,product,mergesat3,729,1944,8130,SAT,0.2861
164.5,9x9,3,product,maplecm,729,1944,8130,SAT,4.0169
165.1,9x9,3,pairwise,cadical195,729,0,12010,SAT,0.0558
165.1,9x9,3,pairwise,glucose4,729,0,12010,SAT,0.3452
165.1,9x9,3,pairwise,minisat22,729,0,12010,SAT,0.2236
165.1,9x9,3,pairwise,mergesat3,729,0,12010,SAT,0.3247
165.1,9x9,3,pairwise,maplecm,729,0,12010,SAT,1.4841
165.2,9x9,3,bitwise,cadical195,729,1296,12010,SAT,0.125
165.2,9x9,3,bitwise,glucose4,729,1296,12010,SAT,0.3712
165.2,9x9,3,bitwise,minisat22,729,1296,12010,SAT,0.2785
165.2,9x9,3,bitwise,mergesat3,729,1296,12010,SAT,0.3838
165.2,9x9,3,bitwise,maplecm,729,1296,12010,SAT,3.527
165.3,9x9,3,commander,cadical195,729,1296,9418,SAT,0.1707
165.3,9x9,3,commander,glucose4,729,1296,9418,SAT,0.4126
165.3,9x9,3,commander,minisat22,729,1296,9418,SAT,0.3399
165.3,9x9,3,commander,mergesat3,729,1296,9418,SAT,0.4945
165.3,9x9,3,commander,maplecm,729,1296,9418,SAT,4.4421
165.4,9x9,3,sequential,cadical195,729,2592,7798,SAT,0.1288
165.4,9x9,3,sequential,glucose4,729,2592,7798,SAT,0.3487
165.4,9x9,3,sequential,minisat22,729,2592,7798,SAT,0.288
165.4,9x9,3,sequential,mergesat3,729,2592,7798,SAT,0.4075
165.4,9x9,3,sequential,maplecm,729,2592,7798,SAT,4.1121
165.5,9x9,3,product,cadical195,729,1944,8122,SAT,0.1281
165.5,9x9,3,product,glucose4,729,1944,8122,SAT,0.4083
165.5,9x9,3,product,minisat22,729,1944,8122,SAT,0.269
165.5,9x9,3,product,mergesat3,729,1944,8122,SAT,0.4382
165.5,9x9,3,product,maplecm,729,1944,8122,SAT,3.0295
166.1,9x9,3,pairwise,cadical195,729,0,12009,SAT,0.0479
166.1,9x9,3,pairwise,glucose4,729,0,12009,SAT,0.316
166.1,9x9,3,pairwise,minisat22,729,0,12009,SAT,0.2422
166.1,9x9,3,pairwise,mergesat3,729,0,12009,SAT,0.3265
166.1,9x9,3,pairwise,maplecm,729,0,12009,SAT,1.98
166.2,9x9,3,bitwise,cadical195,729,1296,12009,SAT,0.0722
166.2,9x9,3,bitwise,glucose4,729,1296,12009,SAT,0.3471
166.2,9x9,3,bitwise,minisat22,729,1296,12009,SAT,0.2897
166.2,9x9,3,bitwise,mergesat3,729,1296,12009,SAT,0.3962
166.2,9x9,3,bitwise,maplecm,729,1296,12009,SAT,4.081
166.3,9x9,3,commander,cadical195,729,1296,9417,SAT,0.1043
166.3,9x9,3,commander,glucose4,729,1296,9417,SAT,0.4745
166.3,9x9,3,commander,minisat22,729,1296,9417,SAT,0.3277
166.3,9x9,3,commander,mergesat3,729,1296,9417,SAT,0.5322
166.3,9x9,3,commander,maplecm,729,1296,9417,SAT,5.6148
166.4,9x9,3,sequential,cadical195,729,2592,7797,SAT,0.1092
166.4,9x9,3,sequential,glucose4,729,2592,7797,SAT,0.4616
166.4,9x9,3,sequential,minisat22,729,2592,7797,SAT,0.4162
166.4,9x9,3,sequential,mergesat3,729,2592,7797,SAT,0.3819
166.4,9x9,3,sequential,maplecm,729,2592,7797,SAT,5.1008
166.5,9x9,3,product,cadical195,729,1944,8121,SAT,0.0865
166.5,9x9,3,product,glucose4,729,1944,8121,SAT,0.2911
166.5,9x9,3,product,minisat22,729,1944,8121,SAT,0.2521
166.5,9x9,3,product,mergesat3,729,1944,8121,SAT,0.3497
166.5,9x9,3,product,maplecm,729,1944,8121,SAT,3.5543
167.1,9x9,3,pairwise,cadical195,729,0,12014,SAT,0.0349
167.1,9x9,3,pairwise,glucose4,729,0,12014,SAT,0.2789
167.1,9x9,3,pairwise,minisat22,729,0,12014,SAT,0.1962
167.1,9x9,3,pairwise,mergesat3,729,0,12014,SAT,0.2785
167.1,9x9,3,pairwise,maplecm,729,0,12014,SAT,1.6685
167.2,9x9,3,bitwise,cadical195,729,1296,12014,SAT,0.0654
167.2,9x9,3,bitwise,glucose4,729,1296,12014,SAT,0.3655
167.2,9x9,3,bitwise,minisat22,729,1296,12014,SAT,0.2981
167.2,9x9,3,bitwise,mergesat3,729,1296,12014,SAT,0.3935
167.2,9x9,3,bitwise,maplecm,729,1296,12014,SAT,5.3634
167.3,9x9,3,commander,cadical195,729,1296,9422,SAT,0.0779
167.3,9x9,3,commander,glucose4,729,1296,9422,SAT,0.3887
167.3,9x9,3,commander,minisat22,729,1296,9422,SAT,0.3056
167.3,9x9,3,commander,mergesat3,729,1296,9422,SAT,0.427
167.3,9x9,3,commander,maplecm,729,1296,9422,SAT,6.0747
167.4,9x9,3,sequential,cadical195,729,2592,7802,SAT,0.0873
167.4,9x9,3,sequential,glucose4,729,2592,7802,SAT,0.3345
167.4,9x9,3,sequential,minisat22,729,2592,7802,SAT,0.3065
167.4,9x9,3,sequential,mergesat3,729,2592,7802,SAT,0.3577
167.4,9x9,3,sequential,maplecm,729,2592,7802,SAT,7.0637
167.5,9x9,3,product,cadical195,729,1944,8126,SAT,0.0663
167.5,9x9,3,product,glucose4,729,1944,8126,SAT,0.2967
167.5,9x9,3,product,minisat22,729,1944,8126,SAT,0.2298
167.5,9x9,3,product,mergesat3,729,1944,8126,SAT,0.2986
167.5,9x9,3,product,maplecm,729,1944,8126,SAT,5.0762
168.1,9x9,3,pairwise,cadical195,729,0,12010,SAT,0.0716
168.1,9x9,3,pairwise,glucose4,729,0,12010,SAT,0.3214
168.1,9x9,3,pairwise,minisat22,729,0,12010,SAT,0.2372
168.1,9x9,3,pairwise,mergesat3,729,0,12010,SAT,0.3114
168.1,9x9,3,pairwise,maplecm,729,0,12010,SAT,2.0049
168.2,9x9,3,bitwise,cadical195,729,1296,12010,SAT,0.1072
168.2,9x9,3,bitwise,glucose4,729,1296,12010,SAT,0.4118
168.2,9x9,3,bitwise,minisat22,729,1296,12010,SAT,0.3148
168.2,9x9,3,bitwise,mergesat3,729,1296,12010,SAT,0.4008
168.2,9x9,3,bitwise,maplecm,729,1296,12010,SAT,4.2145
168.3,9x9,3,commander,cadical195,729,1296,9418,SAT,0.1857
168.3,9x9,3,commander,glucose4,729,1296,9418,SAT,0.4323
168.3,9x9,3,commander,minisat22,729,1296,9418,SAT,0.3535
168.3,9x9,3,commander,mergesat3,729,1296,9418,SAT,0.5222
168.3,9x9,3,commander,maplecm,729,1296,9418,SAT,5.7266
168.4,9x9,3,sequential,cadical195,729,2592,7798,SAT,0.1527
168.4,9x9,3,sequential,glucose4,729,2592,7798,SAT,0.4425
168.4,9x9,3,sequential,minisat22,729,2592,7798,SAT,0.3488
168.4,9x9,3,sequential,mergesat3,729,2592,7798,SAT,0.5088
168.4,9x9,3,sequential,maplecm,729,2592,7798,SAT,4.813
168.5,9x9,3,product,cadical195,729,1944,8122,SAT,0.141
168.5,9x9,3,product,glucose4,729,1944,8122,SAT,0.3184
168.5,9x9,3,product,minisat22,729,1944,8122,SAT,0.271
168.5,9x9,3,product,mergesat3,729,1944,8122,SAT,0.3822
168.5,9x9,3,product,maplecm,729,1944,8122,SAT,4.0536
169.1,9x9,3,pairwise,cadical195,729,0,12014,SAT,0.043
169.1,9x9,3,pairwise,glucose4,729,0,12014,SAT,0.3102
169.1,9x9,3,pairwise,minisat22,729,0,12014,SAT,0.2293
169.1,9x9,3,pairwise,mergesat3,729,0,12014,SAT,0.3198
169.1,9x9,3,pairwise,maplecm,729,0,12014,SAT,1.3145
169.2,9x9,3,bitwise,cadical195,729,1296,12014,SAT,0.0698
169.2,9x9,3,bitwise,glucose4,729,1296,12014,SAT,0.3337
169.2,9x9,3,bitwise,minisat22,729,1296,12014,SAT,0.4611
169.2,9x9,3,bitwise,mergesat3,729,1296,12014,SAT,0.4115
169.2,9x9,3,bitwise,maplecm,729,1296,12014,SAT,3.7596
169.3,9x9,3,commander,cadical195,729,1296,9422,SAT,0.0985
169.3,9x9,3,commander,glucose4,729,1296,9422,SAT,0.4022
169.3,9x9,3,commander,minisat22,729,1296,9422,SAT,0.3923
169.3,9x9,3,commander,mergesat3,729,1296,9422,SAT,0.4662
169.3,9x9,3,commander,maplecm,729,1296,9422,SAT,4.5965
169.4,9x9,3,sequential,cadical195,729,2592,7802,SAT,0.1113
169.4,9x9,3,sequential,glucose4,729,2592,7802,SAT,0.3795
169.4,9x9,3,sequential,minisat22,729,2592,7802,SAT,0.3314
169.4,9x9,3,sequential,mergesat3,729,2592,7802,SAT,0.4485
169.4,9x9,3,sequential,maplecm,729,2592,7802,SAT,5.0316
169.5,9x9,3,product,cadical195,729,1944,8126,SAT,0.0966
169.5,9x9,3,product,glucose4,729,1944,8126,SAT,0.3009
169.5,9x9,3,product,minisat22,729,1944,8126,SAT,0.2875
169.5,9x9,3,product,mergesat3,729,1944,8126,SAT,0.3502
169.5,9x9,3,product,maplecm,729,1944,8126,SAT,3.5765
170.1,9x9,3,pairwise,cadical195,729,0,12006,SAT,0.0631
170.1,9x9,3,pairwise,glucose4,729,0,12006,SAT,0.329
170.1,9x9,3,pairwise,minisat22,729,0,12006,SAT,0.2535
170.1,9x9,3,pairwise,mergesat3,729,0,12006,SAT,0.3391
170.1,9x9,3,pairwise,maplecm,729,0,12006,SAT,2.3891
170.2,9x9,3,bitwise,cadical195,729,1296,12006,SAT,0.0875
170.2,9x9,3,bitwise,glucose4,729,1296,12006,SAT,0.3806
170.2,9x9,3,bitwise,minisat22,729,1296,12006,SAT,0.3046
170.2,9x9,3,bitwise,mergesat3,729,1296,12006,SAT,0.4033
170.2,9x9,3,bitwise,maplecm,729,1296,12006,SAT,4.4466
170.3,9x9,3,commander,cadical195,729,1296,9414,SAT,0.1308
170.3,9x9,3,commander,glucose4,729,1296,9414,SAT,0.4924
170.3,9x9,3,commander,minisat22,729,1296,9414,SAT,0.4362
170.3,9x9,3,commander,mergesat3,729,1296,9414,SAT,0.5909
170.3,9x9,3,commander,maplecm,729,1296,9414,SAT,5.8273
170.4,9x9,3,sequential,cadical195,729,2592,7794,SAT,0.123
170.4,9x9,3,sequential,glucose4,729,2592,7794,SAT,0.4829
170.4,9x9,3,sequential,minisat22,729,2592,7794,SAT,0.3387
170.4,9x9,3,sequential,mergesat3,729,2592,7794,SAT,0.4565
170.4,9x9,3,sequential,maplecm,729,2592,7794,SAT,5.1349
170.5,9x9,3,product,cadical195,729,1944,8118,SAT,0.0995
170.5,9x9,3,product,glucose4,729,1944,8118,SAT,0.3314
170.5,9x9,3,product,minisat22,729,1944,8118,SAT,0.2953
170.5,9x9,3,product,mergesat3,729,1944,8118,SAT,0.3926
170.5,9x9,3,product,maplecm,729,1944,8118,SAT,3.5979
171.1,9x9,3,pairwise,cadical195,729,0,12004,SAT,0.062
171.1,9x9,3,pairwise,glucose4,729,0,12004,SAT,0.339
171.1,9x9,3,pairwise,minisat22,729,0,12004,SAT,0.2646
171.1,9x9,3,pairwise,mergesat3,729,0,12004,SAT,0.355
171.1,9x9,3,pairwise,maplecm,729,0,12004,SAT,2.2086
171.2,9x9,3,bitwise,cadical195,729,1296,12004,SAT,0.0941
171.2,9x9,3,bitwise,glucose4,729,1296,12004,SAT,0.3797
171.2,9x9,3,bitwise,minisat22,729,1296,12004,SAT,0.3271
171.2,9x9,3,bitwise,mergesat3,729,1296,12004,SAT,0.4542
171.2,9x9,3,bitwise,maplecm,729,1296,12004,SAT,4.2067
171.3,9x9,3,commander,cadical195,729,1296,9412,SAT,0.1359
171.3,9x9,3,commander,glucose4,729,1296,9412,SAT,0.5552
171.3,9x9,3,commander,minisat22,729,1296,9412,SAT,0.4866
171.3,9x9,3,commander,mergesat3,729,1296,9412,SAT,0.6357
171.3,9x9,3,commander,maplecm,729,1296,9412,SAT,5.6909
171.4,9x9,3,sequential,cadical195,729,2592,7792,SAT,0.1588
171.4,9x9,3,sequential,glucose4,729,2592,7792,SAT,0.3807
171.4,9x9,3,sequential,minisat22,729,2592,7792,SAT,0.3427
171.4,9x9,3,sequential,mergesat3,729,2592,7792,SAT,0.462
171.4,9x9,3,sequential,maplecm,729,2592,7792,SAT,4.5822
171.5,9x9,3,product,cadical195,729,1944,8116,SAT,0.1049
171.5,9x9,3,product,glucose4,729,1944,8116,SAT,0.371
171.5,9x9,3,product,minisat22,729,1944,8116,SAT,0.3357
171.5,9x9,3,product,mergesat3,729,1944,8116,SAT,0.4898
171.5,9x9,3,product,maplecm,729,1944,8116,SAT,3.3735
172.1,9x9,3,pairwise,cadical195,729,0,12005,SAT,0.0825
172.1,9x9,3,pairwise,glucose4,729,0,12005,SAT,0.3421
172.1,9x9,3,pairwise,minisat22,729,0,12005,SAT,0.2625
172.1,9x9,3,pairwise,mergesat3,729,0,12005,SAT,0.3751
172.1,9x9,3,pairwise,maplecm,729,0,12005,SAT,2.0937
172.2,9x9,3,bitwise,cadical195,729,1296,12005,SAT,0.125
172.2,9x9,3,bitwise,glucose4,729,1296,12005,SAT,0.3636
172.2,9x9,3,bitwise,minisat22,729,1296,12005,SAT,0.306
172.2,9x9,3,bitwise,mergesat3,729,1296,12005,SAT,0.3967
172.2,9x9,3,bitwise,maplecm,729,1296,12005,SAT,3.9627
172.3,9x9,3,commander,cadical195,729,1296,9413,SAT,0.178
172.3,9x9,3,commander,glucose4,729,1296,9413,SAT,0.4845
172.3,9x9,3,commander,minisat22,729,1296,9413,SAT,0.4079
172.3,9x9,3,commander,mergesat3,729,1296,9413,SAT,0.5411
172.3,9x9,3,commander,maplecm,729,1296,9413,SAT,5.3103
172.4,9x9,3,sequential,cadical195,729,2592,7793,SAT,0.1687
172.4,9x9,3,sequential,glucose4,729,2592,7793,SAT,0.4484
172.4,9x9,3,sequential,minisat22,729,2592,7793,SAT,0.5074
172.4,9x9,3,sequential,mergesat3,729,2592,7793,SAT,0.5435
172.4,9x9,3,sequential,maplecm,729,2592,7793,SAT,4.562
172.5,9x9,3,product,cadical195,729,1944,8117,SAT,0.1342
172.5,9x9,3,product,glucose4,729,1944,8117,SAT,0.3247
172.5,9x9,3,product,minisat22,729,1944,8117,SAT,0.3086
172.5,9x9,3,product,mergesat3,729,1944,8117,SAT,0.455
172.5,9x9,3,product,maplecm,729,1944,8117,SAT,3.1868
173.1,9x9,3,pairwise,cadical195,729,0,12001,SAT,0.1068
173.1,9x9,3,pairwise,glucose4,729,0,12001,SAT,0.3549
173.1,9x9,3,pairwise,minisat22,729,0,12001,SAT,0.2869
173.1,9x9,3,pairwise,mergesat3,729,0,12001,SAT,0.3704
173.1,9x9,3,pairwise,maplecm,729,0,12001,SAT,2.6642
173.2,9x9,3,bitwise,cadical195,729,1296,12001,SAT,0.1562
173.2,9x9,3,bitwise,glucose4,729,1296,12001,SAT,0.3719
173.2,9x9,3,bitwise,minisat22,729,1296,12001,SAT,0.3182
173.2,9x9,3,bitwise,mergesat3,729,1296,12001,SAT,0.4234
173.2,9x9,3,bitwise,maplecm,729,1296,12001,SAT,4.8735
173.3,9x9,3,commander,cadical195,729,1296,9409,SAT,0.2472
173.3,9x9,3,commander,glucose4,729,1296,9409,SAT,0.606
173.3,9x9,3,commander,minisat22,729,1296,9409,SAT,0.5094
173.3,9x9,3,commander,mergesat3,729,1296,9409,SAT,0.5975
173.3,9x9,3,commander,maplecm,729,1296,9409,SAT,6.6763
173.4,9x9,3,sequential,cadical195,729,2592,7789,SAT,0.2286
173.4,9x9,3,sequential,glucose4,729,2592,7789,SAT,0.4583
173.4,9x9,3,sequential,minisat22,729,2592,7789,SAT,0.3815
173.4,9x9,3,sequential,mergesat3,729,2592,7789,SAT,0.5676
173.4,9x9,3,sequential,maplecm,729,2592,7789,SAT,5.3083
173.5,9x9,3,product,cadical195,729,1944,8113,SAT,0.2237
173.5,9x9,3,product,glucose4,729,1944,8113,SAT,0.4484
173.5,9x9,3,product,minisat22,729,1944,8113,SAT,0.412
173.5,9x9,3,product,mergesat3,729,1944,8113,SAT,0.4654
173.5,9x9,3,product,maplecm,729,1944,8113,SAT,3.9673
174.1,9x9,3,pairwise,cadical195,729,0,12001,SAT,0.0716
174.1,9x9,3,pairwise,glucose4,729,0,12001,SAT,0.3558
174.1,9x9,3,pairwise,minisat22,729,0,12001,SAT,0.3024
174.1,9x9,3,pairwise,mergesat3,729,0,12001,SAT,0.4525
174.1,9x9,3,pairwise,maplecm,729,0,12001,SAT,2.528
174.2,9x9,3,bitwise,cadical195,729,1296,12001,SAT,0.1051
174.2,9x9,3,bitwise,glucose4,729,1296,12001,SAT,0.3896
174.2,9x9,3,bitwise,minisat22,729,1296,12001,SAT,0.3216
174.2,9x9,3,bitwise,mergesat3,729,1296,12001,SAT,0.4483
174.2,9x9,3,bitwise,maplecm,729,1296,12001,SAT,4.4692
174.3,9x9,3,commander,cadical195,729,1296,9409,SAT,0.1458
174.3,9x9,3,commander,glucose4,729,1296,9409,SAT,0.5248
174.3,9x9,3,commander,minisat22,729,1296,9409,SAT,0.4354
174.3,9x9,3,commander,mergesat3,729,1296,9409,SAT,0.7455
174.3,9x9,3,commander,maplecm,729,1296,9409,SAT,6.2304
174.4,9x9,3,sequential,cadical195,729,2592,7789,SAT,0.1413
174.4,9x9,3,sequential,glucose4,729,2592,7789,SAT,0.3941
174.4,9x9,3,sequential,minisat22,729,2592,7789,SAT,0.3981
174.4,9x9,3,sequential,mergesat3,729,2592,7789,SAT,0.5461
174.4,9x9,3,sequential,maplecm,729,2592,7789,SAT,4.894
174.5,9x9,3,product,cadical195,729,1944,8113,SAT,0.1097
174.5,9x9,3,product,glucose4,729,1944,8113,SAT,0.3584
174.5,9x9,3,product,minisat22,729,1944,8113,SAT,0.296
174.5,9x9,3,product,mergesat3,729,1944,8113,SAT,0.4174
174.5,9x9,3,product,maplecm,729,1944,8113,SAT,3.4759
175.1,9x9,3,pairwise,cadical195,729,0,12012,SAT,0.0436
175.1,9x9,3,pairwise,glucose4,729,0,12012,SAT,0.3148
175.1,9x9,3,pairwise,minisat22,729,0,12012,SAT,0.2302
175.1,9x9,3,pairwise,mergesat3,729,0,12012,SAT,0.3136
175.1,9x9,3,pairwise,maplecm,729,0,12012,SAT,1.9856
175.2,9x9,3,bitwise,cadical195,729,1296,12012,SAT,0.0679
175.2,9x9,3,bitwise,glucose4,729,1296,12012,SAT,0.3403
175.2,9x9,3,bitwise,minisat22,729,1296,12012,SAT,0.2676
175.2,9x9,3,bitwise,mergesat3,729,1296,12012,SAT,0.3601
175.2,9x9,3,bitwise,maplecm,729,1296,12012,SAT,4.8162
175.3,9x9,3,commander,cadical195,729,1296,9420,SAT,0.1353
175.3,9x9,3,commander,glucose4,729,1296,9420,SAT,0.3967
175.3,9x9,3,commander,minisat22,729,1296,9420,SAT,0.3462
175.3,9x9,3,commander,mergesat3,729,1296,9420,SAT,0.4562
175.3,9x9,3,commander,maplecm,729,1296,9420,SAT,6.3417
175.4,9x9,3,sequential,cadical195,729,2592,7800,SAT,0.0972
175.4,9x9,3,sequential,glucose4,729,2592,7800,SAT,0.3165
175.4,9x9,3,sequential,minisat22,729,2592,7800,SAT,0.2915
175.4,9x9,3,sequential,mergesat3,729,2592,7800,SAT,0.3536
175.4,9x9,3,sequential,maplecm,729,2592,7800,SAT,6.0768
175.5,9x9,3,product,cadical195,729,1944,8124,SAT,0.0762
175.5,9x9,3,product,glucose4,729,1944,8124,SAT,0.317
175.5,9x9,3,product,minisat22,729,1944,8124,SAT,0.2552
175.5,9x9,3,product,mergesat3,729,1944,8124,SAT,0.3556
175.5,9x9,3,product,maplecm,729,1944,8124,SAT,4.4406
176.1,9x9,3,pairwise,cadical195,729,0,12006,SAT,0.0582
176.1,9x9,3,pairwise,glucose4,729,0,12006,SAT,0.334
176.1,9x9,3,pairwise,minisat22,729,0,12006,SAT,0.2648
176.1,9x9,3,pairwise,mergesat3,729,0,12006,SAT,0.3403
176.1,9x9,3,pairwise,maplecm,729,0,12006,SAT,2.1479
176.2,9x9,3,bitwise,cadical195,729,1296,12006,SAT,0.0853
176.2,9x9,3,bitwise,glucose4,729,1296,12006,SAT,0.3615
176.2,9x9,3,bitwise,minisat22,729,1296,12006,SAT,0.3028
176.2,9x9,3,bitwise,mergesat3,729,1296,12006,SAT,0.4064
176.2,9x9,3,bitwise,maplecm,729,1296,12006,SAT,4.3719
176.3,9x9,3,commander,cadical195,729,1296,9414,SAT,0.1337
176.3,9x9,3,commander,glucose4,729,1296,9414,SAT,0.5016
176.3,9x9,3,commander,minisat22,729,1296,9414,SAT,0.4119
176.3,9x9,3,commander,mergesat3,729,1296,9414,SAT,0.5366
176.3,9x9,3,commander,maplecm,729,1296,9414,SAT,5.9059
176.4,9x9,3,sequential,cadical195,729,2592,7794,SAT,0.1239
176.4,9x9,3,sequential,glucose4,729,2592,7794,SAT,0.4169
176.4,9x9,3,sequential,minisat22,729,2592,7794,SAT,0.3727
176.4,9x9,3,sequential,mergesat3,729,2592,7794,SAT,0.5024
176.4,9x9,3,sequential,maplecm,729,2592,7794,SAT,4.869
176.5,9x9,3,product,cadical195,729,1944,8118,SAT,0.1036
176.5,9x9,3,product,glucose4,729,1944,8118,SAT,0.3006
176.5,9x9,3,product,minisat22,729,1944,8118,SAT,0.2868
176.5,9x9,3,product,mergesat3,729,1944,8118,SAT,0.3709
176.5,9x9,3,product,maplecm,729,1944,8118,SAT,3.4543
177.1,9x9,3,pairwise,cadical195,729,0,12002,SAT,0.0629
177.1,9x9,3,pairwise,glucose4,729,0,12002,SAT,0.3506
177.1,9x9,3,pairwise,minisat22,729,0,12002,SAT,0.2591
177.1,9x9,3,pairwise,mergesat3,729,0,12002,SAT,0.3451
177.1,9x9,3,pairwise,maplecm,729,0,12002,SAT,2.43
177.2,9x9,3,bitwise,cadical195,729,1296,12002,SAT,0.0925
177.2,9x9,3,bitwise,glucose4,729,1296,12002,SAT,0.3799
177.2,9x9,3,bitwise,minisat22,729,1296,12002,SAT,0.3122
177.2,9x9,3,bitwise,mergesat3,729,1296,12002,SAT,0.4504
177.2,9x9,3,bitwise,maplecm,729,1296,12002,SAT,4.4792
177.3,9x9,3,commander,cadical195,729,1296,9410,SAT,0.1392
177.3,9x9,3,commander,glucose4,729,1296,9410,SAT,0.6028
177.3,9x9,3,commander,minisat22,729,1296,9410,SAT,0.4586
177.3,9x9,3,commander,mergesat3,729,1296,9410,SAT,0.6463
177.3,9x9,3,commander,maplecm,729,1296,9410,SAT,6.2393
177.4,9x9,3,sequential,cadical195,729,2592,7790,SAT,0.1295
177.4,9x9,3,sequential,glucose4,729,2592,7790,SAT,0.4205
177.4,9x9,3,sequential,minisat22,729,2592,7790,SAT,0.4179
177.4,9x9,3,sequential,mergesat3,729,2592,7790,SAT,0.5167
177.4,9x9,3,sequential,maplecm,729,2592,7790,SAT,4.991
177.5,9x9,3,product,cadical195,729,1944,8114,SAT,0.1047
177.5,9x9,3,product,glucose4,729,1944,8114,SAT,0.3265
177.5,9x9,3,product,minisat22,729,1944,8114,SAT,0.2898
177.5,9x9,3,product,mergesat3,729,1944,8114,SAT,0.4085
177.5,9x9,3,product,maplecm,729,1944,8114,SAT,3.5523
178.1,9x9,3,pairwise,cadical195,729,0,12019,SAT,0.0292
178.1,9x9,3,pairwise,glucose4,729,0,12019,SAT,0.2707
178.1,9x9,3,pairwise,minisat22,729,0,12019,SAT,0.1877
178.1,9x9,3,pairwise,mergesat3,729,0,12019,SAT,0.2698
178.1,9x9,3,pairwise,maplecm,729,0,12019,SAT,0.9288
178.2,9x9,3,bitwise,cadical195,729,1296,12019,SAT,0.0465
178.2,9x9,3,bitwise,glucose4,729,1296,12019,SAT,0.3281
178.2,9x9,3,bitwise,minisat22,729,1296,12019,SAT,0.2663
178.2,9x9,3,bitwise,mergesat3,729,1296,12019,SAT,0.3436
178.2,9x9,3,bitwise,maplecm,729,1296,12019,SAT,3.52
178.3,9x9,3,commander,cadical195,729,1296,9427,SAT,0.0624
178.3,9x9,3,commander,glucose4,729,1296,9427,SAT,0.3496
178.3,9x9,3,commander,minisat22,729,1296,9427,SAT,0.2756
178.3,9x9,3,commander,mergesat3,729,1296,9427,SAT,0.4078
178.3,9x9,3,commander,maplecm,729,1296,9427,SAT,3.9307
178.4,9x9,3,sequential,cadical195,729,2592,7807,SAT,0.0703
178.4,9x9,3,sequential,glucose4,729,2592,7807,SAT,0.3481
178.4,9x9,3,sequential,minisat22,729,2592,7807,SAT,0.2893
178.4,9x9,3,sequential,mergesat3,729,2592,7807,SAT,0.3831
178.4,9x9,3,sequential,maplecm,729,2592,7807,SAT,5.4634
178.5,9x9,3,product,cadical195,729,1944,8131,SAT,0.06
178.5,9x9,3,product,glucose4,729,1944,8131,SAT,0.2745
178.5,9x9,3,product,minisat22,729,1944,8131,SAT,0.2395
178.5,9x9,3,product,mergesat3,729,1944,8131,SAT,0.2977
178.5,9x9,3,product,maplecm,729,1944,8131,SAT,3.5397
179.1,9x9,3,pairwise,cadical195,729,0,12005,SAT,0.0909
179.1,9x9,3,pairwise,glucose4,729,0,12005,SAT,0.336
179.1,9x9,3,pairwise,minisat22,729,0,12005,SAT,0.2734
179.1,9x9,3,pairwise,mergesat3,729,0,12005,SAT,0.3472
179.1,9x9,3,pairwise,maplecm,729,0,12005,SAT,2.1488
179.2,9x9,3,bitwise,cadical195,729,1296,12005,SAT,0.1682
179.2,9x9,3,bitwise,glucose4,729,1296,12005,SAT,0.3674
179.2,9x9,3,bitwise,minisat22,729,1296,12005,SAT,0.3166
179.2,9x9,3,bitwise,mergesat3,729,1296,12005,SAT,0.3923
179.2,9x9,3,bitwise,maplecm,729,1296,12005,SAT,4.0939
179.3,9x9,3,commander,cadical195,729,1296,9413,SAT,0.2204
179.3,9x9,3,commander,glucose4,729,1296,9413,SAT,0.5223
179.3,9x9,3,commander,minisat22,729,1296,9413,SAT,0.4606
179.3,9x9,3,commander,mergesat3,729,1296,9413,SAT,0.5539
179.3,9x9,3,commander,maplecm,729,1296,9413,SAT,5.5588
179.4,9x9,3,sequential,cadical195,729,2592,7793,SAT,0.2143
179.4,9x9,3,sequential,glucose4,729,2592,7793,SAT,0.4275
179.4,9x9,3,sequential,minisat22,729,2592,7793,SAT,0.5157
179.4,9x9,3,sequential,mergesat3,729,2592,7793,SAT,0.5411
179.4,9x9,3,sequential,maplecm,729,2592,7793,SAT,4.6616
179.5,9x9,3,product,cadical195,729,1944,8117,SAT,0.1707
179.5,9x9,3,product,glucose4,729,1944,8117,SAT,0.4088
179.5,9x9,3,product,minisat22,729,1944,8117,SAT,0.3084
179.5,9x9,3,product,mergesat3,729,1944,8117,SAT,0.374
179.5,9x9,3,product,maplecm,729,1944,8117,SAT,3.3641
180.1,9x9,3,pairwise,cadical195,729,0,12010,SAT,0.0494
180.1,9x9,3,pairwise,glucose4,729,0,12010,SAT,0.3299
180.1,9x9,3,pairwise,minisat22,729,0,12010,SAT,0.3009
180.1,9x9,3,pairwise,mergesat3,729,0,12010,SAT,0.3408
180.1,9x9,3,pairwise,maplecm,729,0,12010,SAT,1.6823
180.2,9x9,3,bitwise,cadical195,729,1296,12010,SAT,0.0786
180.2,9x9,3,bitwise,glucose4,729,1296,12010,SAT,0.3754
180.2,9x9,3,bitwise,minisat22,729,1296,12010,SAT,0.3012
180.2,9x9,3,bitwise,mergesat3,729,1296,12010,SAT,0.4064
180.2,9x9,3,bitwise,maplecm,729,1296,12010,SAT,3.8019
180.3,9x9,3,commander,cadical195,729,1296,9418,SAT,0.1064
180.3,9x9,3,commander,glucose4,729,1296,9418,SAT,0.5233
180.3,9x9,3,commander,minisat22,729,1296,9418,SAT,0.3505
180.3,9x9,3,commander,mergesat3,729,1296,9418,SAT,0.6545
180.3,9x9,3,commander,maplecm,729,1296,9418,SAT,4.7456
180.4,9x9,3,sequential,cadical195,729,2592,7798,SAT,0.1063
180.4,9x9,3,sequential,glucose4,729,2592,7798,SAT,0.4242
180.4,9x9,3,sequential,minisat22,729,2592,7798,SAT,0.3927
180.4,9x9,3,sequential,mergesat3,729,2592,7798,SAT,0.4926
180.4,9x9,3,sequential,maplecm,729,2592,7798,SAT,4.6007
180.5,9x9,3,product,cadical195,729,1944,8122,SAT,0.0889
180.5,9x9,3,product,glucose4,729,1944,8122,SAT,0.3729
180.5,9x9,3,product,minisat22,729,1944,8122,SAT,0.3382
180.5,9x9,3,product,mergesat3,729,1944,8122,SAT,0.4226
180.5,9x9,3,product,maplecm,729,1944,8122,SAT,3.6297
181.1,9x9,3,pairwise,cadical195,729,0,12018,SAT,0.0324
181.1,9x9,3,pairwise,glucose4,729,0,12018,SAT,0.28
181.1,9x9,3,pairwise,minisat22,729,0,12018,SAT,0.2544
181.1,9x9,3,pairwise,mergesat3,729,0,12018,SAT,0.2943
181.1,9x9,3,pairwise,maplecm,729,0,12018,SAT,1.208
181.2,9x9,3,bitwise,cadical195,729,1296,12018,SAT,0.0536
181.2,9x9,3,bitwise,glucose4,729,1296,12018,SAT,0.3232
181.2,9x9,3,bitwise,minisat22,729,1296,12018,SAT,0.2546
181.2,9x9,3,bitwise,mergesat3,729,1296,12018,SAT,0.336
181.2,9x9,3,bitwise,maplecm,729,1296,12018,SAT,5.3305
181.3,9x9,3,commander,cadical195,729,1296,9426,SAT,0.074
181.3,9x9,3,commander,glucose4,729,1296,9426,SAT,0.3252
181.3,9x9,3,commander,minisat22,729,1296,9426,SAT,0.2709
181.3,9x9,3,commander,mergesat3,729,1296,9426,SAT,0.3739
181.3,9x9,3,commander,maplecm,729,1296,9426,SAT,5.2354
181.4,9x9,3,sequential,cadical195,729,2592,7806,SAT,0.0825
181.4,9x9,3,sequential,glucose4,729,2592,7806,SAT,0.3048
181.4,9x9,3,sequential,minisat22,729,2592,7806,SAT,0.2856
181.4,9x9,3,sequential,mergesat3,729,2592,7806,SAT,0.3823
181.4,9x9,3,sequential,maplecm,729,2592,7806,SAT,7.5817
181.5,9x9,3,product,cadical195,729,1944,8130,SAT,0.0644
181.5,9x9,3,product,glucose4,729,1944,8130,SAT,0.3205
181.5,9x9,3,product,minisat22,729,1944,8130,SAT,0.2463
181.5,9x9,3,product,mergesat3,729,1944,8130,SAT,0.3154
181.5,9x9,3,product,maplecm,729,1944,8130,SAT,5.6642
182.1,9x9,3,pairwise,cadical195,729,0,12014,SAT,0.0375
182.1,9x9,3,pairwise,glucose4,729,0,12014,SAT,0.3014
182.1,9x9,3,pairwise,minisat22,729,0,12014,SAT,0.2192
182.1,9x9,3,pairwise,mergesat3,729,0,12014,SAT,0.3014
182.1,9x9,3,pairwise,maplecm,729,0,12014,SAT,1.6015
182.2,9x9,3,bitwise,cadical195,729,1296,12014,SAT,0.0606
182.2,9x9,3,bitwise,glucose4,729,1296,12014,SAT,0.3775
182.2,9x9,3,bitwise,minisat22,729,1296,12014,SAT,0.3168
182.2,9x9,3,bitwise,mergesat3,729,1296,12014,SAT,0.4187
182.2,9x9,3,bitwise,maplecm,729,1296,12014,SAT,4.2242
182.3,9x9,3,commander,cadical195,729,1296,9422,SAT,0.0835
182.3,9x9,3,commander,glucose4,729,1296,9422,SAT,0.4135
182.3,9x9,3,commander,minisat22,729,1296,9422,SAT,0.3215
182.3,9x9,3,commander,mergesat3,729,1296,9422,SAT,0.481
182.3,9x9,3,commander,maplecm,729,1296,9422,SAT,5.3223
182.4,9x9,3,sequential,cadical195,729,2592,7802,SAT,0.0912
182.4,9x9,3,sequential,glucose4,729,2592,7802,SAT,0.3292
182.4,9x9,3,sequential,minisat22,729,2592,7802,SAT,0.4123
182.4,9x9,3,sequential,mergesat3,729,2592,7802,SAT,0.4596
182.4,9x9,3,sequential,maplecm,729,2592,7802,SAT,5.4547
182.5,9x9,3,product,cadical195,729,1944,8126,SAT,0.0768
182.5,9x9,3,product,glucose4,729,1944,8126,SAT,0.2942
182.5,9x9,3,product,minisat22,729,1944,8126,SAT,0.2523
182.5,9x9,3,product,mergesat3,729,1944,8126,SAT,0.3192
182.5,9x9,3,product,maplecm,729,1944,8126,SAT,3.9714
183.1,9x9,3,pairwise,cadical195,729,0,12002,SAT,0.1801
183.1,9x9,3,pairwise,glucose4,729,0,12002,SAT,0.3402
183.1,9x9,3,pairwise,minisat22,729,0,12002,SAT,0.2734
183.1,9x9,3,pairwise,mergesat3,729,0,12002,SAT,0.3854
183.1,9x9,3,pairwise,maplecm,729,0,12002,SAT,2.663
183.2,9x9,3,bitwise,cadical195,729,1296,12002,SAT,0.2024
183.2,9x9,3,bitwise,glucose4,729,1296,12002,SAT,0.3958
183.2,9x9,3,bitwise,minisat22,729,1296,12002,SAT,0.3523
183.2,9x9,3,bitwise,mergesat3,729,1296,12002,SAT,0.4371
183.2,9x9,3,bitwise,maplecm,729,1296,12002,SAT,4.7358
183.3,9x9,3,commander,cadical195,729,1296,9410,SAT,0.3456
183.3,9x9,3,commander,glucose4,729,1296,9410,SAT,0.5264
183.3,9x9,3,commander,minisat22,729,1296,9410,SAT,0.5148
183.3,9x9,3,commander,mergesat3,729,1296,9410,SAT,0.6835
183.3,9x9,3,commander,maplecm,729,1296,9410,SAT,6.4717
183.4,9x9,3,sequential,cadical195,729,2592,7790,SAT,0.2618
183.4,9x9,3,sequential,glucose4,729,2592,7790,SAT,0.4478
183.4,9x9,3,sequential,minisat22,729,2592,7790,SAT,0.4282
183.4,9x9,3,sequential,mergesat3,729,2592,7790,SAT,0.5452
183.4,9x9,3,sequential,maplecm,729,2592,7790,SAT,5.0505
183.5,9x9,3,product,cadical195,729,1944,8114,SAT,0.2131
183.5,9x9,3,product,glucose4,729,1944,8114,SAT,0.3822
183.5,9x9,3,product,minisat22,729,1944,8114,SAT,0.3429
183.5,9x9,3,product,mergesat3,729,1944,8114,SAT,0.4375
183.5,9x9,3,product,maplecm,729,1944,8114,SAT,3.6045
184.1,9x9,3,pairwise,cadical195,729,0,12005,SAT,0.1305
184.1,9x9,3,pairwise,glucose4,729,0,12005,SAT,0.3352
184.1,9x9,3,pairwise,minisat22,729,0,12005,SAT,0.2625
184.1,9x9,3,pairwise,mergesat3,729,0,12005,SAT,0.355
184.1,9x9,3,pairwise,maplecm,729,0,12005,SAT,2.2801
184.2,9x9,3,bitwise,cadical195,729,1296,12005,SAT,0.2229
184.2,9x9,3,bitwise,glucose4,729,1296,12005,SAT,0.3814
184.2,9x9,3,bitwise,minisat22,729,1296,12005,SAT,0.3507
184.2,9x9,3,bitwise,mergesat3,729,1296,12005,SAT,0.4217
184.2,9x9,3,bitwise,maplecm,729,1296,12005,SAT,4.5191
184.3,9x9,3,commander,cadical195,729,1296,9413,SAT,0.3021
184.3,9x9,3,commander,glucose4,729,1296,9413,SAT,0.4876
184.3,9x9,3,commander,minisat22,729,1296,9413,SAT,0.4042
184.3,9x9,3,commander,mergesat3,729,1296,9413,SAT,0.6027
184.3,9x9,3,commander,maplecm,729,1296,9413,SAT,6.6309
184.4,9x9,3,sequential,cadical195,729,2592,7793,SAT,0.2709
184.4,9x9,3,sequential,glucose4,729,2592,7793,SAT,0.4125
184.4,9x9,3,sequential,minisat22,729,2592,7793,SAT,0.3893
184.4,9x9,3,sequential,mergesat3,729,2592,7793,SAT,0.513
184.4,9x9,3,sequential,maplecm,729,2592,7793,SAT,5.1148
184.5,9x9,3,product,cadical195,729,1944,8117,SAT,0.2308
184.5,9x9,3,product,glucose4,729,1944,8117,SAT,0.3441
184.5,9x9,3,product,minisat22,729,1944,8117,SAT,0.3117
184.5,9x9,3,product,mergesat3,729,1944,8117,SAT,0.4757
184.5,9x9,3,product,maplecm,729,1944,8117,SAT,3.699
185.1,9x9,3,pairwise,cadical195,729,0,12008,SAT,0.0554
185.1,9x9,3,pairwise,glucose4,729,0,12008,SAT,0.3454
185.1,9x9,3,pairwise,minisat22,729,0,12008,SAT,0.2489
185.1,9x9,3,pairwise,mergesat3,729,0,12008,SAT,0.3615
185.1,9x9,3,pairwise,maplecm,729,0,12008,SAT,2.0116
185.2,9x9,3,bitwise,cadical195,729,1296,12008,SAT,0.0822
185.2,9x9,3,bitwise,glucose4,729,1296,12008,SAT,0.4117
185.2,9x9,3,bitwise,minisat22,729,1296,12008,SAT,0.3058
185.2,9x9,3,bitwise,mergesat3,729,1296,12008,SAT,0.4114
185.2,9x9,3,bitwise,maplecm,729,1296,12008,SAT,3.8163
185.3,9x9,3,commander,cadical195,729,1296,9416,SAT,0.1169
185.3,9x9,3,commander,glucose4,729,1296,9416,SAT,0.5028
185.3,9x9,3,commander,minisat22,729,1296,9416,SAT,0.424
185.3,9x9,3,commander,mergesat3,729,1296,9416,SAT,0.5531
185.3,9x9,3,commander,maplecm,729,1296,9416,SAT,4.9473
185.4,9x9,3,sequential,cadical195,729,2592,7796,SAT,0.1686
185.4,9x9,3,sequential,glucose4,729,2592,7796,SAT,0.4165
185.4,9x9,3,sequential,minisat22,729,2592,7796,SAT,0.3989
185.4,9x9,3,sequential,mergesat3,729,2592,7796,SAT,0.5161
185.4,9x9,3,sequential,maplecm,729,2592,7796,SAT,4.4138
185.5,9x9,3,product,cadical195,729,1944,8120,SAT,0.0976
185.5,9x9,3,product,glucose4,729,1944,8120,SAT,0.3049
185.5,9x9,3,product,minisat22,729,1944,8120,SAT,0.2745
185.5,9x9,3,product,mergesat3,729,1944,8120,SAT,0.3714
185.5,9x9,3,product,maplecm,729,1944,8120,SAT,3.0636
186.1,9x9,3,pairwise,cadical195,729,0,11999,SAT,0.1632
186.1,9x9,3,pairwise,glucose4,729,0,11999,SAT,0.3349
186.1,9x9,3,pairwise,minisat22,729,0,11999,SAT,0.2772
186.1,9x9,3,pairwise,mergesat3,729,0,11999,SAT,0.3514
186.1,9x9,3,pairwise,maplecm,729,0,11999,SAT,3.3701
186.2,9x9,3,bitwise,cadical195,729,1296,11999,SAT,0.3903
186.2,9x9,3,bitwise,glucose4,729,1296,11999,SAT,0.4386
186.2,9x9,3,bitwise,minisat22,729,1296,11999,SAT,0.3572
186.2,9x9,3,bitwise,mergesat3,729,1296,11999,SAT,0.4183
186.2,9x9,3,bitwise,maplecm,729,1296,11999,SAT,4.8243
186.3,9x9,3,commander,cadical195,729,1296,9407,SAT,0.3531
186.3,9x9,3,commander,glucose4,729,1296,9407,SAT,0.515
186.3,9x9,3,commander,minisat22,729,1296,9407,SAT,0.4555
186.3,9x9,3,commander,mergesat3,729,1296,9407,SAT,0.7133
186.3,9x9,3,commander,maplecm,729,1296,9407,SAT,6.5823
186.4,9x9,3,sequential,cadical195,729,2592,7787,SAT,0.4889
186.4,9x9,3,sequential,glucose4,729,2592,7787,SAT,0.4632
186.4,9x9,3,sequential,minisat22,729,2592,7787,SAT,0.504
186.4,9x9,3,sequential,mergesat3,729,2592,7787,SAT,0.5533
186.4,9x9,3,sequential,maplecm,729,2592,7787,SAT,5.8449
186.5,9x9,3,product,cadical195,729,1944,8111,SAT,0.2496
186.5,9x9,3,product,glucose4,729,1944,8111,SAT,0.3533
186.5,9x9,3,product,minisat22,729,1944,8111,SAT,0.2844
186.5,9x9,3,product,mergesat3,729,1944,8111,SAT,0.4234
186.5,9x9,3,product,maplecm,729,1944,8111,SAT,3.6297
187.1,9x9,3,pairwise,cadical195,729,0,12006,SAT,0.0972
187.1,9x9,3,pairwise,glucose4,729,0,12006,SAT,0.3359
187.1,9x9,3,pairwise,minisat22,729,0,12006,SAT,0.3131
187.1,9x9,3,pairwise,mergesat3,729,0,12006,SAT,0.3485
187.1,9x9,3,pairwise,maplecm,729,0,12006,SAT,2.2953
187.2,9x9,3,bitwise,cadical195,729,1296,12006,SAT,0.1869
187.2,9x9,3,bitwise,glucose4,729,1296,12006,SAT,0.3684
187.2,9x9,3,bitwise,minisat22,729,1296,12006,SAT,0.3257
187.2,9x9,3,bitwise,mergesat3,729,1296,12006,SAT,0.4123
187.2,9x9,3,bitwise,maplecm,729,1296,12006,SAT,4.5612
187.3,9x9,3,commander,cadical195,729,1296,9414,SAT,0.2645
187.3,9x9,3,commander,glucose4,729,1296,9414,SAT,0.5761
187.3,9x9,3,commander,minisat22,729,1296,9414,SAT,0.3491
187.3,9x9,3,commander,mergesat3,729,1296,9414,SAT,0.6421
187.3,9x9,3,commander,maplecm,729,1296,9414,SAT,6.303
187.4,9x9,3,sequential,cadical195,729,2592,7794,SAT,0.2351
187.4,9x9,3,sequential,glucose4,729,2592,7794,SAT,0.569
187.4,9x9,3,sequential,minisat22,729,2592,7794,SAT,0.3977
187.4,9x9,3,sequential,mergesat3,729,2592,7794,SAT,0.4529
187.4,9x9,3,sequential,maplecm,729,2592,7794,SAT,4.9177
187.5,9x9,3,product,cadical195,729,1944,8118,SAT,0.3246
187.5,9x9,3,product,glucose4,729,1944,8118,SAT,0.3575
187.5,9x9,3,product,minisat22,729,1944,8118,SAT,0.2955
187.5,9x9,3,product,mergesat3,729,1944,8118,SAT,0.4225
187.5,9x9,3,product,maplecm,729,1944,8118,SAT,3.6079
188.1,9x9,3,pairwise,cadical195,729,0,12020,SAT,0.0458
188.1,9x9,3,pairwise,glucose4,729,0,12020,SAT,0.2973
188.1,9x9,3,pairwise,minisat22,729,0,12020,SAT,0.2174
188.1,9x9,3,pairwise,mergesat3,729,0,12020,SAT,0.3054
188.1,9x9,3,pairwise,maplecm,729,0,12020,SAT,2.3233
188.2,9x9,3,bitwise,cadical195,729,1296,12020,SAT,0.0754
188.2,9x9,3,bitwise,glucose4,729,1296,12020,SAT,0.3623
188.2,9x9,3,bitwise,minisat22,729,1296,12020,SAT,0.3002
188.2,9x9,3,bitwise,mergesat3,729,1296,12020,SAT,0.4171
188.2,9x9,3,bitwise,maplecm,729,1296,12020,SAT,10.988
188.3,9x9,3,commander,cadical195,729,1296,9428,SAT,0.0741
188.3,9x9,3,commander,glucose4,729,1296,9428,SAT,0.3584
188.3,9x9,3,commander,minisat22,729,1296,9428,SAT,0.2809
188.3,9x9,3,commander,mergesat3,729,1296,9428,SAT,0.3612
188.3,9x9,3,commander,maplecm,729,1296,9428,SAT,11.1227
188.4,9x9,3,sequential,cadical195,729,2592,7808,SAT,0.0932
188.4,9x9,3,sequential,glucose4,729,2592,7808,SAT,0.3213
188.4,9x9,3,sequential,minisat22,729,2592,7808,SAT,0.2634
188.4,9x9,3,sequential,mergesat3,729,2592,7808,SAT,0.399
188.4,9x9,3,sequential,maplecm,729,2592,7808,SAT,16.9481
188.5,9x9,3,product,cadical195,729,1944,8132,SAT,0.0684
188.5,9x9,3,product,glucose4,729,1944,8132,SAT,0.3083
188.5,9x9,3,product,minisat22,729,1944,8132,SAT,0.2626
188.5,9x9,3,product,mergesat3,729,1944,8132,SAT,0.3281
188.5,9x9,3,product,maplecm,729,1944,8132,SAT,11.5007
189.1,9x9,3,pairwise,cadical195,729,0,12006,SAT,0.0569
189.1,9x9,3,pairwise,glucose4,729,0,12006,SAT,0.3212
189.1,9x9,3,pairwise,minisat22,729,0,12006,SAT,0.2493
189.1,9x9,3,pairwise,mergesat3,729,0,12006,SAT,0.3298
189.1,9x9,3,pairwise,maplecm,729,0,12006,SAT,2.0339
189.2,9x9,3,bitwise,cadical195,729,1296,12006,SAT,0.0828
189.2,9x9,3,bitwise,glucose4,729,1296,12006,SAT,0.3684
189.2,9x9,3,bitwise,minisat22,729,1296,12006,SAT,0.3089
189.2,9x9,3,bitwise,mergesat3,729,1296,12006,SAT,0.3843
189.2,9x9,3,bitwise,maplecm,729,1296,12006,SAT,3.8777
189.3,9x9,3,commander,cadical195,729,1296,9414,SAT,0.1284
189.3,9x9,3,commander,glucose4,729,1296,9414,SAT,0.4499
189.3,9x9,3,commander,minisat22,729,1296,9414,SAT,0.3795
189.3,9x9,3,commander,mergesat3,729,1296,9414,SAT,0.56
189.3,9x9,3,commander,maplecm,729,1296,9414,SAT,5.3855
189.4,9x9,3,sequential,cadical195,729,2592,7794,SAT,0.1218
189.4,9x9,3,sequential,glucose4,729,2592,7794,SAT,0.4588
189.4,9x9,3,sequential,minisat22,729,2592,7794,SAT,0.352
189.4,9x9,3,sequential,mergesat3,729,2592,7794,SAT,0.5007
189.4,9x9,3,sequential,maplecm,729,2592,7794,SAT,4.3187
189.5,9x9,3,product,cadical195,729,1944,8118,SAT,0.0966
189.5,9x9,3,product,glucose4,729,1944,8118,SAT,0.3278
189.5,9x9,3,product,minisat22,729,1944,8118,SAT,0.2722
189.5,9x9,3,product,mergesat3,729,1944,8118,SAT,0.3736
189.5,9x9,3,product,maplecm,729,1944,8118,SAT,3.1624
190.1,9x9,3,pairwise,cadical195,729,0,12009,SAT,0.0501
190.1,9x9,3,pairwise,glucose4,729,0,12009,SAT,0.3309
190.1,9x9,3,pairwise,minisat22,729,0,12009,SAT,0.2371
190.1,9x9,3,pairwise,mergesat3,729,0,12009,SAT,0.3178
190.1,9x9,3,pairwise,maplecm,729,0,12009,SAT,1.9043
190.2,9x9,3,bitwise,cadical195,729,1296,12009,SAT,0.0931
190.2,9x9,3,bitwise,glucose4,729,1296,12009,SAT,0.363
190.2,9x9,3,bitwise,minisat22,729,1296,12009,SAT,0.2986
190.2,9x9,3,bitwise,mergesat3,729,1296,12009,SAT,0.3777
190.2,9x9,3,bitwise,maplecm,729,1296,12009,SAT,4.4842
190.3,9x9,3,commander,cadical195,729,1296,9417,SAT,0.1114
190.3,9x9,3,commander,glucose4,729,1296,9417,SAT,0.432
190.3,9x9,3,commander,minisat22,729,1296,9417,SAT,0.3439
190.3,9x9,3,commander,mergesat3,729,1296,9417,SAT,0.4716
190.3,9x9,3,commander,maplecm,729,1296,9417,SAT,5.5507
190.4,9x9,3,sequential,cadical195,729,2592,7797,SAT,0.1145
190.4,9x9,3,sequential,glucose4,729,2592,7797,SAT,0.4037
190.4,9x9,3,sequential,minisat22,729,2592,7797,SAT,0.3534
190.4,9x9,3,sequential,mergesat3,729,2592,7797,SAT,0.458
190.4,9x9,3,sequential,maplecm,729,2592,7797,SAT,5.4419
190.5,9x9,3,product,cadical195,729,1944,8121,SAT,0.0909
190.5,9x9,3,product,glucose4,729,1944,8121,SAT,0.3018
190.5,9x9,3,product,minisat22,729,1944,8121,SAT,0.2624
190.5,9x9,3,product,mergesat3,729,1944,8121,SAT,0.3525
190.5,9x9,3,product,maplecm,729,1944,8121,SAT,3.9712
191.1,9x9,3,pairwise,cadical195,729,0,12001,SAT,0.1002
191.1,9x9,3,pairwise,glucose4,729,0,12001,SAT,0.3472
191.1,9x9,3,pairwise,minisat22,729,0,12001,SAT,0.2732
191.1,9x9,3,pairwise,mergesat3,729,0,12001,SAT,0.3504
191.1,9x9,3,pairwise,maplecm,729,0,12001,SAT,2.6138
191.2,9x9,3,bitwise,cadical195,729,1296,12001,SAT,0.1638
191.2,9x9,3,bitwise,glucose4,729,1296,12001,SAT,0.385
191.2,9x9,3,bitwise,minisat22,729,1296,12001,SAT,0.3348
191.2,9x9,3,bitwise,mergesat3,729,1296,12001,SAT,0.4653
191.2,9x9,3,bitwise,maplecm,729,1296,12001,SAT,4.5777
191.3,9x9,3,commander,cadical195,729,1296,9409,SAT,0.2236
191.3,9x9,3,commander,glucose4,729,1296,9409,SAT,0.5632
191.3,9x9,3,commander,minisat22,729,1296,9409,SAT,0.4761
191.3,9x9,3,commander,mergesat3,729,1296,9409,SAT,0.6161
191.3,9x9,3,commander,maplecm,729,1296,9409,SAT,6.266
191.4,9x9,3,sequential,cadical195,729,2592,7789,SAT,0.2253
191.4,9x9,3,sequential,glucose4,729,2592,7789,SAT,0.4508
191.4,9x9,3,sequential,minisat22,729,2592,7789,SAT,0.4399
191.4,9x9,3,sequential,mergesat3,729,2592,7789,SAT,0.5529
191.4,9x9,3,sequential,maplecm,729,2592,7789,SAT,5.1312
191.5,9x9,3,product,cadical195,729,1944,8113,SAT,0.1612
191.5,9x9,3,product,glucose4,729,1944,8113,SAT,0.376
191.5,9x9,3,product,minisat22,729,1944,8113,SAT,0.3618
191.5,9x9,3,product,mergesat3,729,1944,8113,SAT,0.4569
191.5,9x9,3,product,maplecm,729,1944,8113,SAT,3.7705
192.1,9x9,3,pairwise,cadical195,729,0,12006,SAT,0.0742
192.1,9x9,3,pairwise,glucose4,729,0,12006,SAT,0.3206
192.1,9x9,3,pairwise,minisat22,729,0,12006,SAT,0.2451
192.1,9x9,3,pairwise,mergesat3,729,0,12006,SAT,0.3355
192.1,9x9,3,pairwise,maplecm,729,0,12006,SAT,2.0872
192.2,9x9,3,bitwise,cadical195,729,1296,12006,SAT,0.115
192.2,9x9,3,bitwise,glucose4,729,1296,12006,SAT,0.371
192.2,9x9,3,bitwise,minisat22,729,1296,12006,SAT,0.3378
192.2,9x9,3,bitwise,mergesat3,729,1296,12006,SAT,0.4214
192.2,9x9,3,bitwise,maplecm,729,1296,12006,SAT,4.203
192.3,9x9,3,commander,cadical195,729,1296,9414,SAT,0.1646
192.3,9x9,3,commander,glucose4,729,1296,9414,SAT,0.5136
192.3,9x9,3,commander,minisat22,729,1296,9414,SAT,0.4713
192.3,9x9,3,commander,mergesat3,729,1296,9414,SAT,0.5623
192.3,9x9,3,commander,maplecm,729,1296,9414,SAT,5.7784
192.4,9x9,3,sequential,cadical195,729,2592,7794,SAT,0.1642
192.4,9x9,3,sequential,glucose4,729,2592,7794,SAT,0.3734
192.4,9x9,3,sequential,minisat22,729,2592,7794,SAT,0.3267
192.4,9x9,3,sequential,mergesat3,729,2592,7794,SAT,0.4519
192.4,9x9,3,sequential,maplecm,729,2592,7794,SAT,4.7814
192.5,9x9,3,product,cadical195,729,1944,8118,SAT,0.1312
192.5,9x9,3,product,glucose4,729,1944,8118,SAT,0.3332
192.5,9x9,3,product,minisat22,729,1944,8118,SAT,0.2795
192.5,9x9,3,product,mergesat3,729,1944,8118,SAT,0.4342
192.5,9x9,3,product,maplecm,729,1944,8118,SAT,3.799
193.1,9x9,3,pairwise,cadical195,729,0,12002,SAT,0.0894
193.1,9x9,3,pairwise,glucose4,729,0,12002,SAT,0.3483
193.1,9x9,3,pairwise,minisat22,729,0,12002,SAT,0.2752
193.1,9x9,3,pairwise,mergesat3,729,0,12002,SAT,0.3909
193.1,9x9,3,pairwise,maplecm,729,0,12002,SAT,2.5088
193.2,9x9,3,bitwise,cadical195,729,1296,12002,SAT,0.1239
193.2,9x9,3,bitwise,glucose4,729,1296,12002,SAT,0.4207
193.2,9x9,3,bitwise,minisat22,729,1296,12002,SAT,0.3211
193.2,9x9,3,bitwise,mergesat3,729,1296,12002,SAT,0.4391
193.2,9x9,3,bitwise,maplecm,729,1296,12002,SAT,4.4128
193.3,9x9,3,commander,cadical195,729,1296,9410,SAT,0.2133
193.3,9x9,3,commander,glucose4,729,1296,9410,SAT,0.5851
193.3,9x9,3,commander,minisat22,729,1296,9410,SAT,0.4428
193.3,9x9,3,commander,mergesat3,729,1296,9410,SAT,0.6341
193.3,9x9,3,commander,maplecm,729,1296,9410,SAT,6.16
193.4,9x9,3,sequential,cadical195,729,2592,7790,SAT,0.2009
193.4,9x9,3,sequential,glucose4,729,2592,7790,SAT,0.5032
193.4,9x9,3,sequential,minisat22,729,2592,7790,SAT,0.4089
193.4,9x9,3,sequential,mergesat3,729,2592,7790,SAT,0.5427
193.4,9x9,3,sequential,maplecm,729,2592,7790,SAT,5.0357
193.5,9x9,3,product,cadical195,729,1944,8114,SAT,0.1445
193.5,9x9,3,product,glucose4,729,1944,8114,SAT,0.4047
193.5,9x9,3,product,minisat22,729,1944,8114,SAT,0.3569
193.5,9x9,3,product,mergesat3,729,1944,8114,SAT,0.4273
193.5,9x9,3,product,maplecm,729,1944,8114,SAT,3.5264
194.1,9x9,3,pairwise,cadical195,729,0,12019,SAT,0.0283
194.1,9x9,3,pairwise,glucose4,729,0,12019,SAT,0.2598
194.1,9x9,3,pairwise,minisat22,729,0,12019,SAT,0.1704
194.1,9x9,3,pairwise,mergesat3,729,0,12019,SAT,0.2535
194.1,9x9,3,pairwise,maplecm,729,0,12019,SAT,1.0175
194.2,9x9,3,bitwise,cadical195,729,1296,12019,SAT,0.049
194.2,9x9,3,bitwise,glucose4,729,1296,12019,SAT,0.3098
194.2,9x9,3,bitwise,minisat22,729,1296,12019,SAT,0.2246
194.2,9x9,3,bitwise,mergesat3,729,1296,12019,SAT,0.31
194.2,9x9,3,bitwise,maplecm,729,1296,12019,SAT,3.3431
194.3,9x9,3,commander,cadical195,729,1296,9427,SAT,0.0558
194.3,9x9,3,commander,glucose4,729,1296,9427,SAT,0.307
194.3,9x9,3,commander,minisat22,729,1296,9427,SAT,0.2512
194.3,9x9,3,commander,mergesat3,729,1296,9427,SAT,0.331
194.3,9x9,3,commander,maplecm,729,1296,9427,SAT,3.826
194.4,9x9,3,sequential,cadical195,729,2592,7807,SAT,0.0638
194.4,9x9,3,sequential,glucose4,729,2592,7807,SAT,0.2839
194.4,9x9,3,sequential,minisat22,729,2592,7807,SAT,0.2374
194.4,9x9,3,sequential,mergesat3,729,2592,7807,SAT,0.3281
194.4,9x9,3,sequential,maplecm,729,2592,7807,SAT,4.3172
194.5,9x9,3,product,cadical195,729,1944,8131,SAT,0.0553
194.5,9x9,3,product,glucose4,729,1944,8131,SAT,0.2908
194.5,9x9,3,product,minisat22,729,1944,8131,SAT,0.2081
194.5,9x9,3,product,mergesat3,729,1944,8131,SAT,0.3233
194.5,9x9,3,product,maplecm,729,1944,8131,SAT,3.2391
195.1,9x9,3,pairwise,cadical195,729,0,12004,SAT,0.0685
195.1,9x9,3,pairwise,glucose4,729,0,12004,SAT,0.3453
195.1,9x9,3,pairwise,minisat22,729,0,12004,SAT,0.2711
195.1,9x9,3,pairwise,mergesat3,729,0,12004,SAT,0.3698
195.1,9x9,3,pairwise,maplecm,729,0,12004,SAT,2.3569
195.2,9x9,3,bitwise,cadical195,729,1296,12004,SAT,0.1034
195.2,9x9,3,bitwise,glucose4,729,1296,12004,SAT,0.3803
195.2,9x9,3,bitwise,minisat22,729,1296,12004,SAT,0.3328
195.2,9x9,3,bitwise,mergesat3,729,1296,12004,SAT,0.4637
195.2,9x9,3,bitwise,maplecm,729,1296,12004,SAT,4.3249
195.3,9x9,3,commander,cadical195,729,1296,9412,SAT,0.1548
195.3,9x9,3,commander,glucose4,729,1296,9412,SAT,0.5468
195.3,9x9,3,commander,minisat22,729,1296,9412,SAT,0.416
195.3,9x9,3,commander,mergesat3,729,1296,9412,SAT,0.5857
195.3,9x9,3,commander,maplecm,729,1296,9412,SAT,6.1107
195.4,9x9,3,sequential,cadical195,729,2592,7792,SAT,0.1375
195.4,9x9,3,sequential,glucose4,729,2592,7792,SAT,0.406
195.4,9x9,3,sequential,minisat22,729,2592,7792,SAT,0.3396
195.4,9x9,3,sequential,mergesat3,729,2592,7792,SAT,0.529
195.4,9x9,3,sequential,maplecm,729,2592,7792,SAT,4.9397
195.5,9x9,3,product,cadical195,729,1944,8116,SAT,0.1127
195.5,9x9,3,product,glucose4,729,1944,8116,SAT,0.3742
195.5,9x9,3,product,minisat22,729,1944,8116,SAT,0.2718
195.5,9x9,3,product,mergesat3,729,1944,8116,SAT,0.3576
195.5,9x9,3,product,maplecm,729,1944,8116,SAT,3.5009
196.1,9x9,3,pairwise,cadical195,729,0,12015,SAT,0.0884
196.1,9x9,3,pairwise,glucose4,729,0,12015,SAT,0.2818
196.1,9x9,3,pairwise,minisat22,729,0,12015,SAT,0.2034
196.1,9x9,3,pairwise,mergesat3,729,0,12015,SAT,0.2994
196.1,9x9,3,pairwise,maplecm,729,0,12015,SAT,0.9672
196.2,9x9,3,bitwise,cadical195,729,1296,12015,SAT,0.1473
196.2,9x9,3,bitwise,glucose4,729,1296,12015,SAT,0.3297
196.2,9x9,3,bitwise,minisat22,729,1296,12015,SAT,0.2714
196.2,9x9,3,bitwise,mergesat3,729,1296,12015,SAT,0.345
196.2,9x9,3,bitwise,maplecm,729,1296,12015,SAT,4.9553
196.3,9x9,3,commander,cadical195,729,1296,9423,SAT,0.1843
196.3,9x9,3,commander,glucose4,729,1296,9423,SAT,0.3792
196.3,9x9,3,commander,minisat22,729,1296,9423,SAT,0.2835
196.3,9x9,3,commander,mergesat3,729,1296,9423,SAT,0.4034
196.3,9x9,3,commander,maplecm,729,1296,9423,SAT,4.7462
196.4,9x9,3,sequential,cadical195,729,2592,7803,SAT,0.1333
196.4,9x9,3,sequential,glucose4,729,2592,7803,SAT,0.3106
196.4,9x9,3,sequential,minisat22,729,2592,7803,SAT,0.2771
196.4,9x9,3,sequential,mergesat3,729,2592,7803,SAT,0.3627
196.4,9x9,3,sequential,maplecm,729,2592,7803,SAT,8.0044
196.5,9x9,3,product,cadical195,729,1944,8127,SAT,0.1927
196.5,9x9,3,product,glucose4,729,1944,8127,SAT,0.3033
196.5,9x9,3,product,minisat22,729,1944,8127,SAT,0.2669
196.5,9x9,3,product,mergesat3,729,1944,8127,SAT,0.3307
196.5,9x9,3,product,maplecm,729,1944,8127,SAT,5.0821
197.1,9x9,3,pairwise,cadical195,729,0,12017,SAT,0.0344
197.1,9x9,3,pairwise,glucose4,729,0,12017,SAT,0.2765
197.1,9x9,3,pairwise,minisat22,729,0,12017,SAT,0.2774
197.1,9x9,3,pairwise,mergesat3,729,0,12017,SAT,0.2651
197.1,9x9,3,pairwise,maplecm,729,0,12017,SAT,0.4011
197.2,9x9,3,bitwise,cadical195,729,1296,12017,SAT,0.0555
197.2,9x9,3,bitwise,glucose4,729,1296,12017,SAT,0.3024
197.2,9x9,3,bitwise,minisat22,729,1296,12017,SAT,0.2358
197.2,9x9,3,bitwise,mergesat3,729,1296,12017,SAT,0.3173
197.2,9x9,3,bitwise,maplecm,729,1296,12017,SAT,1.1514
197.3,9x9,3,commander,cadical195,729,1296,9425,SAT,0.0699
197.3,9x9,3,commander,glucose4,729,1296,9425,SAT,0.3344
197.3,9x9,3,commander,minisat22,729,1296,9425,SAT,0.2556
197.3,9x9,3,commander,mergesat3,729,1296,9425,SAT,0.3396
197.3,9x9,3,commander,maplecm,729,1296,9425,SAT,0.9612
197.4,9x9,3,sequential,cadical195,729,2592,7805,SAT,0.0837
197.4,9x9,3,sequential,glucose4,729,2592,7805,SAT,0.2913
197.4,9x9,3,sequential,minisat22,729,2592,7805,SAT,0.2712
197.4,9x9,3,sequential,mergesat3,729,2592,7805,SAT,0.3574
197.4,9x9,3,sequential,maplecm,729,2592,7805,SAT,1.7527
197.5,9x9,3,product,cadical195,729,1944,8129,SAT,0.0664
197.5,9x9,3,product,glucose4,729,1944,8129,SAT,0.286
197.5,9x9,3,product,minisat22,729,1944,8129,SAT,0.2561
197.5,9x9,3,product,mergesat3,729,1944,8129,SAT,0.305
197.5,9x9,3,product,maplecm,729,1944,8129,SAT,1.1158
198.1,9x9,3,pairwise,cadical195,729,0,12002,SAT,0.0769
198.1,9x9,3,pairwise,glucose4,729,0,12002,SAT,0.3356
198.1,9x9,3,pairwise,minisat22,729,0,12002,SAT,0.2735
198.1,9x9,3,pairwise,mergesat3,729,0,12002,SAT,0.3689
198.1,9x9,3,pairwise,maplecm,729,0,12002,SAT,2.566
198.2,9x9,3,bitwise,cadical195,729,1296,12002,SAT,0.2115
198.2,9x9,3,bitwise,glucose4,729,1296,12002,SAT,0.3907
198.2,9x9,3,bitwise,minisat22,729,1296,12002,SAT,0.3279
198.2,9x9,3,bitwise,mergesat3,729,1296,12002,SAT,0.4122
198.2,9x9,3,bitwise,maplecm,729,1296,12002,SAT,4.1778
198.3,9x9,3,commander,cadical195,729,1296,9410,SAT,0.3969
198.3,9x9,3,commander,glucose4,729,1296,9410,SAT,0.5423
198.3,9x9,3,commander,minisat22,729,1296,9410,SAT,0.4641
198.3,9x9,3,commander,mergesat3,729,1296,9410,SAT,0.6338
198.3,9x9,3,commander,maplecm,729,1296,9410,SAT,5.9066
198.4,9x9,3,sequential,cadical195,729,2592,7790,SAT,0.3324
198.4,9x9,3,sequential,glucose4,729,2592,7790,SAT,0.4967
198.4,9x9,3,sequential,minisat22,729,2592,7790,SAT,0.3883
198.4,9x9,3,sequential,mergesat3,729,2592,7790,SAT,0.5964
198.4,9x9,3,sequential,maplecm,729,2592,7790,SAT,4.6608
198.5,9x9,3,product,cadical195,729,1944,8114,SAT,0.2263
198.5,9x9,3,product,glucose4,729,1944,8114,SAT,0.3496
198.5,9x9,3,product,minisat22,729,1944,8114,SAT,0.3189
198.5,9x9,3,product,mergesat3,729,1944,8114,SAT,0.4605
198.5,9x9,3,product,maplecm,729,1944,8114,SAT,3.2259
199.1,9x9,3,pairwise,cadical195,729,0,12001,SAT,0.0853
199.1,9x9,3,pairwise,glucose4,729,0,12001,SAT,0.3197
199.1,9x9,3,pairwise,minisat22,729,0,12001,SAT,0.2549
199.1,9x9,3,pairwise,mergesat3,729,0,12001,SAT,0.3258
199.1,9x9,3,pairwise,maplecm,729,0,12001,SAT,2.6293
199.2,9x9,3,bitwise,cadical195,729,1296,12001,SAT,0.2693
199.2,9x9,3,bitwise,glucose4,729,1296,12001,SAT,0.3782
199.2,9x9,3,bitwise,minisat22,729,1296,12001,SAT,0.3117
199.2,9x9,3,bitwise,mergesat3,729,1296,12001,SAT,0.4089
199.2,9x9,3,bitwise,maplecm,729,1296,12001,SAT,4.7179
199.3,9x9,3,commander,cadical195,729,1296,9409,SAT,0.3449
199.3,9x9,3,commander,glucose4,729,1296,9409,SAT,0.4999
199.3,9x9,3,commander,minisat22,729,1296,9409,SAT,0.4138
199.3,9x9,3,commander,mergesat3,729,1296,9409,SAT,0.7047
199.3,9x9,3,commander,maplecm,729,1296,9409,SAT,6.2566
199.4,9x9,3,sequential,cadical195,729,2592,7789,SAT,0.2054
199.4,9x9,3,sequential,glucose4,729,2592,7789,SAT,0.5665
199.4,9x9,3,sequential,minisat22,729,2592,7789,SAT,0.4583
199.4,9x9,3,sequential,mergesat3,729,2592,7789,SAT,0.6523
199.4,9x9,3,sequential,maplecm,729,2592,7789,SAT,5.2117
199.5,9x9,3,product,cadical195,729,1944,8113,SAT,0.3405
199.5,9x9,3,product,glucose4,729,1944,8113,SAT,0.3983
199.5,9x9,3,product,minisat22,729,1944,8113,SAT,0.3697
199.5,9x9,3,product,mergesat3,729,1944,8113,SAT,0.4105
199.5,9x9,3,product,maplecm,729,1944,8113,SAT,3.5341
200.1,9x9,3,pairwise,cadical195,729,0,11997,SAT,0.1119
200.1,9x9,3,pairwise,glucose4,729,0,11997,SAT,0.333
200.1,9x9,3,pairwise,minisat22,729,0,11997,SAT,0.2741
200.1,9x9,3,pairwise,mergesat3,729,0,11997,SAT,0.3443
200.1,9x9,3,pairwise,maplecm,729,0,11997,SAT,3.0859
200.2,9x9,3,bitwise,cadical195,729,1296,11997,SAT,0.1141
200.2,9x9,3,bitwise,glucose4,729,1296,11997,SAT,0.4459
200.2,9x9,3,bitwise,minisat22,729,1296,11997,SAT,0.3853
200.2,9x9,3,bitwise,mergesat3,729,1296,11997,SAT,0.4497
200.2,9x9,3,bitwise,maplecm,729,1296,11997,SAT,5.0541
200.3,9x9,3,commander,cadical195,729,1296,9405,SAT,0.1865
200.3,9x9,3,commander,glucose4,729,1296,9405,SAT,0.6973
200.3,9x9,3,commander,minisat22,729,1296,9405,SAT,0.5754
200.3,9x9,3,commander,mergesat3,729,1296,9405,SAT,0.7832
200.3,9x9,3,commander,maplecm,729,1296,9405,SAT,7.0011
200.4,9x9,3,sequential,cadical195,729,2592,7785,SAT,0.1639
200.4,9x9,3,sequential,glucose4,729,2592,7785,SAT,0.5264
200.4,9x9,3,sequential,minisat22,729,2592,7785,SAT,0.5731
200.4,9x9,3,sequential,mergesat3,729,2592,7785,SAT,0.714
200.4,9x9,3,sequential,maplecm,729,2592,7785,SAT,5.6563
200.5,9x9,3,product,cadical195,729,1944,8109,SAT,0.1329
200.5,9x9,3,product,glucose4,729,1944,8109,SAT,0.3807
200.5,9x9,3,product,minisat22,729,1944,8109,SAT,0.3484
200.5,9x9,3,product,mergesat3,729,1944,8109,SAT,0.48
200.5,9x9,3,product,maplecm,729,1944,8109,SAT,3.7696
